project_id,paimana_code,ocms_code,project_name,implementing_agency,ministry,sector,state,approval_date,start_date,original_completion,revised_completion,actual_completion,original_cost_cr,revised_cost_cr,cumulative_expenditure_cr,physical_progress_pct,status,report_month
PM-400005,400005,,Transmission Network Expansion in Gujarat to increase its ATC from ISTS Part B,Power Grid Corporation of India Limited [POWERGRID],Ministry of Power,Transmission & Distribution,"Multi-States (Dadra & Nagar Haveli and Daman & Diu, Gujarat, Maharashtra)",2022-01,2022-07,2023-06,2025-12,,4546.26,4546.26,4318.95,94.0,Ongoing,2025-11
PM-400010,400010,,"Construction of Terminal Building & Associated works at Leh Airport, Ladakh",Airport Authority of India [AAI],Ministry of Civil Aviation,Aviation & Aviation Infrastructure,Ladakh,2018-07,2018-09,2021-09,2026-07,,480.0,640.0,483.12,78.0,Ongoing,2025-11
PM-400012,400012,,Kandla Gorakhpur LPG Pipeline,Ministry of Petroleum & Natural Gas,Ministry of Petroleum & Natural Gas,Energy Storage,"Multi-States (Gujarat, Madhya Pradesh, Uttar Pradesh)",2018-12,2018-12,2021-12,2025-12,,10088.0,10088.0,8135.69,93.0,Ongoing,2025-11
PM-400013,400013,,Saturation 4G mobile coverage of Uncovered Villages through USOF,Department of Telecommunications [DoT],Department of Telecommunications,Telecommunication,PAN India,2022-07,2022-07,2024-06,2026-03,,26316.0,30620.0,9791.8,78.0,Ongoing,2025-11
PM-400018,400018,,HURA C OCP,ECL - CIL,Ministry of Coal,Coal,Jharkhand,2022-08,2022-08,2029-03,2029-03,,859.41,859.41,451.93,62.0,Ongoing,2025-11
PM-400019,400019,,DHULE [BORVIHIR] - NARDANA NEW LINE [50.60 KMS],Central Railway,Ministry of Railways,Railways,Maharashtra,2019-01,2023-04,2026-12,2027-09,,492.76,1170.83,288.08,17.0,Ongoing,2025-11
PM-400022,400022,,Taranga Hill-Abu Road via Ambaji,North Western Railway [NWR],Ministry of Railways,Railways,"Multi-States (Gujarat, Rajasthan)",2022-07,2022-07,2030-07,2030-07,,2798.0,2798.0,2037.04,17.0,Ongoing,2025-11
PM-400023,400023,,Construction of New BG line between Hassan to Belur [27 Km],South Western Railway [SWR] - II,Ministry of Railways,Railways,Karnataka,2019-03,2025-12,2028-04,2027-04,,749.0,749.0,0.0,0.0,Ongoing,2025-11
PM-400033,400033,,BHATADI EXPANSION OC,Western Coalfields Limited [WCL],Ministry of Coal,Coal,Maharashtra,2020-02,2022-05,2028-03,2028-03,,580.61,580.61,80.95,31.0,Ongoing,2025-11
PM-400035,400035,,"Grass Root Rail-fed Depot at Sekerkote, Agartala as resitement of existing Dharmanagar Depot",Indian Oil Corporation Limited [IOCL],Ministry of Petroleum & Natural Gas,Energy Storage,Tripura,2022-06,2022-06,2025-09,2026-06,,656.0,656.0,519.02,90.0,Ongoing,2025-11
PM-400043,400043,,Laying of POL Pipelines in Common Corridor for proposed grass root terminal at Vallur [Chennai],Ministry of Petroleum & Natural Gas,Ministry of Petroleum & Natural Gas,Energy Storage,Tamil Nadu,2022-01,2022-01,2026-05,2026-05,,829.0,829.0,338.15,67.0,Ongoing,2025-11
PM-400045,400045,,Proposed 6 nos Road Over Bridge [ROB] at different locations under MCL Talcher Under Deposit Scheme.,East Coast Railway [ECoR] - II,Ministry of Railways,Railways,Odisha,2022-08,2022-07,2025-03,2025-01,,168.32,168.32,69.85,82.0,Ongoing,2025-11
PM-400062,400062,,"Raghunathpur Thermal Power Station Phase II [2X660 MW] at Raghunathpur, Purulia, West Bengal",Damodar Valley Corporation,Ministry of Power,Electricity Generation,West Bengal,2023-01,2025-02,2029-06,2029-06,,17673.0,17673.0,1458.01,2.0,Ongoing,2025-11
PM-400065,400065,,Installation of 4th Slab Caster along with its Auxiliaries and a New Ladle Furnace in SMS-II at Rourkela Steel Plant,Steel Authority of India Limited [SAIL],Ministry of Steel,Steel,Odisha,2022-01,2022-02,2025-05,2025-09,,1105.23,1105.23,790.11,100.0,Ongoing,2025-11
PM-400073,400073,,KONAR EXPANSION OCP,Ministry of Coal,Ministry of Coal,Coal,Jharkhand,2022-01,2022-01,2032-03,2032-03,,799.34,799.34,429.65,45.0,Ongoing,2025-11
PM-400074,400074,,KARO EXPANSION OCP,Ministry of Coal,Ministry of Coal,Coal,Jharkhand,2022-01,2022-01,2029-03,2029-03,,908.47,908.47,269.26,22.0,Ongoing,2025-11
PM-400077,400077,,"Grass root POL Terminal at Vallur, Chennai",Indian Oil Corporation Limited [IOCL],Ministry of Petroleum & Natural Gas,Energy Storage,Tamil Nadu,2022-01,2022-01,2024-12,2026-03,,827.0,887.71,649.51,90.0,Ongoing,2025-11
PM-400078,400078,,New Mundra Panipat Crude Oil Pipeline,Ministry of Petroleum & Natural Gas,Ministry of Petroleum & Natural Gas,Energy Storage,"Multi-States (Gujarat, Haryana, Rajasthan)",2021-12,2021-12,2024-12,2026-06,,9028.0,9028.0,7357.45,86.0,Ongoing,2025-11
PM-400081,400081,,"National Sports University [NSU], Imphal [Manipur]",Department of Sports & Youth Affairs,Department of Sports,Education,Manipur,,2022-01,2024-08,2025-11,,906.47,611.74,559.27,95.0,Ongoing,2025-11
PM-400087,400087,,Redevelopment of Sobhasan Complex,Oil and Natural Gas Corporation Limited [ONGC],Ministry of Petroleum & Natural Gas,Oil & Gas,Gujarat,2021-08,2021-08,2026-02,2026-02,,885.63,1286.67,876.84,80.0,Ongoing,2025-11
PM-400093,400093,,Saryu Nahar CADWM Project,Irrigation & Water Resources-UP,"Department of Water Resources, River Development & GR",Water Resources,Uttar Pradesh,2017-04,2017-04,2019-12,2026-03,,1672.7,1672.7,22.24,1.0,Ongoing,2025-11
PM-400095,400095,,Gosikhurd CADWM Project,Department of water resources-MH - II,"Department of Water Resources, River Development & GR",Water Resources,Maharashtra,2017-04,2017-04,2019-12,2026-06,,743.73,743.73,365.86,52.0,Ongoing,2025-11
PM-400096,400096,,Omkareshwar CADWM Project,Water resource-mp,"Department of Water Resources, River Development & GR",Water Resources,Madhya Pradesh,2017-04,2017-04,2019-12,2026-03,,648.09,648.09,203.06,49.0,Ongoing,2025-11
PM-400097,400097,,Sardar Sarovar CADWM Project,"Narmada and Water Resources, Water Supply and Kalpsar Department-GJ","Department of Water Resources, River Development & GR",Water Resources,Gujarat,2017-04,2017-04,2019-12,2026-03,,5021.76,6670.31,4957.08,90.0,Ongoing,2025-11
PM-400100,400100,,Sardar Gouthu Latchanna Thotapalli Barrage Project,Water Resources-AP,"Department of Water Resources, River Development & GR",Water Resources,Andhra Pradesh,2005-04,2006-01,2019-12,2026-06,,353.05,1023.24,869.11,95.0,Ongoing,2025-11
PM-400101,400101,,Gundlakamma project,Water Resources-AP,"Department of Water Resources, River Development & GR",Water Resources,Andhra Pradesh,2005-04,2005-04,2019-12,2027-03,,397.41,697.39,619.09,98.0,Ongoing,2025-11
PM-400102,400102,,Sri Ram Sagar Project Stage - II,Irrigation and CAD-TG,"Department of Water Resources, River Development & GR",Water Resources,Telangana,2005-04,2005-04,2019-12,2026-03,,736.13,949.87,940.7,96.0,Ongoing,2025-11
PM-400103,400103,,Indiramma Flood Flow Canal Project,Irrigation and CAD-TG,"Department of Water Resources, River Development & GR",Water Resources,Telangana,2005-04,2006-01,2019-12,2026-12,,1331.3,5940.09,4491.08,92.0,Ongoing,2025-11
PM-400104,400104,,Punpun Barrage Project,Water Resources-BR,"Department of Water Resources, River Development & GR",Water Resources,Bihar,2007-04,2007-04,2019-12,2026-03,,571.07,658.12,447.68,44.0,Ongoing,2025-11
PM-400105,400105,,Urmodi Irrigation Project,Department of water resources-MH - II,"Department of Water Resources, River Development & GR",Water Resources,Maharashtra,2017-04,2018-04,2022-06,2026-12,,580.79,895.81,713.46,76.0,Ongoing,2025-11
PM-400107,400107,,Sulwade-Jamphal-Kanoli Lift Irrigation Scheme,Department of water resources-MH - II,"Department of Water Resources, River Development & GR",Water Resources,Maharashtra,2017-04,2019-02,2023-06,2027-06,,2407.67,2407.67,2579.27,80.0,Ongoing,2025-11
PM-400109,400109,,Purna Barrage-2 [Ner Dhamana] Medium Irrigation Project,Department of water resources-MH - II,"Department of Water Resources, River Development & GR",Water Resources,Maharashtra,2017-04,2018-04,2020-06,2026-06,,848.07,888.43,690.49,69.0,Ongoing,2025-11
PM-400111,400111,,Kelo Irrigation Project,Water Resources-CT,"Department of Water Resources, River Development & GR",Water Resources,Chhattisgarh,2008-04,2008-04,2019-12,2026-06,,459.97,727.04,616.93,72.0,Ongoing,2025-11
PM-400112,400112,,Jigaon Irrigation Project,Department of water resources-MH - II,"Department of Water Resources, River Development & GR",Water Resources,Maharashtra,2017-04,2018-04,2028-06,2028-06,,7222.95,7222.95,9035.2,90.0,Ongoing,2025-11
PM-400115,400115,,Bargi Diversion Project Phase - IV [km. 154 to km 197],Water Resources-MP,"Department of Water Resources, River Development & GR",Water Resources,Madhya Pradesh,2008-04,2009-01,2019-12,2026-03,,751.03,893.35,783.1,75.0,Ongoing,2025-11
PM-400116,400116,,Bargi Diversion Project Phase - III [km. 104 to km 154],Water Resources-MP,"Department of Water Resources, River Development & GR",Water Resources,Madhya Pradesh,2007-04,2007-04,2019-12,2026-03,,1229.15,1399.7,1937.25,80.0,Ongoing,2025-11
PM-400119,400119,,Life Extension of 48 well platforms of Mumbai High & Heera Fields,Oil and Natural Gas Corporation Limited [ONGC],Ministry of Petroleum & Natural Gas,Oil & Gas,Offshore,2015-12,2015-12,2018-04,2026-03,,3190.69,3375.9,3122.39,90.0,Ongoing,2025-11
PM-400120,400120,,KG-DWN-98/2 Cluster - II Development Project - NELP Block,Oil and Natural Gas Corporation Limited [ONGC],Ministry of Petroleum & Natural Gas,Oil & Gas,Andhra Pradesh,2016-03,2016-03,2020-06,2026-06,,34012.0,34012.0,32250.0,96.0,Ongoing,2025-11
PM-400121,400121,,"Construction of Screening Plant-II for Donimalai and Kumaraswamy Iron Ore Mining Complex of NMDC Limited at Ballari Dt, Karnataka.",National Mineral Development Corporation Limited [NMDC],Ministry of Steel,Steel,Karnataka,2014-11,2024-06,2026-08,2026-08,,1043.63,1043.63,320.8,40.0,Ongoing,2025-11
PM-400136,400136,,SANGHMITRA OC,Ministry of Coal,Ministry of Coal,Coal,Jharkhand,2024-03,2024-03,2032-03,2032-03,,2660.0,2660.0,6.59,11.0,Ongoing,2025-11
PM-400138,400138,,CHANDRAGUPT OCP,Ministry of Coal,Ministry of Coal,Coal,Jharkhand,2020-08,2020-08,2032-03,2032-03,,973.5,973.5,440.75,24.0,Ongoing,2025-11
PM-400139,400139,,KOTRE BASANTPUR PACHMO OCP,Ministry of Coal,Ministry of Coal,Coal,Jharkhand,2020-08,2020-08,2032-03,2032-03,,861.06,625.4,455.95,42.0,Ongoing,2025-11
PM-400141,400141,,Expansion of Alumina Refinery Plant with addition of 5th Stream having capacity enhancement of 1.0 Million Tonee Per Annum,National Aluminium Company Limited [NALCO],Ministry of Mines,Metals & Mining,Odisha,2017-04,2017-04,2022-12,2025-09,,4103.0,5677.4,4310.44,79.0,Ongoing,2025-11
PM-400142,400142,,Pachwara South Coal Block,NLC India Limited [NLCIL],Ministry of Coal,Coal,Jharkhand,2016-03,2019-11,2028-09,2028-09,,2242.9,2242.9,1231.67,74.0,Ongoing,2025-11
PM-400144,400144,,PORDA CHIMTAPANI OCP [10 MTY],South Eastern Coalfields Limited [SECL],Ministry of Coal,Coal,Chhattisgarh,2020-12,2020-12,2029-03,2029-03,,2310.12,2310.12,88.94,10.0,Ongoing,2025-11
PM-400145,400145,,CHHAL OC SEAM III [6 MTY],South Eastern Coalfields Limited [SECL],Ministry of Coal,Coal,Chhattisgarh,2013-12,2013-12,2022-03,2025-12,,610.63,610.63,580.56,85.0,Ongoing,2025-11
PM-400148,400148,,AMADAND OCP[4.0MTY],Ministry of Coal,Ministry of Coal,Coal,Madhya Pradesh,2016-03,2016-03,2021-03,2027-03,,869.44,869.44,278.42,75.0,Ongoing,2025-11
PM-400149,400149,,BAROUD OC EXPANSION [3.0-10.0M,South Eastern Coalfields Limited [SECL],Ministry of Coal,Coal,Chhattisgarh,2020-08,2020-08,2029-03,2029-03,,2309.8,2309.8,939.29,50.0,Ongoing,2025-11
PM-400150,400150,,RPR MAGADH EXP OCP,Ministry of Coal,Ministry of Coal,Coal,Jharkhand,2020-08,2020-08,2028-03,2028-03,,7254.37,7254.37,1600.77,38.0,Ongoing,2025-11
PM-400151,400151,,NORTH URIMARI EXPANSION OCP,Ministry of Coal,Ministry of Coal,Coal,Jharkhand,2021-07,2021-07,2029-03,2029-03,,778.8,778.8,696.05,67.0,Ongoing,2025-11
PM-400152,400152,,RAMPUR BATURA OCP [4.0MTY],South Eastern Coalfields Limited [SECL],Ministry of Coal,Coal,Madhya Pradesh,2019-07,2019-07,2026-03,2026-03,,1248.93,1248.93,498.36,44.0,Ongoing,2025-11
PM-400153,400153,,EPR ROHINI - KARKETTA OCP,Ministry of Coal,Ministry of Coal,Coal,Jharkhand,2021-01,2021-01,2028-03,2028-03,,1020.42,1020.42,84.74,21.0,Ongoing,2025-11
PM-400154,400154,,EPR PUNDI OCP,Ministry of Coal,Ministry of Coal,Coal,Jharkhand,2020-11,2020-11,2027-03,2027-03,,713.35,713.35,236.58,10.0,Ongoing,2025-11
PM-400155,400155,,EPR ASHOK OC,Ministry of Coal,Ministry of Coal,Coal,Jharkhand,2021-05,2021-05,2031-03,2031-03,,2898.28,2898.28,185.06,24.0,Ongoing,2025-11
PM-400156,400156,,EPR AMRAPALI OCP,Ministry of Coal,Ministry of Coal,Coal,Jharkhand,2020-02,2020-02,2028-03,2028-03,,5136.15,5136.15,1189.84,42.0,Ongoing,2025-11
PM-400158,400158,,Debottlenecking and Augmentation of Cryogenic facilities at Uran LPG Import Terminal,"Department of Water Resources, River Development & GR",Ministry of Petroleum & Natural Gas,Oil & Gas,Maharashtra,2021-04,2021-04,2024-02,2025-12,,1164.69,1629.86,1012.27,90.0,Ongoing,2025-11
PM-400160,400160,,RAJRAPPA RCE OCP,Ministry of Coal,Ministry of Coal,Coal,Jharkhand,2009-12,2009-12,2016-03,2027-03,,510.85,510.85,488.69,76.0,Ongoing,2025-11
PM-400161,400161,,"PP Project, Pata",Gas Authority of India Limited [GAIL],Ministry of Petroleum & Natural Gas,Oil & Gas,Uttar Pradesh,2019-03,2019-03,2024-01,2025-12,,910.56,1299.02,1051.0,99.0,Ongoing,2025-11
PM-400162,400162,,BLOCK B EXPANSION [3.5 TO 8.0,Northern Coalfields Limited [NCL],Ministry of Coal,Coal,Madhya Pradesh,2019-07,2019-07,2023-03,2027-03,,998.71,998.71,476.83,47.0,Ongoing,2025-11
PM-400165,400165,,SUBHADRA OCP,Mahanadi Coalfields Limited [MCL],Ministry of Coal,Coal,Odisha,2021-05,2021-05,2032-04,2032-04,,1693.81,1693.81,1324.37,42.0,Ongoing,2025-11
PM-400166,400166,,SIARMAL OCP,Mahanadi Coalfields Limited [MCL],Ministry of Coal,Coal,Odisha,2021-02,2021-02,2029-03,2029-03,,5194.95,5194.95,3460.35,57.0,Ongoing,2025-11
PM-400167,400167,,Redevelopment of Santhal Field [Onshore-Mehsana Asset],Oil and Natural Gas Corporation Limited [ONGC],Ministry of Petroleum & Natural Gas,Oil & Gas,Gujarat,2017-02,2017-02,2026-03,2026-03,,1162.56,1162.56,1140.98,95.0,Ongoing,2025-11
PM-400168,400168,,"500 KTA PDHPP Project, Usar",Ministry of Petroleum & Natural Gas,Ministry of Petroleum & Natural Gas,Oil & Gas,Maharashtra,2021-04,2021-04,2025-04,2026-06,,8797.0,11256.0,7212.88,87.0,Ongoing,2025-11
PM-400169,400169,,Redevelopment of Linch Field,Oil and Natural Gas Corporation Limited [ONGC],Ministry of Petroleum & Natural Gas,Oil & Gas,Gujarat,2021-04,2021-04,2025-03,2026-03,,631.03,860.04,572.91,87.0,Ongoing,2025-11
PM-400171,400171,,2G Ethanol Biorefinery at Bathinda,Hindustan Petroleum Corporation Limited [HPCL],Ministry of Petroleum & Natural Gas,Oil & Gas,Punjab,2020-05,2020-05,2023-02,2026-03,,1421.46,1421.46,1207.72,95.0,Ongoing,2025-11
PM-400172,400172,,CHITRA EAST OC,Eastern Coal Fields Limited [ECL],Ministry of Coal,Coal,Jharkhand,2018-08,2018-08,2026-03,2028-03,,513.99,513.99,230.12,51.0,Ongoing,2025-11
PM-400173,400173,,MOHANPUR EXPANSION OC -PHASE I,Eastern Coal Fields Limited [ECL],Ministry of Coal,Coal,West Bengal,2020-11,2020-11,2026-03,2030-03,,888.99,888.99,117.17,30.0,Ongoing,2025-11
PM-400174,400174,,"New Sinter Plant at BSL, SAIL",Steel Authority of India Limited [SAIL],Ministry of Steel,Steel,Jharkhand,2015-03,2015-10,2017-10,2027-06,,1034.01,1752.3,885.61,53.0,Ongoing,2025-11
PM-400177,400177,,AMALGAMATED YEKONA I & YEKONA,Western Coalfields Limited [WCL],Ministry of Coal,Coal,Maharashtra,2015-08,2015-08,2025-03,2026-03,,727.28,727.28,539.9,80.0,Ongoing,2025-11
PM-400178,400178,,DINESH[MAKARDHOKRA-III] OC,Western Coalfields Limited [WCL],Ministry of Coal,Coal,Maharashtra,2020-02,2020-02,2027-03,2027-03,,822.88,822.88,622.29,34.0,Ongoing,2025-11
PM-400180,400180,,BONJEMEHARI EXPANSION OCP,Eastern Coal Fields Limited [ECL],Ministry of Coal,Coal,West Bengal,2021-08,2021-08,2026-03,2030-03,,570.11,570.11,82.77,16.0,Ongoing,2025-11
PM-400181,400181,,NAKRAKONDA KUMARDIH- B OCP,Eastern Coal Fields Limited [ECL],Ministry of Coal,Coal,West Bengal,2018-08,2018-08,2029-03,2029-03,,502.68,502.67,71.34,26.0,Ongoing,2025-11
PM-400182,400182,,SIDULI [OC & UG],ECL - CIL,Ministry of Coal,Coal,West Bengal,2018-05,2018-05,2027-03,2030-03,,535.18,535.17,5.28,14.0,Ongoing,2025-11
PM-400183,400183,,BALARAM EXPANSION OCP,Mahanadi Coalfields Limited (MCL,Ministry of Coal,Coal,Odisha,2020-06,2020-08,2029-03,2029-03,,3504.21,3504.21,924.23,53.0,Ongoing,2025-11
PM-400185,400185,,GOPALJI KANIHA OCP [10 TO 30 M,MCL - CIL,Ministry of Coal,Coal,Odisha,2022-04,2022-04,2030-03,2030-03,,8416.19,6107.87,1742.12,17.0,Ongoing,2025-11
PM-400186,400186,,TILABONI UG,Eastern Coal Fields Limited [ECL],Ministry of Coal,Coal,West Bengal,2023-01,2023-01,2029-03,2029-03,,749.08,749.07,52.86,10.0,Ongoing,2025-11
PM-400187,400187,,INTEGRATED LAKHANPUR-BELPAHAR,Mahanadi Coalfields Limited [MCL],Ministry of Coal,Coal,Odisha,2018-05,2018-05,2027-03,2027-03,,2434.75,2434.75,1840.93,71.0,Ongoing,2025-11
PM-400188,400188,,Redevelopment of Seven General Pool Residential Accommodation [GPRA] Colonies in Delhi,National Buildings Construction Corporation [NBCC],Ministry of Housing & Urban Affairs,Real Estate,Delhi,2016-07,2018-05,2025-12,2025-12,,32850.0,32850.0,0.0,0.0,Ongoing,2025-11
PM-400192,400192,,Tubed Coal Mine,Damodar Valley Corporation,Ministry of Power,Coal,Jharkhand,2016-07,2016-10,2026-05,2026-05,,1581.0,1581.0,598.62,36.0,Ongoing,2025-11
PM-400203,400203,,Dharamjaigarh-Korba,Railway,Ministry of Coal,Railways,Chhattisgarh,2018-05,2017-03,2026-12,2026-08,,1686.22,1686.22,439.98,42.0,Ongoing,2025-11
PM-400204,400204,,Bahraich-Shravasti-Balrampur-Siddharthnagar -Santkabir nagar,North Eastern Railway [NER],Ministry of Railways,Railways,Uttar Pradesh,2018-10,2017-03,2030-10,2030-10,,4939.78,4939.78,1253.71,8.0,Ongoing,2025-11
PM-400205,400205,,Sahjanwa-Dohrighat,North Eastern Railway [NER],Ministry of Railways,Railways,Uttar Pradesh,2019-08,2017-03,2029-03,2029-03,,1319.75,1319.75,485.96,3.0,Ongoing,2025-11
PM-400220,400220,,Kharsia-Dharamjaygarh with Spur line [East Corridor-Phase 1],Indian Railway Construction International Limited [IRCON],Ministry of Railways,Railways,Chhattisgarh,2016-03,2014-01,2018-09,2026-03,,3055.0,3438.0,2624.33,94.0,Ongoing,2025-11
PM-400223,400223,,Nagapattinam-Tiruturaipundi and Karaikal-Peralam New Line,Ministry of Railways,Ministry of Railways,Railways,"Multi-States (Puducherry, Tamil Nadu)",2008-07,2019-01,2027-03,2028-03,,713.0,981.0,598.38,80.0,Ongoing,2025-11
PM-400231,400231,,NLC Talabira Thermal Power Project,NLC India Limited [NLCIL],Ministry of Coal,Electricity Generation,Odisha,2017-01,2024-01,2030-03,2030-03,,27212.96,27213.0,2550.76,1.0,Ongoing,2025-11
PM-400232,400232,,Brundamal-Jharsuguda- flyover connection for joining downline,East Coast Railway [ECoR] - II,Ministry of Railways,Railways,Odisha,2014-01,2014-01,2026-12,2026-12,,297.0,297.0,209.57,45.0,Ongoing,2025-11
PM-400234,400234,,Third Railway Line between Patratu-Sonnagar [281 kms],RVNL - II,Ministry of Railways,Railways,"Multi-States (Bihar, Jharkhand)",2016-11,2018-08,2026-03,2026-07,,8975.0,8975.0,4950.0,88.0,Ongoing,2025-11
PM-400235,400235,,"Setting up a common user Petroleum Terminal at Jammu, J&K for resitement of existing PSU OMC's Depots from Jammu City",Bharat Petroleum Corporation Limited [BPCL],Ministry of Petroleum & Natural Gas,Energy Storage,Jammu and Kashmir,2023-04,2023-04,2025-03,2026-01,,676.89,715.89,559.45,87.0,Ongoing,2025-11
PM-400247,400247,,Kalinarayanpur-Krishnanagar Doubling Alongwith Krishnanagar - Chapra New Line And Naihati-Ranaghat 3rd Line.,Eastern Railway [ER] - I,Ministry of Railways,Railways,West Bengal,2015-07,2005-11,2027-02,2027-02,,1000.0,1000.0,1053.99,69.0,Ongoing,2025-11
PM-400253,400253,,Vizianagaram - Titlagarh 3rd line [272 Km including By - pass line of 7.68 KM],RVNL - II,Ministry of Railways,Railways,"Multi-States (Andhra Pradesh, Odisha)",2016-06,2016-11,2025-12,2025-12,,4803.0,6669.91,5722.01,89.0,Ongoing,2025-11
PM-400254,400254,,Sakri -Hasanpur [via Harnagar - Kusheshwar Asthan] New Railway line,East Central Railway [ECR] - I,Ministry of Railways,Railways,Bihar,2023-12,1997-08,2024-12,2027-03,,735.2,735.2,588.66,84.0,Ongoing,2025-11
PM-400259,400259,,Ghatampur Thermal Power Plant 3 X 660 MW,NLC India Limited [NLCIL],Ministry of Coal,Electricity Generation,Uttar Pradesh,2016-07,2016-08,2020-11,2026-03,,17237.8,21780.9,20711.46,93.0,Ongoing,2025-11
PM-400261,400261,,Patratu Thermal Power Station Expansion Project Phase-I [3x800 MW],National Thermal Power Corporation [NTPC],Ministry of Power,Electricity Generation,Jharkhand,2017-11,2017-11,2023-03,2026-11,,18668.0,20302.0,17928.61,86.0,Ongoing,2025-11
PM-400271,400271,,Wardha-Nanded Via Yavatmal New BG Line,Central Railway [CR] - II,Ministry of Railways,Railways,Maharashtra,2017-12,2008-04,2025-03,2026-12,,3445.0,3445.0,3002.93,50.0,Ongoing,2025-11
PM-400273,400273,,Tarakeshwar-Bishnupur New Line [82.47 km],Eastern Railway [ER] - I,Ministry of Railways,Railways,West Bengal,2001-03,2008-02,2019-03,2026-02,,1189.0,1542.0,1330.49,91.0,Ongoing,2025-11
PM-400275,400275,,Tindivanam-Nagari New Line Project [184.5 km],Ministry of Railways,Ministry of Railways,Railways,"Multi-States (Andhra Pradesh, Tamil Nadu)",2008-07,2008-10,2025-09,2028-03,,3631.0,3631.0,1113.53,18.0,Ongoing,2025-11
PM-400277,400277,,Dum Dum Airport-New Garia via Rajarhat-Construction of Metro Railway,RVNL - II,Ministry of Railways,Railways,West Bengal,2010-03,2011-10,2025-12,2026-03,,8964.0,8964.0,8316.32,81.0,Ongoing,2025-11
PM-400280,400280,,Ph II extension of MRTS from Velachery to St Thomas Mount,Ministry of Railways,Ministry of Railways,Railways,Tamil Nadu,2007-11,2008-11,2025-07,2025-09,,734.0,734.01,475.73,99.0,Ongoing,2025-11
PM-400291,400291,,Doubling of Kirandul-Jagdalpur Line [150 km],East Coast Railway [ECoR] - II,Ministry of Railways,Railways,Chhattisgarh,2013-02,2013-03,2020-03,2025-12,,1589.0,1798.0,1576.81,94.0,Ongoing,2025-11
PM-400298,400298,,Nadikudi - Srikalahasti New Line,South Central Railway [SCR] - II,Ministry of Railways,Railways,Andhra Pradesh,2012-03,2016-12,2027-05,2028-03,,2312.0,5932.0,2421.35,54.0,Ongoing,2025-11
PM-400299,400299,,Pottangi Bauxite Mines Project,National Aluminium Company Limited [NALCO],Ministry of Mines,Metals & Mining,Odisha,2018-05,2018-05,2025-03,2026-05,,1381.0,1960.77,650.04,51.0,Ongoing,2025-11
PM-400301,400301,,Multi Product Pipeline from Irugur to Devangonthi,"Department of Water Resources, River Development & GR",Ministry of Petroleum & Natural Gas,Energy Storage,"Multi-States (Karnataka, Tamil Nadu)",2012-11,2012-11,2017-02,2026-09,,678.0,1732.0,838.07,74.0,Ongoing,2025-11
PM-400312,400312,,JHANJRA EXPANSION UG,Eastern Coal Fields Limited [ECL],Ministry of Coal,Coal,West Bengal,2020-04,2020-04,2029-03,2029-03,,1210.12,1210.12,542.09,44.0,Ongoing,2025-11
PM-400313,400313,,Master Plan for Jharia and Raniganj Coalfields,Bharat Coking Coal Limited [BCCL],Ministry of Coal,Coal,"Multi-States (Jharkhand, West Bengal)",2009-08,2009-08,2019-08,2028-12,,2661.73,2661.73,792.45,43.0,Ongoing,2025-11
PM-400315,400315,,SONEPUR BAZARI EXPANSION OCP [,Eastern Coal Fields Limited [ECL],Ministry of Coal,Coal,West Bengal,2021-07,2021-07,2029-03,2029-03,,5365.88,5365.88,586.07,17.0,Ongoing,2025-11
PM-400321,400321,,NIGAHI EXPANSION [15 TO 25 MTP,Northern Coalfields Limited [NCL],Ministry of Coal,Coal,Madhya Pradesh,2020-11,2020-11,2025-03,2028-03,,1729.68,1729.68,841.25,48.0,Ongoing,2025-11
PM-400352,400352,,JHARKHAND-LAIYO OCP,Ministry of Coal,Ministry of Coal,Coal,Jharkhand,2020-08,2020-08,2031-03,2031-03,,764.57,764.57,145.81,29.0,Ongoing,2025-11
PM-400353,400353,,DHUPTALA OC [SASTI UG TO OC ],Western Coalfields Limited [WCL],Ministry of Coal,Coal,Maharashtra,2019-02,2021-10,2028-03,2028-03,,711.01,711.01,169.24,19.0,Ongoing,2025-11
PM-400354,400354,,DIPKA EXPANSION OCP [40 MTY],South Eastern Coalfields Limited [SECL],Ministry of Coal,Coal,Chhattisgarh,2020-12,2020-12,2029-03,2029-03,,5241.4,5241.4,2847.64,37.0,Ongoing,2025-11
PM-400369,400369,,BINA KAKRI AMALGAMATION EXPANS,Northern Coalfields Limited [NCL],Ministry of Coal,Coal,"Multi-States (Madhya Pradesh, Uttar Pradesh)",2020-08,2020-08,2024-03,2027-03,,836.42,836.42,812.73,89.0,Ongoing,2025-11
PM-400382,400382,,Rewas Port Project,Reliance Industries Ltd,"Ministry of Ports, Shipping and Waterways",Shipping,Maharashtra,2019-12,2020-01,2023-03,2023-03,,6000.0,6000.0,5999.89,88.0,Ongoing,2025-11
PM-400392,400392,,BHARATPUR RE-ORGANIZATION OCP,Mahanadi Coalfields Limited [MCL],Ministry of Coal,Coal,Odisha,2018-11,2018-11,2029-03,2029-03,,2838.86,2838.86,1673.58,48.0,Ongoing,2025-11
PM-400416,400416,,Shivpur-Kathautia New Rail [BG] Line [49 km] [Package II of Tori-Shivpur-Kathautia line],Ministry of Coal,Ministry of Coal,Railways,Jharkhand,2018-02,2022-05,2025-06,2026-06,,1799.64,2564.34,1489.74,64.0,Ongoing,2025-11
PM-400424,400424,,GEVRA OC [70 MTY],South Eastern Coalfields Limited [SECL],Ministry of Coal,Coal,Chhattisgarh,2016-03,2016-03,2023-03,2027-03,,11816.4,11816.4,6710.57,78.0,Ongoing,2025-11
PM-400425,400425,,MOONIDIH XV SEAM UG,Ministry of Coal,Ministry of Coal,Coal,Jharkhand,2011-08,2011-08,2019-03,2026-05,,1230.27,1230.27,633.27,82.0,Ongoing,2025-11
PM-400426,400426,,Expansion of Malanjkhand Copper Project,Hindustan Copper Limited [HCL],Ministry of Mines,Metals & Mining,Madhya Pradesh,2011-09,2015-04,2020-04,2026-04,,1856.36,1856.36,947.42,82.0,Ongoing,2025-11
PM-602096,602096,,Subansiri Lower HE Project [2000 MW],National Hydroelectric Power Corporation Limited [NHPC],Ministry of Power,Electricity Generation,"Multi-States (Arunachal Pradesh, Assam)",2003-09,2005-01,2010-09,2026-05,,6285.33,26075.5,25415.23,97.0,Ongoing,2025-11
PM-602098,602098,,"Construction of Permanent Campus for IIM Jammu Phase-1 at Jagti, Nagrota, Jammu, J&K","Indian Institute of Management, Jammu",Department of Higher Education,Education,Jammu and Kashmir,2019-03,2020-10,2023-06,2025-11,,424.93,500.91,484.52,96.0,Ongoing,2025-11
PM-602099,602099,,Establishment of Permanent campus Phase 1 of IIM Sirmaur,"Indian Institute of Management, Sirmaur",Department of Higher Education,Education,Himachal Pradesh,2018-09,2020-08,2023-10,2026-02,,392.51,454.78,327.78,94.0,Ongoing,2025-11
PM-602181,602181,,"TEESTA-VI HE PROJECT, SIKKIM [500 MW], executed by LANCO TEESTA HYDRO POWER LIMITED [A wholly owned Subsidiary of NHPC LTD. acquired through NCLT]",National Hydroelectric Power Corporation Limited [NHPC],Ministry of Power,Electricity Generation,Sikkim,2019-03,2020-03,2024-03,2027-12,,5748.04,5748.04,3887.11,70.0,Ongoing,2025-11
PM-602182,602182,,Dibang Multipurpose Project,National Hydroelectric Power Corporation Limited [NHPC],Ministry of Power,Electricity Generation,Arunachal Pradesh,2023-02,2023-02,2032-02,2032-02,,31876.39,31876.4,3776.74,16.0,Ongoing,2025-11
PM-602184,602184,,Rammam-III HEPP [3x40 MW],National Thermal Power Corporation [NTPC],Ministry of Power,Electricity Generation,West Bengal,2014-09,2014-09,2019-09,2029-03,,1381.84,2865.56,1393.94,51.0,Ongoing,2025-11
PM-602185,602185,,Tapovan-Vishnugad HEP [4x130 MW],National Thermal Power Corporation [NTPC],Ministry of Power,Electricity Generation,Uttarakhand,2006-11,2006-11,2013-03,2029-04,,2978.0,10907.3,7291.0,77.0,Ongoing,2025-11
PM-602193,602193,,Tehri Pumped Storage Plant Project [4x250 MW],THDC India Limited,Ministry of Power,Electricity Generation,Uttarakhand,2006-07,2011-06,2022-06,2026-01,,4825.6,8339.0,8169.51,98.0,Ongoing,2025-11
PM-602194,602194,,Khurja super Thermal Power Plant [2X660 MW],THDC India Limited,Ministry of Power,Electricity Generation,Uttar Pradesh,2019-03,2019-08,2024-02,2025-09,,11089.42,13276.2,12951.99,100.0,Ongoing,2025-11
PM-602195,602195,,Vishnugad Pipalkoti Hydro Electric Project [444 MW],THDC India Limited,Ministry of Power,Electricity Generation,Uttarakhand,2008-08,2014-01,2022-12,2027-03,,3860.35,6823.72,5328.31,73.0,Ongoing,2025-11
PM-602223,602223,,Comprehensive Scheme for Strengthening of Transmission and Distribution [T&D] Systems [CSST&DS] in Arunachal Pradesh and Sikkim,Power Grid Corporation of India Limited [POWERGRID],Ministry of Power,Transmission & Distribution,"Multi-States (Arunachal Pradesh, Sikkim)",2014-10,2014-10,2018-12,2027-03,,4754.42,9129.32,7778.18,82.0,Ongoing,2025-11
PM-602525,602525,,"Pakal Dul [Drangdhuran] Hydroelectric Project, 1000 MW",National Hydroelectric Power Corporation Limited [NHPC],Ministry of Power,Electricity Generation,Jammu and Kashmir,2014-10,2018-02,2020-04,2026-12,,8112.12,12728.0,7785.72,76.0,Ongoing,2025-11
PM-602532,602532,,Kiru HE Project,National Hydroelectric Power Corporation Limited [NHPC],Ministry of Power,Electricity Generation,Jammu and Kashmir,2019-03,2020-02,2023-09,2026-12,,4287.59,5409.0,3186.98,73.0,Ongoing,2025-11
PM-602535,602535,,"Ratle HE Project - 850 MW, Ratle Hydroelectric Power Corporation Limited.",National Hydroelectric Power Corporation Limited [NHPC],Ministry of Power,Electricity Generation,Jammu and Kashmir,2021-02,2022-01,2026-02,2028-11,,5281.94,5281.94,1298.42,26.0,Ongoing,2025-11
PM-602538,602538,,Installation of FGD for 4x210 & 2x250 MW MTPS U 1-6,Damodar Valley Corporation,Ministry of Power,Electricity Generation,West Bengal,2019-06,2021-02,2024-01,2025-12,,1037.0,1106.0,1111.01,93.0,Ongoing,2025-11
PM-602579,602579,,Buxar Thermal Power Project [1320 MW],Satluj Jal Vidyut Nigam [SJVN] Thermal Limited,Ministry of Power,Electricity Generation,Bihar,2019-03,2019-06,2024-01,2025-12,,10439.09,13756.6,12691.85,93.0,Ongoing,2025-11
PM-602582,602582,,Dhaulasidh Hydro Electric Project [66 MW],Satluj Jal Vidyut Nigam [SJVN] Thermal Limited,Ministry of Power,Electricity Generation,Himachal Pradesh,2020-10,2021-05,2025-11,2027-03,,687.97,1561.21,997.55,71.0,Ongoing,2025-11
PM-602593,602593,,Luhri Stage-I Hydro Electric Project [210 MW],Satluj Jal Vidyut Nigam [SJVN] Thermal Limited,Ministry of Power,Electricity Generation,Himachal Pradesh,2020-11,2020-11,2026-01,2030-02,,1810.56,4681.64,1818.61,51.0,Ongoing,2025-11
PM-602633,602633,,382 MW Sunni Dam HEP,Satluj Jal Vidyut Nigam [SJVN] Thermal Limited,Ministry of Power,Electricity Generation,Himachal Pradesh,,2018-04,2027-03,2027-03,,2615.0,2615.0,495.57,0.5,Ongoing,2025-11
PM-602792,602792,,Gauge Conversion of Kendri-Dhamtari including Abhanpur - Rajim Branch line 67.20 Kms - 2nd Material Modification to Raipur Titlagarh doubling.,SECR,Ministry of Railways,Railways,Chhattisgarh,2011-07,2021-05,2025-02,2026-03,,1171.0,1171.0,377.41,100.0,Ongoing,2025-11
PM-602797,602797,,"Sainthia, Sitarampur, Mughalsarai, Allahabad & Etawah - Bypass Line Project",Eastern Railway [ER] - I,Ministry of Railways,Railways,"Multi-States (Uttar Pradesh, West Bengal)",2017-08,2017-12,2027-03,2027-03,,461.64,461.64,193.39,8.0,Ongoing,2025-11
PM-602961,602961,,Talcher Thermal Power Station Stage III [2 x 660 MW] Expansion,National Thermal Power Corporation [NTPC],Ministry of Power,Electricity Generation,Odisha,2022-08,2022-09,2027-05,2028-03,,11843.75,12543.0,5042.25,43.0,Ongoing,2025-11
PM-603293,603293,,Badam Coal Mining project of NTPC,National Thermal Power Corporation [NTPC],Ministry of Power,Coal,Jharkhand,2019-02,2019-09,2056-12,2027-04,,502.0,784.0,388.29,59.0,Ongoing,2025-11
PM-603945,603945,,Integrated Anandpur Barrage Project,Water Resources-OR,"Department of Water Resources, River Development & GR",Water Resources,Odisha,1997-04,1998-01,2019-12,2026-06,,567.03,2990.05,2715.12,62.0,Ongoing,2025-11
PM-604791,604791,,Numaligarh Refinery Expansion Project,Ministry of Petroleum & Natural Gas,Ministry of Petroleum & Natural Gas,Oil & Gas,Assam,2020-07,2020-07,2024-07,2025-12,,12366.0,22494.0,17836.48,79.0,Ongoing,2025-11
PM-604795,604795,,CBR 9 MMTPA Project,Chennai Petroleum Corporation Limited [CPCL],Ministry of Petroleum & Natural Gas,Oil & Gas,Tamil Nadu,2021-09,2021-09,2025-06,2028-10,,31580.0,36354.0,1397.8,10.0,Ongoing,2025-11
PM-604833,604833,,"Andheri Residential Towers, Mumbai",Ministry of Petroleum & Natural Gas,Ministry of Petroleum & Natural Gas,Energy Storage,Maharashtra,2017-06,2017-06,2025-05,2026-06,,281.35,389.67,243.11,54.0,Ongoing,2025-11
PM-604852,604852,,"Grass-root Terminal at Mirzapur, Uttar Pradesh",Ministry of Petroleum & Natural Gas,Ministry of Petroleum & Natural Gas,Energy Storage,Uttar Pradesh,2022-09,2022-09,2026-11,2026-11,,980.45,980.45,234.6,58.0,Ongoing,2025-11
PM-604853,604853,,"Indian Oil Technology Development and Deployment Centre at R&D Campus-II, Faridabad",Ministry of Petroleum & Natural Gas,Ministry of Petroleum & Natural Gas,Oil & Gas,Haryana,2019-06,2019-06,2022-12,2026-10,,2281.94,3200.0,1850.35,64.0,Ongoing,2025-11
PM-604859,604859,,Integrated Para Xylene [PX] and Purified Terephthalic Acid [PTA] Project at Paradip Refinery,Ministry of Petroleum & Natural Gas,Ministry of Petroleum & Natural Gas,Oil & Gas,Odisha,2020-07,2020-07,2024-01,2026-08,,13805.0,11783.0,8552.2,91.0,Ongoing,2025-11
PM-604863,604863,,Development of Surface Facilities for production and evacuation of Crude Oil and Natural Gas from Nadua and East Khagorija,Ministry of Petroleum & Natural Gas,Ministry of Petroleum & Natural Gas,Oil & Gas,Assam,2018-01,2018-01,2020-02,2025-12,,682.9,726.93,491.68,94.0,Ongoing,2025-11
PM-605155,605155,,Kwar HE Project,National Hydroelectric Power Corporation Limited [NHPC],Ministry of Power,Electricity Generation,Jammu and Kashmir,2022-05,2022-11,2026-11,2028-03,,4526.12,4526.12,1140.08,25.0,Ongoing,2025-11
PM-605156,605156,,Rangit-IV HE Project [120 MW] executed by Jal Power Corporation Ltd. [JPCL] - A wholly owned subsidiary of NHPC Ltd. acquired through NCLT,National Hydroelectric Power Corporation Limited [NHPC],Ministry of Power,Electricity Generation,Sikkim,2021-03,2021-08,2024-05,2025-12,,938.29,1828.11,1488.78,93.0,Ongoing,2025-11
PM-605292,605292,,"Construction of Permanent Campus of Indian Institute of Management [IIM] Amritsar, Punjab, Phase-I","Indian intitue of Management, Amritsar",Department of Higher Education,Education,Punjab,2019-10,2020-07,2023-06,2025-12,,348.31,348.31,290.39,91.0,Ongoing,2025-11
PM-606013,606013,,Additional Campus of NITPatna,NIT Patna,Department of Higher Education,Education,Bihar,2022-07,2022-08,2024-07,2026-01,,499.21,499.21,444.87,97.0,Ongoing,2025-11
PM-606112,606112,,Tezpur University Projects,Tezpur University,Department of Higher Education,Education,Assam,2019-05,2021-06,2023-11,2025-12,,153.71,153.71,125.03,97.0,Ongoing,2025-11
PM-606431,606431,,CONSTRUCTION OF PERMANENT CAMPUS FOR IIT PALAKKAD UNDER PHASE 1A,INDIAN INSTITUTE OF TECHNOLOGY PALAKKAD,Department of Higher Education,Education,Kerala,2017-07,2020-03,2022-06,2026-06,,1006.45,1217.4,652.05,76.0,Ongoing,2025-11
PM-606479,606479,,Banaras Hindu University [ Kayakalp of Institute of Medical Sciences],Banaras Hindu University,Department of Higher Education,Education,Uttar Pradesh,2020-06,2020-06,2022-09,2026-03,,246.0,246.0,199.71,97.0,Ongoing,2025-11
PM-606781,606781,,Transmission System for Strengthening of Srinagar-Leh Tr. System,Power Grid Corporation of India Limited [POWERGRID],Ministry of Power,Transmission & Distribution,"Multi-States (Jammu and Kashmir, Ladakh)",2022-03,2022-03,2024-12,2025-11,2025-11,288.71,288.71,288.71,100.0,Completed,2025-11
PM-607701,607701,,"Guwahati Refinery Expansion [1.0 to 1.2 MMTPA] along with installation of CRU, Guwahati Refinery",Ministry of Petroleum & Natural Gas,Ministry of Petroleum & Natural Gas,Oil & Gas,Assam,2021-05,2021-05,2023-10,2026-05,,412.3,577.0,451.05,88.0,Ongoing,2025-11
PM-607709,607709,,NORTH EASTERN REGION POWER SYSTEM IMPROVEMENT PROJECT [NERPSIP],Power Grid Corporation of India Limited [POWERGRID],Ministry of Power,Transmission & Distribution,"Multi-States (Assam, Manipur, Meghalaya, Mizoram, Nagaland, Tripura)",2014-12,2016-03,2018-12,2026-03,,5111.33,6700.0,5410.25,96.0,Ongoing,2025-11
PM-608301,608301,,Transmission system strengthening scheme for evacuation of power from solar energy zones in Rajasthan 8.1 GW under Phase II- Part- G1,Power Grid Corporation of India Limited [POWERGRID],Ministry of Power,Transmission & Distribution,Delhi,2022-02,2022-02,2023-09,2025-12,2025-11,359.47,359.47,359.47,100.0,Completed,2025-11
PM-608302,608302,,Transmission system for evacuation of Power from Pakaldul HEP in Chenab Valley HEPs - LTA System,Power Grid Corporation of India Limited [POWERGRID],Ministry of Power,Transmission & Distribution,Jammu and Kashmir,2022-02,2022-02,2025-04,2025-11,2025-11,318.12,318.12,318.12,100.0,Completed,2025-11
PM-608922,608922,,Transmission System Strengthening Scheme for evacuation of power from SEZ in Rajasthan 8.1 GW under Phase II Part G,Power Grid Corporation of India Limited [POWERGRID],Ministry of Power,Transmission & Distribution,"Multi-States (Delhi, Haryana, Rajasthan)",2022-05,2022-05,2023-11,2025-12,,1666.0,2218.0,2218.0,100.0,Completed,2025-11
PM-609019,609019,,"HEFA projects on development of student hostels, playgrounds, departmental buildings, class room complex and other campus facilities in IIT Kharagpur","Indian Institute of Technology, Kharagpur",Department of Higher Education,Education,West Bengal,2018-06,2019-04,2023-03,2026-03,,500.0,442.0,390.6,89.0,Ongoing,2025-11
PM-609424,609424,,"Development of Container Terminal at Tuna-Tekra, Deendayal Port on BOT Basis Under PPP Mode",Deendayal Port Trust,"Ministry of Ports, Shipping and Waterways",Shipping,Gujarat,2022-10,2024-03,2027-03,2027-03,,4243.64,4243.64,817.98,34.0,Ongoing,2025-11
PM-609736,609736,,"Construction of Sikkim University Campus Phase-I Package-II at Yangang, South Sikkim",Sikkim University,Department of Higher Education,Education,Sikkim,2020-08,2022-01,2025-01,2026-03,,314.06,314.06,238.22,85.0,Ongoing,2025-11
PM-609996,609996,,Construction of Precast housing and hostels at IIT Hyderabad,"Indian Institute of Technology, Hyderabad",Department of Higher Education,Education,Telangana,2022-09,2022-11,2024-10,2026-01,,262.0,262.0,194.13,80.0,Ongoing,2025-11
PM-610315,610315,,IISER BERHAMPUR,"Indian Institutes of Science Education and Research, Behrampur",Department of Higher Education,Education,Odisha,2018-10,2019-09,2021-03,2026-06,,1229.32,843.09,835.6,97.0,Ongoing,2025-11
PM-610940,610940,,"Additional Infrastructure at IISc Bangalore-RCC Monolithic for Men Hostel S14, Women Hostel S11 , Postdoctoral Hostel S12 2 Block , International Hostel S 12 , D&E Block S 12 2 Block FR.",IISC Bangalore,Department of Higher Education,Education,Karnataka,2021-08,2021-08,2024-03,2025-12,,420.41,420.41,367.76,99.0,Ongoing,2025-11
PM-610984,610984,,Development of Jharia CBM Block [Phase-1],Oil and Natural Gas Corporation Limited [ONGC],Ministry of Petroleum & Natural Gas,Oil & Gas,Jharkhand,2019-11,2019-11,2024-01,2026-03,,431.0,431.0,227.0,61.0,Ongoing,2025-11
PM-610985,610985,,Construction of lube oil blending plant at Rasayani,Ministry of Petroleum & Natural Gas,Ministry of Petroleum & Natural Gas,Oil & Gas,Maharashtra,2022-05,2022-05,2023-12,2025-12,,423.39,526.26,326.5,88.0,Ongoing,2025-11
PM-611016,611016,,2.0 MTPA BHOJUDIH NLW WASHERY,Ministry of Coal,Ministry of Coal,Coal,West Bengal,2015-12,2019-03,2020-09,2025-12,,384.57,384.57,357.14,97.0,Ongoing,2025-11
PM-611017,611017,,2.5 MTPA PATHERDIH NLW WASHERY,Ministry of Coal,Ministry of Coal,Coal,Jharkhand,2015-10,2016-04,2018-04,2026-03,,334.27,334.27,148.72,48.0,Ongoing,2025-11
PM-611047,611047,,"Construction of NTB complex including apron, taxi track and other associated civil works and electrical & mechanical installations towards Tawi River side at CA Jammu.",Airport Authority of India [AAI],Ministry of Civil Aviation,Aviation & Aviation Infrastructure,Jammu and Kashmir,2022-07,2023-07,2026-06,2026-06,,861.37,861.37,229.1,39.0,Ongoing,2025-11
PM-611142,611142,,Fairway Development in West Bengal Farakka - Kahelgaon,Inland Waterways Authority of India [IWAI],"Ministry of Ports, Shipping and Waterways",Inland Waterways,Offshore,2018-01,2018-08,2023-07,2024-04,,177.0,197.0,383.41,100.0,Ongoing,2025-11
PM-611452,611452,,MUMBAI CENTRAL VIRAR VADODARA AHMEDABAAD TRAIN PROTECTION SYSTEM 500 RKM,Western Railway,Ministry of Railways,Railways,"Multi-States (Gujarat, Maharashtra)",2019-09,2023-03,2025-12,2026-12,,311.0,311.0,263.42,93.0,Ongoing,2025-11
PM-611495,611495,,Development of New Civil Enclave at Bagdogra Airport,Airport Authority of India [AAI],Ministry of Civil Aviation,Aviation & Aviation Infrastructure,West Bengal,2024-08,2024-09,2027-01,2027-01,,1549.0,1549.0,340.78,15.0,Ongoing,2025-11
PM-611509,611509,,"Koderma Thermal Power Station Phase II [2X800 MW] At Koderma, Jharkhand",Damodar Valley Corporation,Ministry of Power,Electricity Generation,Jharkhand,2023-04,2024-11,2029-03,2029-03,,14358.0,14358.0,1450.04,4.0,Ongoing,2025-11
PM-611570,611570,,"SITC of ATM Automation System and ASMGCS [Including SMR & MLAT] for Mumbai, Navi Mumbai, Jewar [earlier MOPA, without ASMGCS], HIAL & BIAL",Airport Authority of India [AAI],Ministry of Civil Aviation,Aviation & Aviation Infrastructure,"Multi-States (Karnataka, Maharashtra, Telangana, Uttar Pradesh)",2020-12,2022-10,2025-09,2026-08,,500.48,500.48,339.1,75.0,Ongoing,2025-11
PM-611586,611586,,Sunni Dam Hydro Electric Project [382 MW],Satluj Jal Vidyut Nigam [SJVN] Thermal Limited,Ministry of Power,Electricity Generation,Himachal Pradesh,2023-01,2023-01,2028-04,2029-12,,2614.51,4540.71,1015.36,30.0,Ongoing,2025-11
PM-611602,611602,,"Modernization of Chennai Airport, Phase II, Part 2",Airport Authority of India [AAI],Ministry of Civil Aviation,Aviation & Aviation Infrastructure,Tamil Nadu,2018-05,2023-06,2025-07,2026-06,,1207.0,1207.0,193.59,26.0,Ongoing,2025-11
PM-611614,611614,,Dedicated Test Track for RDSO Phase II,North Western Railway [NWR],Ministry of Railways,Railways,Rajasthan,2021-11,2021-11,2026-11,2026-11,,819.48,967.06,471.0,86.0,Ongoing,2025-11
PM-611615,611615,,Malugur- Palasamudram New Line Project [17.975 Km],South Western Railway [SWR] - II,Ministry of Railways,Railways,Andhra Pradesh,2022-09,2026-07,2027-11,2027-12,,342.0,342.0,0.0,0.0,Ongoing,2025-11
PM-611656,611656,,Transmission scheme for evacuation of 4.5GW RE injection at Khavda PS under Phase II- Part B,Power Grid Corporation of India Limited [POWERGRID],Ministry of Power,Transmission & Distribution,Gujarat,2023-03,2023-03,2025-03,2025-12,2025-12,1167.55,1167.0,1167.0,100.0,Completed,2025-11
PM-611657,611657,,Transmission scheme for evacuation of 4.5GW RE injection at Khavda PS under Phase II- Part C,Power Grid Corporation of India Limited [POWERGRID],Ministry of Power,Transmission & Distribution,Gujarat,2023-03,2023-03,2025-03,2025-12,,2820.99,2820.99,2783.19,95.0,Ongoing,2025-11
PM-611659,611659,,Transmission system strengthening scheme for evacuation of power from solar energy zones in Rajasthan[8.1 GW] under phase-II- Part E,Power Grid Corporation of India Limited [POWERGRID],Ministry of Power,Transmission & Distribution,Rajasthan,2023-03,2023-03,2024-09,2025-12,,1433.28,1433.0,1418.67,98.0,Ongoing,2025-11
PM-611660,611660,,Establishment of Khavda Pooling Station-2 KPS2 in Khavda RE Park KPS2 TRANSMISSION SYSTEM LIMITED,Power Grid Corporation of India Limited [POWERGRID],Ministry of Power,Transmission & Distribution,Gujarat,2023-03,2023-03,2024-12,2025-11,2025-12,966.79,966.79,966.79,100.0,Completed,2025-11
PM-611669,611669,,NER Provision of Automatic Block Signalling on Gorakhpur Cantt[Excl] Chhapra Gramin & Burhwal Jn [Excl] Sitapur Jn section of high density routes,North Eastern Railway [NER],Ministry of Railways,Railways,"Multi-States (Bihar, Uttar Pradesh)",,2023-06,2027-03,2027-03,,380.47,380.47,24.53,0.0,Ongoing,2025-11
PM-611698,611698,,240MW Heo HE Project,North Eastern Electric Power Corporation Limited,Ministry of Power,Electricity Generation,Arunachal Pradesh,2024-12,2025-05,2029-07,2029-07,,1938.85,1938.85,64.76,3.0,Ongoing,2025-11
PM-611699,611699,,186 MW Tato-I H E Project,North Eastern Electric Power Corporation Limited,Ministry of Power,Electricity Generation,Arunachal Pradesh,2024-12,2025-05,2029-07,2029-07,,1750.07,1750.07,63.73,2.0,Ongoing,2025-11
PM-611735,611735,,Transmission system for evacuation of power from REZ in Rajasthan 20GW under Phase-III Part J,Power Grid Corporation of India Limited [POWERGRID],Ministry of Power,Transmission & Distribution,"Multi-States (Delhi, Rajasthan)",2022-12,2022-12,2025-03,2026-07,,331.0,331.0,139.02,37.0,Ongoing,2025-11
PM-611737,611737,,Western Region Expansion Scheme-XXV,Power Grid Corporation of India Limited [POWERGRID],Ministry of Power,Transmission & Distribution,Chhattisgarh,2022-05,2022-05,2023-08,2025-10,,385.84,385.84,385.84,100.0,Completed,2025-11
PM-611751,611751,,AURANGABAD-ANKAI - DOUBLING PROJECT 98.25 Km,South Central Railway [SCR] - II,Ministry of Railways,Railways,Maharashtra,2023-05,2023-05,2027-03,2027-03,,960.64,960.64,555.02,1.0,Ongoing,2025-11
PM-611752,611752,,GOOTY-PENDEKALLU DOUBLING 29.225 Km,South Central Railway [SCR] - II,Ministry of Railways,Railways,Andhra Pradesh,2023-03,2023-06,2027-03,2027-03,,351.83,351.83,18.0,25.0,Ongoing,2025-11
PM-611754,611754,,GUNTAKAL WEST-MALLAPPA GATE RAIL OVER RAIL - ROR TRACK,South Central Railway [SCR] - II,Ministry of Railways,Railways,Andhra Pradesh,2023-07,2023-07,2026-07,2026-07,,293.3,293.3,0.0,0.0,Ongoing,2025-11
PM-611849,611849,,Devgarh Madariya - Nathdwara Gauge Conversion [82.54 Km] part of Marwar - Mavli Gauge Conversion [152 Km],North Western Railway [NWR],Ministry of Railways,Railways,Rajasthan,2023-01,2023-01,2028-06,2028-06,,968.92,968.92,151.53,52.0,Ongoing,2025-11
PM-611861,611861,,Rewari - Kathuwas Doubling Project [27.72 Km],North Western Railway [NWR],Ministry of Railways,Railways,"Multi-States (Haryana, Rajasthan)",2023-02,2022-12,2027-06,2027-06,,352.0,352.0,275.26,66.0,Ongoing,2025-11
PM-611864,611864,,AMALAGAMATED NTST KUJAMA OCP 8.5MTY,Ministry of Coal,Ministry of Coal,Coal,Jharkhand,2023-01,2023-01,2030-03,2030-03,,4011.85,4011.85,414.41,28.0,Ongoing,2025-11
PM-611884,611884,,Bhiwani - Dobh Bahali Doubling Project [42.30 Km],North Western Railway [NWR],Ministry of Railways,Railways,Haryana,2023-02,2023-02,2028-02,2028-02,,471.0,471.0,219.67,66.0,Ongoing,2025-11
PM-611917,611917,,Poly Butadiene Rubber plant at Panipat,Indian Oil Corporation Limited [IOCL],Ministry of Petroleum & Natural Gas,Oil & Gas,Haryana,2022-03,2022-03,2025-03,2026-06,,1459.0,2531.44,1418.65,77.0,Ongoing,2025-11
PM-611918,611918,,Kosamba Umarpada 70 Km,PCE/WR,Ministry of Railways,Railways,Gujarat,2023-07,2022-07,2027-03,2027-03,,468.0,468.0,20.28,8.0,Ongoing,2025-11
PM-611927,611927,,Kurnool - Setting up facilities for coach midlife rehabilitation workshop,WPO/Patna,Ministry of Railways,Railways,Andhra Pradesh,2014-01,2017-10,2023-12,2023-12,,560.72,560.72,276.66,65.0,Ongoing,2025-11
PM-611929,611929,,Maintenance cum workshop depot for Vande Bharat Sleeper Trains as per conditions under WTA 527,WPO/Patna,Ministry of Railways,Railways,Rajasthan,2022-09,2023-06,2024-12,2024-12,,166.86,166.86,0.0,0.0,Ongoing,2025-11
PM-611930,611930,,Lara Super Thermal Power Project Stage-II [2 x 800 MW],National Thermal Power Corporation [NTPC],Ministry of Power,Electricity Generation,Chhattisgarh,2023-08,2023-08,2028-06,2028-06,,15530.0,16106.0,3131.26,19.0,Ongoing,2025-11
PM-611937,611937,,Adraj Moti Vijapur 40 Kms,Western Railway (WR) - II,Ministry of Railways,Railways,Gujarat,2022-05,2022-05,2026-05,2025-12,,417.53,417.53,502.23,90.0,Ongoing,2025-11
PM-611943,611943,,New Broad Gauge line between Naliya to Jakhau Port,Western Railway (WR) - II,Ministry of Railways,Railways,Gujarat,2023-02,2023-02,2028-01,2028-01,,410.26,410.26,7.0,5.0,Ongoing,2025-11
PM-611944,611944,,Quadrupling between Gandhidham Adipur with Y connection at Adipur for providing direct entry towards Mundra Port and Bhuj and high level platform at Gopalpur 11Kms,Western Railway (WR) - II,Ministry of Railways,Railways,Gujarat,2023-02,2023-02,2026-03,2026-01,,152.44,152.44,102.65,85.0,Ongoing,2025-11
PM-611945,611945,,Petlad Bhadran 23 Kms,Western Railway,Ministry of Railways,Railways,Gujarat,2022-05,2022-05,2030-05,2030-05,,307.11,307.11,13.59,17.0,Ongoing,2025-11
PM-611947,611947,,Transmission System for Evacuation of Power from REZ in Rajasthan 20GW under Phase III- Part E2,Power Grid Corporation of India Limited [POWERGRID],Ministry of Power,Transmission & Distribution,Rajasthan,2023-11,2023-11,2025-06,2026-03,,428.3,428.3,308.38,80.0,Ongoing,2025-11
PM-611948,611948,,Transmission system for evacuation of power from REZ in Rajasthan 20 GW under Phase-III part H,Power Grid Corporation of India Limited [POWERGRID],Ministry of Power,Transmission & Distribution,Rajasthan,2023-10,2023-10,2025-04,2026-01,,2211.29,2211.29,1975.34,92.0,Ongoing,2025-11
PM-611949,611949,,Transmission system for evacuation of power from REZ in Rajasthan 20 GW under Phase-III part C1,Power Grid Corporation of India Limited [POWERGRID],Ministry of Power,Transmission & Distribution,Rajasthan,2023-10,2023-10,2025-04,2026-03,,1796.02,1796.02,1580.49,92.0,Ongoing,2025-11
PM-611950,611950,,Transmission system for evacuation of power from REZ in Rajasthan 20 GW under Phase-III part B1,Power Grid Corporation of India Limited [POWERGRID],Ministry of Power,Transmission & Distribution,Rajasthan,2023-09,2023-09,2025-04,2025-12,,2190.54,2190.54,2000.84,96.0,Ongoing,2025-11
PM-611951,611951,,Transmission system for evacuation of power from REZ in Rajasthan 20GW under Phase-III Part E1,Power Grid Corporation of India Limited [POWERGRID],Ministry of Power,Transmission & Distribution,Rajasthan,2021-12,2023-08,2025-02,2025-12,,688.74,688.74,668.0,98.0,Ongoing,2025-11
PM-611957,611957,,"Phase III A works at IIT Indore [03 Hostels, 01 Studio Apartment, 01 Housing, Heavy & Sophisticated lab complex, Academic POD and Infrastructure for center of excellence]","Indian Institute of Technology, Indore",Department of Higher Education,Education,Madhya Pradesh,2023-12,2024-04,2027-02,2027-02,,496.28,496.28,38.62,37.0,Ongoing,2025-11
PM-611963,611963,,"Construction & Development of Infrastructural Facilities in the main campus of NIT Uttarakhand at Sumari, Pauri Garhwal",National Institute of Technology Uttarakhand,Department of Higher Education,Education,Uttarakhand,2020-06,2024-04,2027-09,2027-09,,650.85,650.85,195.52,37.0,Ongoing,2025-11
PM-611966,611966,,Transmission System for Evacuation of power from Potential RE Zone in Khavda Area of Gujarat under phase IV 7GW-Part E4,Power Grid Corporation of India Limited [POWERGRID],Ministry of Power,Transmission & Distribution,Maharashtra,2023-11,2023-11,2025-07,2026-03,,224.41,224.41,89.66,44.0,Ongoing,2025-11
PM-611967,611967,,Transmission Scheme for Solar Energy Zone in Ananthpuram 2500MW and Kurnool 1000MW,Power Grid Corporation of India Limited [POWERGRID],Ministry of Power,Transmission & Distribution,Andhra Pradesh,2023-09,2023-09,2025-09,2026-03,,1248.69,1248.69,1023.92,90.0,Ongoing,2025-11
PM-611970,611970,,Samlaya Timba Road 54 km,PCE/WR,Ministry of Railways,Railways,Gujarat,2023-02,2023-02,2030-03,2030-03,,670.17,670.17,45.02,12.0,Ongoing,2025-11
PM-611971,611971,,Samni Jambusar 24 km,PCE/WR,Ministry of Railways,Railways,Gujarat,2022-05,2022-05,2030-03,2030-03,,350.0,349.93,67.73,31.0,Ongoing,2025-11
PM-611974,611974,,Western Railway Samakhiali Gandhidham Quadrupiling 53 Kms,Western Railway (WR) - II,Ministry of Railways,Railways,Gujarat,2023-08,2023-08,2026-12,2027-06,,1430.0,1430.0,230.24,21.0,Ongoing,2025-11
PM-611977,611977,,Dahod Creation of Infrastructure facilities for 9000 HP Electric locomotives Manufacturing at,PCE/WR,Ministry of Railways,Railways,Gujarat,2022-05,2023-02,2025-02,2025-02,,487.0,487.0,108.69,0.0,Ongoing,2025-11
PM-611978,611978,,Dahod Rolling Stock Workshop Provision of Infrastructure for CBS at,PCE/WR,Ministry of Railways,Railways,Gujarat,2022-11,2023-03,2025-03,2025-03,,158.0,158.0,47.31,0.0,Ongoing,2025-11
PM-611979,611979,,Sabarmati Setting up of Maintenance Facilities for Train Sets Phase ii,Western Railway (WR) - II,Ministry of Railways,Railways,Gujarat,2023-01,2023-04,2025-06,2026-03,,250.0,250.0,103.21,60.0,Ongoing,2025-11
PM-612063,612063,,"Construction of New Terminal Building, Second Link Taxi Track, Apron Expansion, and associated works at Prayagraj Airport- On Design & Build Basis.",Airport Authority of India [AAI],Ministry of Civil Aviation,Aviation & Aviation Infrastructure,Uttar Pradesh,,2023-08,2024-11,2025-10,,219.18,274.38,215.51,100.0,Ongoing,2025-11
PM-612072,612072,,4th LINE BETWEEN BAREJADI NANDEJ-SANAND-AHMEDABAD BYPASS,Western Railway (WR) - II,Ministry of Railways,Railways,Gujarat,2023-02,2023-02,2027-03,2028-07,,961.67,961.67,359.61,18.0,Ongoing,2025-11
PM-612096,612096,,Construction of Balurghat-Hilli new BG Line,Northeast Frontier Railway [NFR],Ministry of Railways,Railways,West Bengal,2010-12,2010-12,2027-03,2027-03,,1209.0,1181.57,405.31,9.0,Ongoing,2025-11
PM-612128,612128,,Hostel blocks & dining hall block,"Indian Institute of Technology, Mandi",Department of Higher Education,Education,Himachal Pradesh,2023-03,2024-03,2026-03,2026-03,,166.66,166.66,85.92,75.0,Ongoing,2025-11
PM-612132,612132,,Transmission Scheme for Evacuation of power from REZ in Rajasthan [20 GW] under Phase-III Part D [Sikar Khetri Transmission Ltd],Power Grid Corporation of India Limited [POWERGRID],Ministry of Power,Transmission & Distribution,"Multi-States (Delhi, Rajasthan)",2024-02,2024-02,2025-08,2026-06,,2000.0,2000.0,1528.4,72.0,Ongoing,2025-11
PM-612133,612133,,Transmission System for Evacuation of power from Rajasthan REZ Ph-IV [Part-1] [Bikaner Complex] Part D [Neemrana Bareilly Transmission Ltd],Power Grid Corporation of India Limited [POWERGRID],Ministry of Power,Transmission & Distribution,"Multi-States (Rajasthan, Uttar Pradesh)",2023-12,2023-12,2025-12,2026-06,,2056.0,2056.0,1603.68,64.0,Ongoing,2025-11
PM-612134,612134,,Transmission System for Evacuation of power from Rajasthan REZ Ph-IV [Part-1] [Bikaner Complex] Part A [Bikaner Neemrana Transmission Ltd],Power Grid Corporation of India Limited [POWERGRID],Ministry of Power,Transmission & Distribution,Rajasthan,2023-12,2023-12,2025-12,2026-06,,2998.34,2998.34,2098.83,60.0,Ongoing,2025-11
PM-612135,612135,,Hostel 4 -Earlier Known as Hostel 20,"Indian Institute of Technology, Bombay",Department of Higher Education,Education,Maharashtra,2022-09,2023-12,2025-09,2025-12,,182.33,182.33,158.23,99.0,Ongoing,2025-11
PM-612138,612138,,"Transmission Scheme for Solar Energy Zone in Bidar [2500 MW], Karnataka [Bidar Transmission Ltd]",Power Grid Corporation of India Limited [POWERGRID],Ministry of Power,Transmission & Distribution,"Multi-States (Karnataka, Telangana)",2024-02,2024-02,2026-02,2026-06,,2147.62,2147.62,1505.69,71.0,Ongoing,2025-11
PM-612139,612139,,Transmission system for Evacuation of Additional 7 GW RE power from Khavda RE park under Phase-III Part B [Vataman Transmission Limited],Power Grid Corporation of India Limited [POWERGRID],Ministry of Power,Transmission & Distribution,Gujarat,2023-12,2023-12,2025-12,2026-12,,3751.82,3751.82,2025.98,32.0,Ongoing,2025-11
PM-612140,612140,,Transmission Scheme for Integration of Renewable Energy Zone [Phase II] in Koppal II [Phase A&B] and gadag II[Phase A] in Karnataka [POWERGRID KOPPAL GADAG TRANSMISSION LIMITED],Power Grid Corporation of India Limited [POWERGRID],Ministry of Power,Transmission & Distribution,Karnataka,2023-12,2023-12,2025-12,2026-06,,2889.39,2889.39,1733.63,61.0,Ongoing,2025-11
PM-612142,612142,,"Singrauli Super Thermal Power Project, Stage-III [2x800 MW]",National Thermal Power Corporation [NTPC],Ministry of Power,Electricity Generation,Uttar Pradesh,2024-03,2024-03,2030-02,2030-02,,17195.0,17195.0,2211.69,13.0,Ongoing,2025-11
PM-612151,612151,,Transmission System for Evacuation of Power from potential Renewable Energy zone in Khavda Area of Gujarat under Phase IV [7 GW] Part E3,Power Grid Corporation of India Limited [POWERGRID],Ministry of Power,Transmission & Distribution,Gujarat,2023-07,2023-07,2025-07,2026-03,,334.0,334.0,207.08,78.0,Ongoing,2025-11
PM-612167,612167,,"Construction of 350 beds + 50 Super Specialty beds ESIC Hospital Sheelanagar, Visakhapatnam, Andhra Pradesh",Employee's State Insurance Company [ESIC],Ministry of Labour and Employment,Healthcare,Andhra Pradesh,2021-02,2023-04,2025-10,2026-01,,384.27,384.27,105.0,40.0,Ongoing,2025-11
PM-612178,612178,,"Construction of 100 Bedded ESIC Hospital building and 32 Nos Residential Quarters at Vallam Vadangal, SIPCOT, Sriperumbudur",Employee's State Insurance Company [ESIC],Ministry of Labour and Employment,Healthcare,Tamil Nadu,2015-02,2023-03,2025-06,2026-01,,152.95,177.01,107.83,99.0,Ongoing,2025-11
PM-612183,612183,,Development of New Civil Enclave at Bihta,Airport Authority of India [AAI],Ministry of Civil Aviation,Aviation & Aviation Infrastructure,Bihar,2024-08,2025-03,2027-09,2027-09,,1413.0,1413.0,0.0,1.0,Ongoing,2025-11
PM-612185,612185,,C/o Construction of 200 bedded [Up-gradable to 300 bedded] ESI Hospital at Surat Gujarat.,Employee's State Insurance Company [ESIC],Ministry of Labour and Employment,Healthcare,Gujarat,2019-06,2021-03,2025-06,2026-01,,209.36,209.36,185.96,98.0,Ongoing,2025-11
PM-612186,612186,,350 Bedded [Upgradable to 500 beds] ESI Hospital at Sanand,Employee's State Insurance Company [ESIC],Ministry of Labour and Employment,Healthcare,Gujarat,2022-06,2023-04,2026-03,2027-05,,558.12,558.12,60.66,8.0,Ongoing,2025-11
PM-612188,612188,,"Construction of 200 Bedded [Upgradable to 500 Bedded including 50 beds of SST] ESIC Hospital at Bibewadi, Pune",Employee's State Insurance Company [ESIC],Ministry of Labour and Employment,Healthcare,Maharashtra,2018-05,2023-03,2025-09,2026-02,,429.25,429.25,282.09,70.0,Ongoing,2025-11
PM-612194,612194,,Development of New Civil Enclave and associated works at Darbhanga Airport,Airport Authority of India [AAI],Ministry of Civil Aviation,Aviation & Aviation Infrastructure,Bihar,2024-07,2024-07,2026-07,2026-07,,911.66,911.66,227.32,43.0,Ongoing,2025-11
PM-612201,612201,,"Construction of 200 bedded ESIC Hospital with 62 Nos Staff quarters , Beltola",Employee's State Insurance Company [ESIC],Ministry of Labour and Employment,Healthcare,Assam,2017-12,2021-10,2025-04,2026-02,,143.23,154.75,101.83,94.0,Ongoing,2025-11
PM-612211,612211,,"Demolition, Construction and upgradation of ESI Hospital, Kalol, Gujarat from 50 beds to 150 beds.",Employee's State Insurance Company [ESIC],Ministry of Labour and Employment,Healthcare,Gujarat,2022-08,2023-10,2025-10,2026-06,,205.87,205.87,31.49,18.0,Ongoing,2025-11
PM-612213,612213,,"Construction of 200 Bedded ESIC Hospital at Butibori, Nagpur, Maharashtra.",Employee's State Insurance Company [ESIC],Ministry of Labour and Employment,Healthcare,Maharashtra,2013-10,2022-08,2025-08,2026-09,,194.93,196.7,114.39,62.0,Ongoing,2025-11
PM-612239,612239,,Construction of 100 bedded ESIC Hospital & 32 nos. of Staff qtrs at OMPURA J&K.,Employee's State Insurance Company [ESIC],Ministry of Labour and Employment,Healthcare,Jammu and Kashmir,2019-09,2021-12,2024-09,2025-12,,131.05,164.93,162.05,99.0,Ongoing,2025-11
PM-612259,612259,,CONSTRUCTION OF 300 BEDDED HOSPITAL AT HARIDWAR,Employee's State Insurance Company [ESIC],Ministry of Labour and Employment,Healthcare,Uttarakhand,2021-02,2021-12,2024-10,2026-03,,102.4,297.63,321.82,80.0,Ongoing,2025-11
PM-612513,612513,,"Construction of 100 Bedded ESI Hospital at Duburi, Odisha.",Employee's State Insurance Company [ESIC],Ministry of Labour and Employment,Healthcare,Odisha,2010-12,2025-02,2027-06,2027-06,,164.6,164.6,16.4,7.0,Ongoing,2025-11
PM-612688,612688,,"Construction of New OPD Block 200 Bed ward Basement + GF + 6 Floors at the location of old OPD block, at existing ESIC Hospital/ Medical college campus, Sanathnagar, Hyderabad",Employee's State Insurance Company [ESIC],Ministry of Labour and Employment,Healthcare,Telangana,2017-11,2021-10,2024-06,2025-06,2025-06,211.13,211.13,198.95,100.0,Completed,2025-11
PM-612745,612745,,"Construction of 200 bed ESI Hospital at Bommasandra, Karnataka",Employee's State Insurance Company [ESIC],Ministry of Labour and Employment,Healthcare,Karnataka,2015-02,2024-10,2027-01,2027-01,,278.0,278.0,27.8,0.0,Ongoing,2025-11
PM-612748,612748,,"Construction of 100 bed ESI Hospital and Staff Quarters [32 Nos.] at Harohalli, Karnataka",Employee's State Insurance Company [ESIC],Ministry of Labour and Employment,Healthcare,Karnataka,2019-07,2025-03,2027-02,2027-02,,150.92,150.92,0.0,0.0,Ongoing,2025-11
PM-612781,612781,,Rebuilding of COB 4 at Durgapur Steel Plant,Steel Authority of India Limited [SAIL],Ministry of Steel,Steel,West Bengal,2023-09,2023-09,2026-12,2026-12,,916.78,916.78,154.56,21.0,Ongoing,2025-11
PM-612786,612786,,"Construction of New Domestic Terminal Building Building and miscellaneous works including maintenance, operations and AICMC at Kadapa Airport",Airport Authority of India [AAI],Ministry of Civil Aviation,Aviation & Aviation Infrastructure,Andhra Pradesh,2023-03,2024-01,2026-01,2026-03,,265.91,265.91,76.65,42.0,Ongoing,2025-11
PM-612787,612787,,Construction of New Domestic Terminal Building and Miscellaneous works at Hubli Airport,Airport Authority of India [AAI],Ministry of Civil Aviation,Aviation & Aviation Infrastructure,Karnataka,2023-06,2024-01,2026-01,2026-03,,320.47,320.47,89.99,51.0,Ongoing,2025-11
PM-612788,612788,,Construction of New Domestic Terminal Building and Miscellaneous Works at Belagavi Airport.,Airport Authority of India [AAI],Ministry of Civil Aviation,Aviation & Aviation Infrastructure,Karnataka,2023-06,2024-02,2026-01,2026-02,,322.45,322.45,140.51,62.0,Ongoing,2025-11
PM-612789,612789,,"Development of additional RESA on either end on Runway 10-28 at Calicut Airport. Construction of embankment with slope protection, drainage system and associated works for additional RESA on either end on Runway 10-28",Airport Authority of India [AAI],Ministry of Civil Aviation,Aviation & Aviation Infrastructure,Kerala,2023-06,2024-02,2025-09,2026-03,,484.57,484.57,96.26,25.0,Ongoing,2025-11
PM-612790,612790,,Power System Upgradation Project,Mangalore Refinary and Petrochemicals Limited,Ministry of Petroleum & Natural Gas,Oil & Gas,Karnataka,2023-10,2023-10,2025-11,2026-05,,385.0,385.0,164.35,72.0,Ongoing,2025-11
PM-612791,612791,,"Re-Construction of Rigid portions of Secondary Runway, K and A Taxiway and Strengthening of C Taxiway at NSCBI Airport Kolkata.",Airport Authority of India [AAI],Ministry of Civil Aviation,Aviation & Aviation Infrastructure,West Bengal,2023-04,2023-12,2025-02,2026-08,,328.3,328.3,109.61,49.0,Ongoing,2025-11
PM-612793,612793,,"Widening of basic strip at Western Side of Runway Chainage 80m to 920m i/c slope stabilization Measures [Balance work] of uphill and Improvement of Storm Water Drainage System at Pakyong Airport, Sikkim on design & build basis [EPC] with integrated 10 years maintenance.",Airport Authority of India [AAI],Ministry of Civil Aviation,Aviation & Aviation Infrastructure,Sikkim,2023-11,2023-12,2026-02,2026-02,,323.26,323.26,38.7,18.0,Ongoing,2025-11
PM-612815,612815,,4th line between Nipania Bhatapara 14.4 Km,South East Central Railway [SECR] - II,Ministry of Railways,Railways,Chhattisgarh,2022-12,2024-05,2027-03,2027-03,,170.49,170.49,1.34,5.0,Ongoing,2025-11
PM-612816,612816,,ITAPARA OCP,Eastern Coal Fields Limited [ECL],Ministry of Coal,Coal,West Bengal,2023-12,2023-12,2030-03,2030-03,,929.1,929.1,69.49,7.0,Ongoing,2025-11
PM-612819,612819,,300 MW SPP part of 510 MW CPSU scheme,NLC India Limited [NLCIL],Ministry of Coal,Electricity Generation,Rajasthan,2022-07,2023-03,2024-09,2025-12,,1813.0,1813.0,1393.34,86.0,Ongoing,2025-11
PM-612827,612827,,Flyover between Pendurthi and Simhachalam North to avoid surface crossing at Simhachalam 7.135 km PB 73 of 2023 24 NR,East Coast Railway [ECoR] - II,Ministry of Railways,Railways,Andhra Pradesh,2023-04,2024-05,2027-04,2027-04,,183.65,183.65,5.15,11.0,Ongoing,2025-11
PM-612834,612834,,3rd & 4th line between Sarla - Sason [8 km] [PB 73/2023-24/NR],East Coast Railway [ECoR] - II,Ministry of Railways,Railways,Odisha,2023-04,2023-04,2025-12,2025-12,,252.0,252.0,91.45,65.0,Ongoing,2025-11
PM-612851,612851,,"Phase 1B - Construction of Academic Block, Hostel, Residential Tower, Directors Residence and External Development works at National Institute of Technology, Delhi Campus on Engineering, Procurement and Construction basis",National Institute of Technology Delhi,Department of Higher Education,Education,Delhi,2009-09,2022-11,2025-09,2026-01,,333.49,336.42,296.45,97.0,Ongoing,2025-11
PM-612853,612853,,Gurdaspur Jammu Pipeline,Gas Authority of India Limited [GAIL],Ministry of Petroleum & Natural Gas,Oil & Gas,"Multi-States (Jammu and Kashmir, Punjab)",2023-07,2023-07,2026-07,2026-07,,521.9,521.9,233.4,42.0,Ongoing,2025-11
PM-612855,612855,,Transmission System for Evacuation of Power from Potential Energy Renewable Zone in Khavda Area of Gujarat under Ph-IV [7GW] Part E2,Power Grid Corporation of India Limited [POWERGRID],Ministry of Power,Transmission & Distribution,Gujarat,2024-05,2024-05,2026-05,2026-06,,679.0,679.0,142.59,30.0,Ongoing,2025-11
PM-612856,612856,,Augmentation of 1x1500 MVA 3rd 765/400 kV transformation capacity at Kurnool New Substation,Power Grid Corporation of India Limited [POWERGRID],Ministry of Power,Transmission & Distribution,Andhra Pradesh,2023-05,2023-12,2025-09,2026-01,,163.61,163.61,88.34,82.0,Ongoing,2025-11
PM-612876,612876,,"Construction of Permanent Campus for NIT Mizoram at Lengpui, Aizawl",NIT Mizoram,Department of Higher Education,Education,Mizoram,2009-09,2014-06,2029-12,2029-12,,474.23,474.23,167.55,4.0,Ongoing,2025-11
PM-612877,612877,,Establishment of NIT Puducherry Permanent Campus [Phase-I and Phase-II],"National Institute of Technology, Puducherry",Department of Higher Education,Education,Puducherry,2009-09,2013-07,2024-12,2025-08,,618.34,544.34,529.94,96.0,Ongoing,2025-11
PM-612883,612883,,Establishment of Permanent Campus of NIT SIkkim at Khamdong-Gangtok District,NIT Sikkim,Department of Higher Education,Education,Sikkim,2024-02,2024-03,2028-02,2026-12,,685.76,610.76,121.56,14.0,Ongoing,2025-11
PM-612885,612885,,Construction and Developement of National Institute of Technology Meghalaya Permanent Campus at Sohra,"National Institute of Technology, Meghalaya",Department of Higher Education,Education,Meghalaya,2009-09,2014-09,2022-03,2025-07,,494.52,494.52,422.07,90.0,Ongoing,2025-11
PM-612894,612894,,"Construction of Permanent Campus of Central University of Himachal Pradesh at Dehra, District - Kangra, [H.P.] on Engineering. Procurement and Construction [EPC Mode 1] Basis.","Central University, Himachal Pradesh",Department of Higher Education,Education,Himachal Pradesh,2021-03,2022-08,2024-11,2025-11,,251.98,300.45,183.56,81.0,Ongoing,2025-11
PM-612898,612898,,Construction of Permanent Campus of National Institute of Technology Arunachal Pradesh,"National Institute of Technology, Arunachal Pradesh",Department of Higher Education,Education,Arunachal Pradesh,2009-09,2013-03,2026-08,2026-08,,592.61,592.61,550.61,80.0,Ongoing,2025-11
PM-612916,612916,,"Construction of permanent campus of Central University of Gujarat at Village kundhela, Dist. Vadodara, Gujarat.",Central University of Gujarat,Department of Higher Education,Education,Gujarat,2020-12,2021-02,2025-03,2026-03,,490.63,490.63,314.51,81.0,Ongoing,2025-11
PM-613002,613002,,Redevelopment of Chennai Egmore Station,Ministry of Railways,Ministry of Railways,Railways,Tamil Nadu,2022-05,2022-10,2026-03,2026-03,,842.0,842.0,340.0,0.0,Ongoing,2025-11
PM-613003,613003,,Dharamjaigarh-Korba 63 km,CERL,Ministry of Railways,Railways,Chhattisgarh,2023-08,2022-07,2026-08,2026-08,,1686.26,1686.26,288.83,18.5,Ongoing,2025-11
PM-613008,613008,,Construction of Permanent Campus of Central Tribal University of Andhra Pradesh Phase-1,Central Tribal University of Andhra Pradesh,Department of Higher Education,Education,Andhra Pradesh,2019-09,2023-12,2027-06,2027-06,,305.0,305.0,19.96,32.0,Ongoing,2025-11
PM-613013,613013,,Establishment of NIT Nagaland,NIT Nagaland,Department of Higher Education,Education,Nagaland,2009-09,2014-12,2025-12,2025-12,,275.63,275.63,261.24,97.0,Ongoing,2025-11
PM-613015,613015,,Redevelopment of Chhatrapati Shivaji Maharaj Terminus [CSMT] and construction of associated infrastructure,Rail Land Development Authority,Ministry of Railways,Railways,Maharashtra,2023-04,2023-07,2027-03,2027-03,,1813.0,1813.0,614.86,17.0,Ongoing,2025-11
PM-613785,613785,,Redevelopment of New Delhi Railway Station and construction of associated infrastructure,Rail Land Development Authority,Ministry of Railways,Railways,Delhi,2023-01,2024-06,2028-12,2028-12,,4744.0,4744.0,129.61,1.0,Ongoing,2025-11
PM-613786,613786,,"Redevelopment of Ahmedabad railway station and associated infrastructure on engineering, procurement and construction mode",Rail Land Development Authority,Ministry of Railways,Railways,Gujarat,2023-01,2023-11,2028-03,2028-03,,2379.0,2379.0,753.62,22.0,Ongoing,2025-11
PM-613787,613787,,Jamrani Dam Multipurpose Project,Irrigation-UK,"Department of Water Resources, River Development & GR",Water Resources,Uttarakhand,2023-10,2023-11,2029-06,2029-06,,2584.1,2584.1,968.52,16.0,Ongoing,2025-11
PM-613793,613793,,SHYAMSUNDARPUR UG INCLUDING SA,Eastern Coal Fields Limited [ECL],Ministry of Coal,Coal,West Bengal,2020-04,2020-04,2026-03,2028-03,,483.65,483.65,60.99,12.0,Ongoing,2025-11
PM-613794,613794,,PARASEA-BELBAID UG PROJECT,Eastern Coal Fields Limited [ECL],Ministry of Coal,Coal,West Bengal,2023-01,2023-01,2028-03,2028-03,,389.1,389.1,132.48,21.0,Ongoing,2025-11
PM-613795,613795,,JAMPALI OC RCE [2.0 MTY],South Eastern Coalfields Limited [SECL],Ministry of Coal,Coal,Chhattisgarh,2020-05,2020-05,2025-03,2025-06,2024-08,278.64,278.64,210.07,100.0,Completed,2025-11
PM-613798,613798,,AMERA OC RCE [1.0 MTY],South Eastern Coalfields Limited [SECL],Ministry of Coal,Coal,Chhattisgarh,2015-02,2015-02,2026-03,2026-03,,335.97,335.97,88.24,42.0,Ongoing,2025-11
PM-613799,613799,,AMGAON OC RCE [1.0 MTY],South Eastern Coalfields Limited [SECL],Ministry of Coal,Coal,Chhattisgarh,2015-07,2015-07,2026-03,2026-03,,316.11,316.11,188.72,78.0,Ongoing,2025-11
PM-613800,613800,,JAGANNATHPUR OC RCE PROJECT,South Eastern Coalfields Limited [SECL],Ministry of Coal,Coal,Chhattisgarh,2016-07,2016-07,2025-03,2026-03,,459.49,459.49,274.35,96.0,Ongoing,2025-11
PM-613801,613801,,MAHAMAYA OCP [1.50 MTY],South Eastern Coalfields Limited [SECL],Ministry of Coal,Coal,Chhattisgarh,2018-05,2018-05,2026-03,2028-03,,410.26,410.26,182.83,54.0,Ongoing,2025-11
PM-613802,613802,,KANCHAN OC EXP,South Eastern Coalfields Limited [SECL],Ministry of Coal,Coal,Madhya Pradesh,2014-12,2014-12,2026-03,2026-03,,371.04,371.04,144.61,58.0,Ongoing,2025-11
PM-613803,613803,,JHIRIA WEST OCP [1.5 MTY],South Eastern Coalfields Limited [SECL],Ministry of Coal,Coal,Madhya Pradesh,2024-01,2024-01,2029-03,2029-03,,366.94,366.94,34.1,41.0,Ongoing,2025-11
PM-613804,613804,,RPR TAWA-III UG 0.84 MTY,Western Coalfields Limited [WCL],Ministry of Coal,Coal,Madhya Pradesh,2021-12,2021-12,2027-03,2027-03,,314.09,314.09,6.84,17.0,Ongoing,2025-11
PM-613808,613808,,MURAIDIH UG PROJECT,Ministry of Coal,Ministry of Coal,Coal,Jharkhand,2011-02,2011-02,2014-04,2026-12,,339.87,339.87,191.0,70.0,Ongoing,2025-11
PM-615183,615183,,KHADIA EXPANSION [10 TO 16 MTP,Northern Coalfields Limited [NCL],Ministry of Coal,Coal,"Multi-States (Madhya Pradesh, Uttar Pradesh)",2021-06,2021-06,2025-03,2027-03,,491.67,491.67,247.06,50.0,Ongoing,2025-11
PM-615184,615184,,SAONER UG MINE -1 EXPANSION 1.,Western Coalfields Limited [WCL],Ministry of Coal,Coal,Maharashtra,2022-01,2022-01,2028-03,2028-03,,228.64,228.64,143.48,68.0,Ongoing,2025-11
PM-615185,615185,,AMALGAMATED DHANKASA & JAMUNIA,Western Coalfields Limited [WCL],Ministry of Coal,Coal,Madhya Pradesh,2022-09,2022-09,2027-03,2027-03,,399.2,399.2,93.52,66.0,Ongoing,2025-11
PM-615186,615186,,SASTI EXPANSION OPENCAST,Western Coalfields Limited [WCL],Ministry of Coal,Coal,Maharashtra,2020-08,2020-08,2026-03,2026-03,,319.04,319.04,91.6,20.0,Ongoing,2025-11
PM-615187,615187,,RPR OF VISHNUPURI UG TO OC,Western Coalfields Limited [WCL],Ministry of Coal,Coal,Madhya Pradesh,2022-11,2022-11,2029-03,2029-03,,220.62,220.62,0.0,11.0,Ongoing,2025-11
PM-615188,615188,,NEW MAJRI UG TO OC 3 MTY COST,Western Coalfields Limited [WCL],Ministry of Coal,Coal,Maharashtra,2019-05,2022-09,2027-03,2027-03,,402.27,402.27,60.07,24.0,Ongoing,2025-11
PM-615189,615189,,MAKARDHOKRA EXPN OC 4.9 MTY,Western Coalfields Limited [WCL],Ministry of Coal,Coal,Maharashtra,2022-06,2022-06,2026-03,2026-03,,361.87,361.87,77.54,11.0,Ongoing,2025-11
PM-615190,615190,,SINGHORI DEEP OC MIN 2.0 MTY,Western Coalfields Limited [WCL],Ministry of Coal,Coal,Maharashtra,2022-05,2022-05,2029-03,2029-03,,335.75,335.75,26.98,6.0,Ongoing,2025-11
PM-615191,615191,,KATKONA RO UG MINE,South Eastern Coalfields Limited [SECL],Ministry of Coal,Coal,Chhattisgarh,2023-01,2023-01,2029-03,2029-03,,329.21,329.21,61.34,2.0,Ongoing,2025-11
PM-615192,615192,,GOKUL EXTENSION OC MINE,Western Coalfields Limited [WCL],Ministry of Coal,Coal,Maharashtra,2021-04,2021-04,2026-03,2026-03,,309.58,309.58,45.87,8.0,Ongoing,2025-11
PM-615193,615193,,BASUNDHARA WEST EXTENSION OPEN,MCL - CIL,Ministry of Coal,Coal,Odisha,2014-05,2014-05,2019-03,2029-03,,479.15,479.15,274.63,64.0,Ongoing,2025-11
PM-615194,615194,,URDHAN EXPANSION OC COST PLUS,Western Coalfields Limited [WCL],Ministry of Coal,Coal,Madhya Pradesh,2022-07,2023-01,2031-03,2031-03,,206.88,206.88,27.19,0.0,Ongoing,2025-11
PM-615195,615195,,SHARDA UG MINE,Western Coalfields Limited [WCL],Ministry of Coal,Coal,Madhya Pradesh,2022-07,2023-09,2028-03,2028-03,,166.25,166.25,5.12,9.0,Ongoing,2025-11
PM-615199,615199,,KOLGAON EXPANSION DEEP OC MINE,Western Coalfields Limited [WCL],Ministry of Coal,Coal,Maharashtra,2023-01,2023-09,2027-03,2027-03,,198.71,198.71,10.55,2.0,Ongoing,2025-11
PM-615202,615202,,Capacity expansion of Deposit-14 and 14 NMZ at Kirandul,National Mineral Development Corporation Limited [NMDC],Ministry of Steel,Metals & Mining,Chhattisgarh,2021-08,2022-07,2028-12,2028-03,,1700.0,1756.2,142.16,7.0,Ongoing,2025-11
PM-615206,615206,,GANDHIGRAM UG MINE,Western Coalfields Limited [WCL],Ministry of Coal,Coal,Madhya Pradesh,2019-08,2019-08,2026-03,2026-03,,414.15,414.15,14.41,56.0,Ongoing,2025-11
PM-615327,615327,,50 MW Solar PP Minedout Area,NLC India Limited [NLCIL],Ministry of Coal,Electricity Generation,Tamil Nadu,2023-08,2024-02,2025-03,2025-12,,218.03,218.03,164.7,75.0,Ongoing,2025-11
PM-615330,615330,,BALLARPUR NORTH WEST OC MINE,Western Coalfields Limited [WCL],Ministry of Coal,Coal,Maharashtra,2022-12,2022-12,2029-03,2029-03,,360.81,360.81,0.02,4.0,Ongoing,2025-11
PM-615331,615331,,GADEGAON OC 3 MTY,Western Coalfields Limited [WCL],Ministry of Coal,Coal,Maharashtra,2023-10,2023-10,2030-03,2030-03,,497.41,497.41,0.08,0.0,Ongoing,2025-11
PM-615332,615332,,Transmission System for Evacuation of Power from Rajasthan REZ Ph-IV [Part-2 5.5 GW][Jaisalmer/Barmer Complex] Part B [SPV Name POWERGRID Sirohi Transmission Limited],Power Grid Corporation of India Limited [POWERGRID],Ministry of Power,Transmission & Distribution,Rajasthan,2024-08,2024-08,2026-08,2026-12,,3279.0,3279.0,1040.75,29.0,Ongoing,2025-11
PM-615333,615333,,Transmission System for Evacuation of Power from Rajasthan REZ Ph-IV [Part-2 5.5 GW] [Jaisalmer/Barmer Complex] Part D [SPV Name POWERGRID Beawar Mandsaur Transmission Limited],Power Grid Corporation of India Limited [POWERGRID],Ministry of Power,Transmission & Distribution,"Multi-States (Madhya Pradesh, Rajasthan)",2024-08,2024-08,2026-08,2026-08,,2227.0,2227.0,801.72,25.0,Ongoing,2025-11
PM-615334,615334,,Transmission System for Evacuation of Power from Rajasthan REZ Ph-IV [Part-2 5.5 GW] [Jaisalmer/Barmer Complex] Part E [SPV Name POWERGRID Mewar Transmission Limited],Power Grid Corporation of India Limited [POWERGRID],Ministry of Power,Transmission & Distribution,"Multi-States (Madhya Pradesh, Rajasthan)",2024-08,2024-08,2026-08,2027-03,,3251.0,3251.0,1137.85,28.0,Ongoing,2025-11
PM-615335,615335,,Transmission System Strengthening for Interconnections of Bhadla-III & Bikaner III Complex [SPV Name POWERGRID BHADLA BIKANER TRANSMISSION LIMITED],Power Grid Corporation of India Limited [POWERGRID],Ministry of Power,Transmission & Distribution,Rajasthan,2024-08,2024-08,2026-08,2026-12,,1382.0,1382.0,201.08,12.0,Ongoing,2025-11
PM-615337,615337,,Additional Transmission System for evacuation of Power from Bhadla-III PS as part of Rajasthan REZ Phase III Scheme [20 GW] [SPV Name POWERGRID Bhadla-III Power Transmission Limited],Power Grid Corporation of India Limited [POWERGRID],Ministry of Power,Transmission & Distribution,Rajasthan,2024-08,2024-08,2026-02,2026-03,,369.0,369.0,113.89,30.0,Ongoing,2025-11
PM-615338,615338,,TRANSMISSION SYSTEM FOR EVACUATION OF POWER FROM RAJASTHAN REZ PH -IV [PART-2 5.5 GW] [JAISALMER/BARMER COMPLEX] PART F [SPV Name POWERGRID BARMER I TRANSMISSION LIMITED],Power Grid Corporation of India Limited [POWERGRID],Ministry of Power,Transmission & Distribution,Rajasthan,2024-11,2024-11,2026-11,2027-06,,2735.0,2735.0,533.05,17.0,Ongoing,2025-11
PM-615339,615339,,Transmission system for evacuation of power from Rajasthan REZ Ph-IV [Part- 3/6GW] [Bikaner complex] Part A [SPV Name POWERGRID Bikaner IV Transmission Limited],Power Grid Corporation of India Limited [POWERGRID],Ministry of Power,Transmission & Distribution,"Multi-States (Haryana, Punjab, Rajasthan)",2024-11,2024-11,2026-11,2027-03,,5969.0,5969.0,698.04,11.0,Ongoing,2025-11
PM-615340,615340,,TRANSMISSION SYSTEM FOR EVACUATION OF POWER FROM RAJASTHAN REZ PH-IV [PART-3/ 6 GW] [BIKANER COMPLEX] PART B [SPV Name POWERGRID Siwani Transmission Limited],Power Grid Corporation of India Limited [POWERGRID],Ministry of Power,Transmission & Distribution,"Multi-States (Haryana, Rajasthan)",2024-11,2024-11,2026-11,2027-03,,5357.0,5357.0,666.56,17.0,Ongoing,2025-11
PM-615342,615342,,Augmentation of Transformation Capacity at jam Khambhaliya PS [GIS] [SPV Name POWERGRID Jam Khambhaliya Transmission Limited],Power Grid Corporation of India Limited [POWERGRID],Ministry of Power,Transmission & Distribution,Gujarat,2024-10,2024-10,2026-07,2026-07,,329.0,329.0,13.17,3.0,Ongoing,2025-11
PM-615343,615343,,Provision of Dynamic Reactive Compensation at Khavda pooling Station 1 [KPS1] and Khavda Pooling station 3 [KPS3],Power Grid Corporation of India Limited [POWERGRID],Ministry of Power,Transmission & Distribution,Gujarat,2024-11,2024-11,2026-11,2026-11,,501.0,501.0,8.11,2.0,Ongoing,2025-11
PM-615344,615344,,Transmission System for Evacuation of Power from Rajasthan REZ Ph-IV [Part-2 5.5GW] [Jaisalmer/Barmer Complex] Part H1 [POWERGRID KURAWAR TRANSMISSION LIMITED],Power Grid Corporation of India Limited [POWERGRID],Ministry of Power,Transmission & Distribution,Madhya Pradesh,2024-10,2024-10,2026-10,2027-03,,3674.0,3674.0,808.28,18.0,Ongoing,2025-11
PM-615345,615345,,Transmission System for Evacuation of Power from Potential Renewable Energy Zone in Khavda area of Gujarat under Phase-IV [7GW] Part B [SPV Name POWERGRID South Olpad Transmission Limited],Power Grid Corporation of India Limited [POWERGRID],Ministry of Power,Transmission & Distribution,Gujarat,2024-10,2024-10,2026-10,2027-03,,4766.0,4766.0,762.56,10.0,Ongoing,2025-11
PM-615346,615346,,Transmission System for Evacuation of Power from Rajasthan REZ Ph-IV [Part-2 5.5 GW] [Jaisalmer/Barmer Complex] Part C [SPV Name POWERGRID Mandsaur Transmission Limited],Power Grid Corporation of India Limited [POWERGRID],Ministry of Power,Transmission & Distribution,Madhya Pradesh,2024-08,2024-08,2026-08,2026-12,,2708.0,2708.0,1056.12,44.0,Ongoing,2025-11
PM-615347,615347,,TRANSMISSION SYSTEM FOR EVACUATION OF POWER FROM POTENTIAL RENEWABLE ENERGY ZONE IN KHAVDA AREA OF GUJARAT UNDER PHASE-V [8 GW] PART A [SPV Name POWERGRID West Central Transmission Limited],Power Grid Corporation of India Limited [POWERGRID],Ministry of Power,Transmission & Distribution,"Multi-States (Gujarat, Maharashtra)",2024-11,2024-11,2029-05,2029-05,,24819.0,24819.0,1985.98,3.0,Ongoing,2025-11
PM-615349,615349,,TAPIN SOUTH EXPN,Ministry of Coal,Ministry of Coal,Coal,Jharkhand,2020-11,2020-11,2028-03,2028-03,,230.41,230.41,22.02,20.0,Ongoing,2025-11
PM-615818,615818,,Jawahar Khani Open Cast Mine,Singareni Collieries Company Limited [SCCL],Ministry of Coal,Coal,Telangana,2021-12,2021-12,2025-03,2027-03,,297.88,297.88,46.95,20.0,Ongoing,2025-11
PM-615820,615820,,TIKAK EXTENSION OCP,MIS MoCoal Integration Logins,Ministry of Coal,Coal,Assam,2022-07,2022-07,2031-07,2031-07,,159.77,159.77,81.47,4.0,Ongoing,2025-11
PM-615821,615821,,TIRAP OCP,MIS MoCoal Integration Logins,Ministry of Coal,Coal,Assam,2022-11,2022-11,2030-11,2030-11,,289.46,289.46,105.61,3.0,Ongoing,2025-11
PM-615822,615822,,SIRKA OC,Ministry of Coal,Ministry of Coal,Coal,Jharkhand,2020-05,2020-05,2028-03,2028-03,,222.82,222.82,140.58,53.0,Ongoing,2025-11
PM-615843,615843,,TETARIAKHAR OC,Ministry of Coal,Ministry of Coal,Coal,Jharkhand,2019-11,2019-11,2025-03,2027-03,,243.52,243.52,49.54,29.0,Ongoing,2025-11
PM-615857,615857,,Naini Coal Mine,Singareni Collieries Company Limited [SCCL],Ministry of Coal,Coal,Odisha,2020-03,2020-03,2026-03,2026-03,,494.3,494.3,491.33,80.0,Ongoing,2025-11
PM-615858,615858,,Kalyanikhani Opencast Project,Singareni Collieries Company Limited [SCCL],Ministry of Coal,Coal,Telangana,2016-03,2017-05,2026-03,2026-03,,384.32,384.32,284.06,75.0,Ongoing,2025-11
PM-615859,615859,,Kakathiya Khani Opencast - III Project Phase - I,Singareni Collieries Company Limited [SCCL],Ministry of Coal,Coal,Telangana,2017-03,2017-05,2026-03,2026-03,,413.84,413.84,397.55,79.0,Ongoing,2025-11
PM-615860,615860,,Godavarikhani Coal Mine - 5,Singareni Collieries Company Limited [SCCL],Ministry of Coal,Coal,Telangana,2019-07,2019-05,2025-03,2026-03,,607.04,607.04,191.78,71.0,Ongoing,2025-11
PM-615861,615861,,Indaram Opencast Project,Singareni Collieries Company Limited [SCCL],Ministry of Coal,Coal,Telangana,2017-08,2022-12,2025-03,2026-03,,424.81,424.81,405.0,80.0,Ongoing,2025-11
PM-615862,615862,,Goleti Opencast Mine,Singareni Collieries Company Limited [SCCL],Ministry of Coal,Coal,Telangana,2021-07,2021-08,2026-03,2026-03,,345.6,345.6,76.19,21.0,Ongoing,2025-11
PM-615863,615863,,Venkatesh Khani Coal Mine,Singareni Collieries Company Limited [SCCL],Ministry of Coal,Coal,Telangana,2020-10,2020-06,2026-03,2026-03,,484.5,484.5,477.14,97.0,Ongoing,2025-11
PM-615864,615864,,Ramagundam OC-II Extension Project,Singareni Collieries Company Limited [SCCL],Ministry of Coal,Coal,Telangana,2015-11,2015-06,2026-03,2026-03,,489.62,489.62,405.54,77.0,Ongoing,2025-11
PM-615865,615865,,Kakatiyakhani OC - 2 Project,Singareni Collieries Company Limited [SCCL],Ministry of Coal,Coal,Telangana,2017-08,2017-09,2025-03,2026-03,,442.42,442.42,230.28,63.0,Ongoing,2025-11
PM-615914,615914,,GHONSA EXPANSION DEEP OC MINE,Western Coalfields Limited [WCL],Ministry of Coal,Coal,Maharashtra,2021-03,2021-03,2029-03,2029-03,,184.71,184.71,14.48,5.0,Ongoing,2025-11
PM-615916,615916,,AMLG GAURI PAUNI EXPANSION OC,Western Coalfields Limited [WCL],Ministry of Coal,Coal,Maharashtra,2024-04,2024-04,2030-03,2030-03,,1225.21,1225.21,80.14,2.0,Ongoing,2025-11
PM-615917,615917,,GAURIDEEP/GAURI CENTRAL OCP 7.,Western Coalfields Limited [WCL],Ministry of Coal,Coal,Maharashtra,2023-08,2024-06,2030-03,2030-03,,973.07,973.07,0.67,0.0,Ongoing,2025-11
PM-615918,615918,,RPR OF BHANEGAON OC,Western Coalfields Limited [WCL],Ministry of Coal,Coal,Maharashtra,2017-02,2022-09,2028-03,2028-03,,405.2,405.2,12.39,7.0,Ongoing,2025-11
PM-615919,615919,,N. EXTN. MUNGOLI NIRGUDA D OCP,Western Coalfields Limited [WCL],Ministry of Coal,Coal,Maharashtra,2024-06,2024-06,2029-03,2029-03,,1024.91,1024.91,175.93,0.0,Ongoing,2025-11
PM-615982,615982,,NILJAI EXPANSION DEEP OCP,Western Coalfields Limited [WCL],Ministry of Coal,Coal,Maharashtra,2016-08,2016-08,2022-03,2026-03,,319.75,319.75,185.91,79.0,Ongoing,2025-11
PM-616044,616044,,UKNI DEEP OC MINE -COST PLUS,Western Coalfields Limited [WCL],Ministry of Coal,Coal,Maharashtra,2018-11,2019-01,2021-03,2026-03,,237.06,237.06,165.76,87.0,Ongoing,2025-11
PM-616050,616050,,AMALGAMATED INDER-KAMPTEE DEEP,Western Coalfields Limited [WCL],Ministry of Coal,Coal,Maharashtra,2018-09,2018-09,2024-03,2026-03,,235.9,235.9,131.81,98.0,Ongoing,2025-11
PM-616223,616223,,ADASA UG TO OC MINE,Western Coalfields Limited [WCL],Ministry of Coal,Coal,Maharashtra,2018-11,2018-11,2024-03,2026-03,,316.0,316.0,208.63,86.0,Ongoing,2025-11
PM-616225,616225,,CHUPERBHITA SIMLONG OCP MDO 6,Eastern Coal Fields Limited [ECL],Ministry of Coal,Coal,Jharkhand,2023-12,2023-12,2037-03,2037-03,,979.08,979.08,0.0,0.0,Ongoing,2025-11
PM-616226,616226,,INTEGRATED KULDA GARJANBAHAL O,Mahanadi Coalfields Limited [MCL],Ministry of Coal,Coal,Odisha,2023-04,2023-04,2033-03,2033-03,,3563.5,3563.5,592.57,3.0,Ongoing,2025-11
PM-616227,616227,,Chandil - Anara - Damodar - 3rd line [121.26 km],CAO/C/SER,Ministry of Railways,Railways,"Multi-States (Jharkhand, West Bengal)",2024-09,2025-07,2029-09,2029-09,,1932.01,1932.01,0.3,0.0,Ongoing,2025-11
PM-616229,616229,,AMAL GONDEGAON GHATROHANA EXPN,Western Coalfields Limited [WCL],Ministry of Coal,Coal,Maharashtra,2024-09,2024-09,2029-03,2029-03,,668.54,668.54,1.19,0.0,Ongoing,2025-11
PM-616230,616230,,PARASCOLE JAMBAD OCP,Eastern Coal Fields Limited [ECL],Ministry of Coal,Coal,West Bengal,2024-11,2024-11,2037-03,2037-03,,1193.55,1193.55,9.53,0.0,Ongoing,2025-11
PM-616231,616231,,BHUBANESWARI EXPN OCP 50 MTY,MCL - CIL,Ministry of Coal,Coal,Odisha,2024-03,2024-03,2033-03,2033-03,,5366.27,5366.27,468.15,29.0,Ongoing,2025-11
PM-616232,616232,,HINGULA II OC EXPN PH III 15 M,MCL - CIL,Ministry of Coal,Coal,Odisha,2022-11,2022-11,2029-03,2029-03,,1561.85,1561.85,272.99,24.0,Ongoing,2025-11
PM-616233,616233,,BALABHADRA OCP,MCL - CIL,Ministry of Coal,Coal,Odisha,2023-04,2023-04,2030-03,2030-03,,978.44,978.44,212.94,12.0,Ongoing,2025-11
PM-616234,616234,,PELMA OC MDO,South Eastern Coalfields Limited [SECL],Ministry of Coal,Coal,Chhattisgarh,2022-10,2022-10,2033-03,2033-03,,1725.04,1725.04,15.66,40.0,Ongoing,2025-11
PM-616235,616235,,Construction of Aviation Fuel farm Facilities at Bhogapuram Airport,Ministry of Petroleum & Natural Gas,Ministry of Petroleum & Natural Gas,Energy Storage,Andhra Pradesh,2024-08,2024-08,2026-03,2026-03,,240.0,240.0,72.26,83.0,Ongoing,2025-11
PM-616236,616236,,JARANGDIH EXPN. OCP 1.5 MTY,CCL - CIL,Ministry of Coal,Coal,Jharkhand,2020-02,2020-02,2029-03,2029-03,,414.37,414.37,85.6,32.0,Ongoing,2025-11
PM-616253,616253,,BLOCK E OCP,Ministry of Coal,Ministry of Coal,Coal,Jharkhand,2024-03,2024-03,2029-03,2029-03,,5850.83,5850.83,20.32,3.0,Ongoing,2025-11
PM-616254,616254,,Visakh Raipur Pipeline Project,Ministry of Petroleum and Natural Gas,Ministry of Petroleum & Natural Gas,Oil & Gas,"Multi-States (Andhra Pradesh, Chhattisgarh, Odisha)",2024-09,2024-09,2027-09,2027-09,,2212.0,2212.0,22.57,14.0,Ongoing,2025-11
PM-616586,616586,,Bangriposi-Gorumahisani new line [ 85.60 km ],CAO/C/SER,Ministry of Railways,Railways,Odisha,2024-08,2025-09,2029-12,2029-12,,2269.49,2269.49,4.08,0.0,Ongoing,2025-11
PM-616587,616587,,Badampahar-Kendujhargarh new line [82.06 km],CAO/C/SER,Ministry of Railways,Railways,Odisha,2024-08,2025-09,2029-12,2029-12,,1875.72,1875.72,1.04,0.0,Ongoing,2025-11
PM-616588,616588,,Buramara-Chakulia new line [59.96 km],South Eastern Railway [SER] - I,Ministry of Railways,Railways,"Multi-States (Jharkhand, Odisha, West Bengal)",2024-08,2024-12,2029-12,2029-12,,1459.13,1459.13,3.33,0.0,Ongoing,2025-11
PM-616594,616594,,Interception & Diversion with Rehabilitation of sewerage scheme at Agra under Hybrid annuity based PPP model-Namami Gange Programme,National Mission for Clean Ganga,"Department of Water Resources, River Development & GR",Waste & Water,Uttar Pradesh,2020-05,2023-04,2025-04,2025-12,,842.25,842.25,208.64,77.0,Ongoing,2025-11
PM-616600,616600,,Interception and Diversion and STP works in Bhagalpur under Hybrid annuity based PPP mode-Namami Gange Programme,National Mission for Clean Ganga,"Department of Water Resources, River Development & GR",Waste & Water,Bihar,2017-10,2022-03,2025-02,2025-12,,413.29,413.29,126.67,97.0,Ongoing,2025-11
PM-616604,616604,,Pollution Abatement works for River Ganga at Hooghly Chinsurah- Municipal Town Interception & Diversion with STP,National Mission for Clean Ganga,"Department of Water Resources, River Development & GR",Waste & Water,West Bengal,2018-05,2021-12,2025-03,2025-12,,154.73,154.73,96.17,92.0,Ongoing,2025-11
PM-616605,616605,,Pollution Abatement Works for River Kali Meerut under Meerut Municipality Interception & Diversion with STP,National Mission for Clean Ganga,"Department of Water Resources, River Development & GR",Waste & Water,Uttar Pradesh,2020-05,2024-11,2024-12,2027-05,,690.71,690.71,34.79,38.0,Ongoing,2025-11
PM-616611,616611,,Sewage Treatment Plant 100MLD and Sewerage Network 288 km in Digha-Patna under Hybrid annuity based PPP mode-Namami Gange Programme,National Mission for Clean Ganga,"Department of Water Resources, River Development & GR",Waste & Water,Bihar,2017-08,2019-07,2025-12,2025-12,,824.0,824.0,396.71,56.0,Ongoing,2025-11
PM-616612,616612,,Sewage Treatment Plant 50MLD and Sewerage Network 150 km in Kankarbagh- Patna under Hybrid annuity based PPP mode-Namami Gange Programme,National Mission for Clean Ganga,"Department of Water Resources, River Development & GR",Waste & Water,Bihar,2017-08,2019-07,2025-12,2025-12,,578.89,578.89,171.79,54.0,Ongoing,2025-11
PM-616615,616615,,"Sewer Network, SPS and STP at Begusarai",National Mission for Clean Ganga,"Department of Water Resources, River Development & GR",Waste & Water,Bihar,2010-03,2018-03,2025-04,2025-12,,230.06,230.06,261.82,97.0,Ongoing,2025-11
PM-616616,616616,,"Sewer Networks, SPS and STP at Hajipur",National Mission for Clean Ganga,"Department of Water Resources, River Development & GR",Waste & Water,Bihar,2010-03,2018-03,2025-06,2025-12,,305.19,305.19,346.46,95.0,Ongoing,2025-11
PM-616670,616670,,Transmission System for evacuation of Power from Rajasthan REZ Ph-IV [Part-4 3.5 GW] Part A [SPV name POWERGRID Ghiror Transmission Limited],Power Grid Corporation of India Limited [POWERGRID],Ministry of Power,Transmission & Distribution,"Multi-States (Rajasthan, Uttar Pradesh)",2024-12,2024-12,2026-12,2027-03,,5846.0,5846.0,566.68,11.0,Ongoing,2025-11
PM-616671,616671,,Transmission System under ISTS for evacuation of Power from Kudankulam Unit-3&4 [2x1000 MW] [SPV Name POWERGRID Kudankulam Tarnsmission Limited],Power Grid Corporation of India Limited [POWERGRID],Ministry of Power,Transmission & Distribution,Tamil Nadu,2025-01,2025-01,2026-12,2026-12,,548.0,548.0,65.46,11.0,Ongoing,2025-11
PM-616672,616672,,System Strengthening at Koppal-II and GadagII for integration of RE generation projects [SPV Name POWERGRID Koppal Gadag Augmentation Transmission Limited],Power Grid Corporation of India Limited [POWERGRID],Ministry of Power,Transmission & Distribution,Karnataka,2025-01,2025-01,2027-06,2027-06,,1354.0,1354.0,44.0,1.0,Ongoing,2025-11
PM-616691,616691,,"Upgradation & Extension of ESIC Hospital and Construction of PG Hostel / Staff Housing for ESIC Hospital at Andheri, Mumbai",Employee's State Insurance Company [ESIC],Ministry of Labour and Employment,Healthcare,Maharashtra,2008-12,2009-06,2025-08,2025-12,,260.13,260.13,210.12,89.0,Ongoing,2025-11
PM-616695,616695,,Paradeep - Badabandha 3rd & 4th Line / 18.51kms,East Coast Railway [ECoR] - II,Ministry of Railways,Railways,Odisha,2023-08,2025-04,2028-11,2028-11,,300.15,300.15,0.0,0.0,Ongoing,2025-11
PM-616697,616697,,3rd & 4th line between Vadlapudi -Gate Jn. cabin and Tie line between Gate Junction to Gangavaram port,East Coast Railway [ECoR] - II,Ministry of Railways,Railways,Andhra Pradesh,2023-04,2024-03,2026-06,2026-06,,154.28,154.28,20.58,32.0,Ongoing,2025-11
PM-616699,616699,,Multi tracking of Son Nagar-Andal 374.53 rkm & 814.38 tkm,East Central Railway [ECR] - I,Ministry of Railways,Railways,"Multi-States (Bihar, Jharkhand)",2023-08,2023-08,2028-03,2028-03,,12333.57,12333.6,420.86,13.0,Ongoing,2025-11
PM-616701,616701,,Lumding Furkating Doubling Project 140 km,Northeast Frontier Railway [NFR],Ministry of Railways,Railways,"Multi-States (Assam, Nagaland)",2024-02,2025-01,2028-02,2028-02,,2123.7,2123.7,13.74,0.0,Ongoing,2025-11
PM-616841,616841,,PUSHKAR- MERTA CITY NEW LINE,North Western Railway [NWR],Ministry of Railways,Railways,Rajasthan,2024-02,2024-02,2026-12,2026-12,,799.64,799.64,14.64,4.0,Ongoing,2025-11
PM-616842,616842,,LUNI- SAMDARI- BHILDI DOUBLING,North Western Railway [NWR],Ministry of Railways,Railways,"Multi-States (Gujarat, Rajasthan)",2024-02,2024-02,2027-07,2027-07,,3085.59,3085.59,363.31,13.0,Ongoing,2025-11
PM-616843,616843,,AJMER- CHANDERIYA DOUBLING,North Western Railway [NWR],Ministry of Railways,Railways,Rajasthan,2024-02,2024-02,2027-06,2027-06,,1634.79,1634.79,140.65,7.0,Ongoing,2025-11
PM-616856,616856,,Doubling between Bhadrachalam Road and Dornakal,South Central Railway [SCR] - II,Ministry of Railways,Railways,Telangana,2023-08,2025-04,2029-04,2029-04,,770.12,770.12,16.34,0.0,Ongoing,2025-11
PM-616857,616857,,Doubling between Motumari Vishnupuram - 88.81 Km and Rail over Rail - RoR at Motumari - 10.877 Km,South Central Railway [SCR] - II,Ministry of Railways,Railways,"Multi-States (Andhra Pradesh, Telangana)",2024-02,2025-03,2029-03,2029-03,,1595.55,1595.55,14.45,1.0,Ongoing,2025-11
PM-616858,616858,,"Construction of Field Gas Gathering Station at Baghjan area for collection, processing & transportation of natural Gas to be produced from Baghjan Field",Ministry of Petroleum & Natural Gas,Ministry of Petroleum & Natural Gas,Oil & Gas,Assam,2020-12,2020-12,2024-03,2025-12,,430.76,430.76,331.99,88.0,Ongoing,2025-11
PM-616879,616879,,Demo Bio-ATF Project,Ministry of Petroleum & Natural Gas,Ministry of Petroleum & Natural Gas,Oil & Gas,Karnataka,2024-03,2024-03,2027-01,2027-01,,364.0,364.0,39.1,22.0,Ongoing,2025-11
PM-616886,616886,,Delhi University Eastern Campus at Surajmal Vihar,Delhi University,Department of Higher Education,Education,Delhi,2024-09,2025-03,2026-10,2026-10,,373.0,373.0,28.63,20.0,Ongoing,2025-11
PM-616933,616933,,Lube Modernization & Bottom Upgradation Project at Mumbai Refinery,Ministry of Petroleum and Natural Gas,Ministry of Petroleum & Natural Gas,Oil & Gas,Maharashtra,2024-12,2024-12,2028-03,2028-03,,4679.0,4679.0,213.91,6.0,Ongoing,2025-11
PM-616950,616950,,PRP-VIII [Group-A],Ministry of Petroleum & Natural Gas,Ministry of Petroleum & Natural Gas,Oil & Gas,Offshore,2024-09,2024-09,2026-02,2026-05,,1486.4,1486.4,272.3,24.0,Ongoing,2025-11
PM-617068,617068,,"Augmentation of Transformation Capacity by 3x500 MVA, 400/220 KV ICTS [6th-8th] and 1x1500 MVA, 765/400 KV ICT [4th] at Bidar PS [SPV Name- POWERGRID Bidar Augmentation Transmission Limited]",Power Grid Corporation of India Limited [POWERGRID],Ministry of Power,Transmission & Distribution,Karnataka,2025-02,2025-02,2027-06,2027-06,,288.0,288.0,7.41,1.0,Ongoing,2025-11
PM-617069,617069,,Augmentation of Transformation Capacity at KPS1 [GIS] and KPS2 [GIS] [Phase-V Part B1 and Part B2 Scheme] [SPV Name- POWERGRID KPS1 and 2 Augmentation Transmission Limited],Power Grid Corporation of India Limited [POWERGRID],Ministry of Power,Transmission & Distribution,Gujarat,2025-02,2025-02,2027-02,2027-02,,466.0,466.0,23.99,1.0,Ongoing,2025-11
PM-617179,617179,,Transmission Scheme for evacuation of Power from Ratle HEP [850 MW] & kiru [624 MW] Part B,Power Grid Corporation of India Limited [POWERGRID],Ministry of Power,Transmission & Distribution,Jammu and Kashmir,2024-07,2024-07,2026-07,2027-03,,218.6,218.6,2.61,0.0,Ongoing,2025-11
PM-617181,617181,,"Augmentation at Fatehgarh-II PS, Fatehgarh-IV PS [Section-II] and Barmer-I PS [POWERGRID Fatehgarh Barmer Augmentation Transmission Limited]",Power Grid Corporation of India Limited [POWERGRID],Ministry of Power,Transmission & Distribution,Rajasthan,2025-03,2025-03,2026-12,2027-03,,404.0,404.0,16.16,1.0,Ongoing,2025-11
PM-617182,617182,,Augmentation of Banaskantha [Raghanesda] PS [GIS] [POWERGRID Banaskantha Transco Limited],Power Grid Corporation of India Limited [POWERGRID],Ministry of Power,Transmission & Distribution,Gujarat,2025-03,2025-03,2027-03,2027-03,,172.0,172.0,17.27,18.0,Ongoing,2025-11
PM-617183,617183,,Transmission system strengthening at Kurnool- III PS for integration of additional RE generation projects [POWERGRID Kurnool III PS RE Transmission Limited],Power Grid Corporation of India Limited [POWERGRID],Ministry of Power,Transmission & Distribution,Andhra Pradesh,2025-03,2025-03,2027-12,2027-12,,2886.0,2886.0,141.7,7.0,Ongoing,2025-11
PM-617184,617184,,Transmission Scheme for integration of Davanagere/ Chitradurga and Bellary REZ in Karnataka [POWERGRID Chitradurga Bellary REZ Transmission Limited],Power Grid Corporation of India Limited [POWERGRID],Ministry of Power,Transmission & Distribution,Karnataka,2025-03,2025-03,2027-09,2027-09,,3453.0,3453.0,62.15,1.0,Ongoing,2025-11
PM-617185,617185,,Transmission System for Integration of Kurnool-IV REZ Phase-I [for 4.5 GW] [POWERGRID Kurnool-IV Transmission Limited],Power Grid Corporation of India Limited [POWERGRID],Ministry of Power,Transmission & Distribution,"Multi-States (Andhra Pradesh, Karnataka)",2025-03,2025-03,2027-03,2027-03,,5550.0,5550.0,333.0,1.0,Ongoing,2025-11
PM-617186,617186,,Rajasthan REZ Ph-V [Part-1- 4 GW] [Sirohi/Nagaur] Complex [Rajasthan V Power Transmission Limited],Power Grid Corporation of India Limited [POWERGRID],Ministry of Power,Transmission & Distribution,"Multi-States (Madhya Pradesh, Rajasthan)",2025-03,2025-03,2027-03,2027-03,,5028.0,5028.0,319.73,5.0,Ongoing,2025-11
PM-617188,617188,,"Sipat Super Thermal Power Project, Stage-III [1x800 MW]",National Thermal Power Corporation [NTPC],Ministry of Power,Electricity Generation,Chhattisgarh,2024-09,2024-09,2029-09,2029-09,,9791.0,9791.0,963.88,8.0,Ongoing,2025-11
PM-617200,617200,,KHARSIA- NAYA RAIPUR-PARMALKASA 5th and 6th Line [278KM],CAO/C/SECR,Ministry of Railways,Railways,Chhattisgarh,2025-04,2025-04,2031-03,2031-03,,7853.84,7853.84,0.0,0.0,Ongoing,2025-11
PM-617201,617201,,Gondia-Balharshah [Chanda Fort] Doubling [240 Km],South East Central Railway,Ministry of Railways,Railways,Maharashtra,2025-04,2025-04,2031-03,2031-03,,4373.04,4373.04,0.29,0.0,Ongoing,2025-11
PM-617206,617206,,Delhi Metro Rail Phase-IV [Rithala - Kundli Corridor],Delhi Metro Rail Corporation Limited [DMRC],Ministry of Housing & Urban Affairs,Urban Public Transport,"Multi-States (Delhi, Haryana)",2025-01,2025-01,2029-01,2029-01,,6230.99,6230.99,72.41,0.0,Ongoing,2025-11
PM-617207,617207,,Delhi Metro Rail Phase-IV [2 Corridors],Delhi Metro Rail Corporation Limited [DMRC],Ministry of Housing & Urban Affairs,Urban Public Transport,Delhi,2024-03,2024-03,2029-03,2029-03,,8399.81,8399.81,55.92,0.0,Ongoing,2025-11
PM-617210,617210,,Tiupati Katpadi 104.39 kms,South Central Railway [SCR] - II,Ministry of Railways,Railways,Andhra Pradesh,2025-04,2025-04,2029-03,2029-03,,1215.56,1215.56,0.1,0.0,Ongoing,2025-11
PM-617211,617211,,Doubling of Guntur Bibinagar 239 Km,South Central Railway [SCR] - II,Ministry of Railways,Railways,"Multi-States (Andhra Pradesh, Telangana)",2023-08,2023-08,2029-03,2029-03,,2853.23,2853.23,75.78,1.0,Ongoing,2025-11
PM-617212,617212,,Doubling between Mudkhed Medchal & Mahbubnagar Dhone section 417.88 Km,South Central Railway [SCR] - II,Ministry of Railways,Railways,"Multi-States (Andhra Pradesh, Maharashtra, Telangana)",2023-08,2023-08,2029-03,2029-03,,4686.09,4686.09,778.34,1.0,Ongoing,2025-11
PM-617214,617214,,Rail Connectivity to Errupalem Amravati Namburu 57 Km,South Central Railway [SCR] - II,Ministry of Railways,Railways,"Multi-States (Andhra Pradesh, Telangana)",2024-11,2024-11,2027-03,2027-03,,2047.4,2047.4,14.49,0.0,Ongoing,2025-11
PM-617215,617215,,Doubling between Parbhani Parli Vaijanath stations 64.71 Km,South Central Railway [SCR] - II,Ministry of Railways,Railways,Maharashtra,2023-12,2023-12,2028-03,2028-03,,769.93,769.93,25.4,0.0,Ongoing,2025-11
PM-617216,617216,,3rd Line between Gudur Renigunta 83.17 Km,South Central Railway [SCR] - II,Ministry of Railways,Railways,Andhra Pradesh,2024-10,2024-10,2027-03,2027-03,,877.34,877.34,29.04,0.0,Ongoing,2025-11
PM-617221,617221,,"Construction of Girls Hostel 400 seater, Boys Hostel 600 seater, Academic Block, International Hostel 100 seater, VC Residence and Purchase of Equipment",Central University of Punjab,Department of Higher Education,Education,Punjab,2024-08,2025-04,2027-10,2027-10,,210.99,210.99,20.89,13.0,Ongoing,2025-11
PM-617224,617224,,Gorakhpur-Valmikinagar Doubling project,NER,Ministry of Railways,Railways,"Multi-States (Bihar, Uttar Pradesh)",2023-08,2024-03,2027-12,2027-12,,1120.0,1120.0,269.67,26.0,Ongoing,2025-11
PM-617225,617225,,PCMC To Nigdi- Extension Of North South Corridor Of Phase-1,Maharashtra Metro Rail Corporation Limited [MMRCL],Ministry of Housing & Urban Affairs,Urban Public Transport,Maharashtra,2023-10,2023-10,2027-01,2027-01,,910.18,910.18,167.3,28.0,Ongoing,2025-11
PM-617226,617226,,Pune Metro Phase-1 Extension line towards south from Swargate to Katraj,Maharashtra Metro Rail Corporation Limited [MMRCL],Ministry of Housing & Urban Affairs,Urban Public Transport,Maharashtra,2024-09,2024-09,2029-03,2029-03,,2954.53,2954.53,23.12,4.0,Ongoing,2025-11
PM-617231,617231,,Construction of Bulb line at Nabinagar Ankorah of East Central Railway,East Central Railway [ECR] - I,Ministry of Railways,Railways,Bihar,2024-06,2024-06,2028-06,2028-06,,611.74,611.74,0.0,0.0,Ongoing,2025-11
PM-617233,617233,,WAGHODA UG MINE [1.02 MTY],Western Coalfields Limited [WCL],Ministry of Coal,Coal,Maharashtra,2024-01,2025-01,2030-03,2030-03,,379.3,379.3,0.0,0.0,Ongoing,2025-11
PM-617242,617242,,Installation of New Bar Mill at Durgapur Steel Plant,Steel Authority of India Limited [SAIL],Ministry of Steel,Steel,West Bengal,2024-07,2024-08,2027-06,2027-06,,2115.44,2115.44,257.17,37.0,Ongoing,2025-11
PM-617243,617243,,Replacement of Hot Leveller No.1 of Plate Mill at Bhilai Steel Plant,Steel Authority of India Limited [SAIL],Ministry of Steel,Steel,Chhattisgarh,2024-07,2024-08,2026-07,2026-07,,198.62,198.62,20.98,20.0,Ongoing,2025-11
PM-617246,617246,,Up-gradation of Blast Furnace No. 3 at Durgapur Steel Plant,Steel Authority of India Limited [SAIL],Ministry of Steel,Steel,West Bengal,2024-09,2024-08,2026-06,2026-06,,758.09,758.09,95.38,8.0,Ongoing,2025-11
PM-617248,617248,,Third Ladle Furnace in Secondary Refinery Unit at IISCO Steel Plant,Steel Authority of India Limited [SAIL],Ministry of Steel,Steel,West Bengal,2024-11,2024-12,2026-07,2026-07,,227.96,227.96,27.2,34.0,Ongoing,2025-11
PM-617249,617249,,Replacement of existing Grinders in CRM-I & II at Bokaro Steel Plant,Steel Authority of India Limited [SAIL],Ministry of Steel,Steel,Jharkhand,2025-01,2025-02,2027-01,2027-01,,211.94,211.94,20.54,16.0,Ongoing,2025-11
PM-617250,617250,,Secondary Emission Control in Converters of SMS-II at Bokaro Steel Plant,Steel Authority of India Limited [SAIL],Ministry of Steel,Steel,Jharkhand,2025-01,2025-02,2026-10,2026-10,,207.13,207.13,15.76,11.0,Ongoing,2025-11
PM-617251,617251,,Revamping of Air Pollution Control Systems of SP-1 at Durgapur Steel Plant,Steel Authority of India Limited [SAIL],Ministry of Steel,Steel,West Bengal,2024-07,2024-12,2026-05,2026-05,,196.4,196.4,11.72,6.0,Ongoing,2025-11
PM-617252,617252,,Anandnagar - Ghugli via Maharajganj New line 52.7 km,Construction NER,Ministry of Railways,Railways,Uttar Pradesh,2023-10,2023-11,2028-03,2028-03,,958.27,958.27,454.36,23.0,Ongoing,2025-11
PM-617253,617253,,Revamping of old sub-systems of Blast Furnace 3 at Bokaro Steel Plant,Steel Authority of India Limited [SAIL],Ministry of Steel,Steel,Jharkhand,2023-08,2023-03,2025-07,2025-11,,513.82,513.82,310.02,76.0,Ongoing,2025-11
PM-617254,617254,,Replacement of remaining 04 sets of Battery Cyclones with 04 Nos. of ESPs in Sinter Plant-1 at Bokaro Steel Plant,Steel Authority of India Limited [SAIL],Ministry of Steel,Steel,Jharkhand,2024-03,2024-04,2026-06,2026-06,,260.37,260.37,58.19,25.0,Ongoing,2025-11
PM-617255,617255,,"Replacement of Converter Vessels, Trunnion Rings, Support System & Installation of Secondary Emission at Bhilai Steel Plant",Steel Authority of India Limited [SAIL],Ministry of Steel,Steel,Chhattisgarh,2023-10,2023-12,2026-06,2026-06,,471.83,471.83,161.45,51.0,Ongoing,2025-11
PM-617256,617256,,Rebuilding of Coke Oven Battery No.7 & 8 at Bhilai Steel Plant,Steel Authority of India Limited [SAIL],Ministry of Steel,Steel,Chhattisgarh,2023-11,2024-01,2025-10,2026-03,,884.1,884.1,530.05,82.0,Ongoing,2025-11
PM-617257,617257,,Rebuilding of Coke Oven Battery No.6 at Bokaro Steel Plant,Steel Authority of India Limited [SAIL],Ministry of Steel,Steel,Jharkhand,2023-11,2023-12,2026-11,2026-11,,627.31,627.31,169.38,49.0,Ongoing,2025-11
PM-617269,617269,,Transmission System for Strengthening to facilitate evacuation of power from Bhadla/Bikaner Complex,Power Grid Corporation of India Limited [POWERGRID],Ministry of Power,Transmission & Distribution,Uttar Pradesh,2024-12,2024-12,2026-06,2026-08,,212.81,212.81,2.1,0.0,Ongoing,2025-11
PM-617270,617270,,Eastern Region Expansion Scheme-44 [ERES-44],Power Grid Corporation of India Limited [POWERGRID],Ministry of Power,Transmission & Distribution,"Multi-States (Bihar, West Bengal)",2024-11,2024-11,2026-05,2026-06,,408.94,408.94,0.32,0.0,Ongoing,2025-11
PM-617271,617271,,Eastern Region Expansion Scheme-43 [ERES-43],Power Grid Corporation of India Limited [POWERGRID],Ministry of Power,Transmission & Distribution,"Multi-States (Bihar, Odisha, West Bengal)",2024-09,2024-09,2026-03,2026-06,,342.69,342.69,0.71,0.0,Ongoing,2025-11
PM-617272,617272,,Implementation of LILO of both circuits of 400KV vindhyachal PS-Sasan D/C Line at Hindalco Switchyard,Power Grid Corporation of India Limited [POWERGRID],Ministry of Power,Transmission & Distribution,Haryana,2024-06,2024-06,2026-12,2026-12,,370.0,370.0,22.2,6.0,Ongoing,2025-11
PM-617278,617278,,KOLARPIMPRI EXPANSION OC [2.5,Western Coalfields Limited [WCL],Ministry of Coal,Coal,Maharashtra,2024-06,2025-02,2030-03,2030-03,,630.37,630.37,0.0,0.0,Ongoing,2025-11
PM-617279,617279,,Transmission System for evacuation of power from Mahan Energen Limited Generating Station in Madhya Pradesh [SPV Name - POWERGRID MEL Power Transmission Limited],Power Grid Corporation of India Limited [POWERGRID],Ministry of Power,Transmission & Distribution,Madhya Pradesh,2025-06,2025-06,2027-12,2027-12,,558.0,558.0,33.48,1.0,Ongoing,2025-11
PM-617280,617280,,"Construction of Basement + Ground Floor+ 10 Storeyed building for State of the Art Director General, GSI Building at plot No.GN-40, Sector-V, Salt Lake, Kolkata",Central Public Works Department (CPWD,Ministry of Mines,Construction,West Bengal,2019-04,2020-02,2026-08,2026-08,,255.37,255.37,85.9,46.0,Ongoing,2025-11
PM-617282,617282,,"C/o 184 MS Flats for Hon'ble MPs at BKS Marg, New Delhi",Central Public Works Department [CPWD],Ministry of Housing & Urban Affairs,Construction,Delhi,2022-01,2022-05,2025-05,2025-09,2025-09,646.53,646.52,540.04,100.0,Completed,2025-11
PM-617284,617284,,Chunar-Chopan doubling project,North Central Railway,Ministry of Railways,Railways,Uttar Pradesh,2023-08,2025-01,2028-03,2028-03,,1423.96,1423.96,58.77,5.0,Ongoing,2025-11
PM-617287,617287,,KUSMUNDA OC EXPANSION PROJECT,SECL - CIL,Ministry of Coal,Coal,Chhattisgarh,2024-11,2024-11,2030-03,2030-03,,4516.88,4516.88,782.97,21.0,Ongoing,2025-11
PM-617288,617288,,MANIKPUR OC EXPANSION PROJECT,South Eastern Coalfields Limited [SECL],Ministry of Coal,Coal,Chhattisgarh,2025-01,2025-01,2029-03,2029-03,,382.61,382.61,113.03,21.0,Ongoing,2025-11
PM-617299,617299,,50 MW Wind Power Project,NLC India Limited [NLCIL],Ministry of Coal,Electricity Generation,Gujarat,2022-07,2024-01,2025-06,2026-01,,383.84,383.84,319.71,47.0,Ongoing,2025-11
PM-617302,617302,,Durgapur - Haldia Pipeline [Section-3B of JHBDPL Project],Ministry of Petroleum & Natural Gas,Ministry of Petroleum & Natural Gas,Oil & Gas,West Bengal,2017-03,2017-03,2020-12,2025-12,,1740.0,2493.15,2304.3,91.0,Ongoing,2025-11
PM-617304,617304,,"Setting up of LPG Plant with Rail Unloading Facility at Hathua, Dist. Gopalganj, Bihar",MinistryofPetroleumNaturalGas,Ministry of Petroleum & Natural Gas,Oil & Gas,Bihar,2023-10,2023-10,2027-03,2027-03,,340.15,340.15,116.08,34.0,Ongoing,2025-11
PM-617326,617326,,Implementation of Transmission Systems in the State of Jharkhand consisting of 400/220/132/33 kV transmission lines and substations under Jharkhand Consultancy Project,Power Grid Corporation of India Limited [POWERGRID],Ministry of Power,Transmission & Distribution,Jharkhand,2012-02,2012-02,2026-03,2026-03,,1842.25,1842.25,1648.05,95.0,Ongoing,2025-11
PM-617327,617327,,Thane Integral Ring Metro Rail Project,Maharashtra Metro Rail Corporation Limited [MMRCL],Ministry of Housing & Urban Affairs,Urban Public Transport,Maharashtra,2024-09,2024-09,2029-09,2029-09,,12200.1,12200.1,8.7,4.0,Ongoing,2025-11
PM-617333,617333,,Surface triangle line bet. Bhadura stn and new crossing stn Karma,East Central Railway [ECR] - I,Ministry of Railways,Railways,Uttar Pradesh,2022-10,2024-05,2027-02,2027-02,,199.96,199.96,0.0,0.0,Ongoing,2025-11
PM-617338,617338,,Stamp Charge Battery No.12 Battery Proper at IISCO Steel Plant,Steel Authority of India Limited [SAIL],Ministry of Steel,Steel,West Bengal,2025-01,2025-02,2028-07,2028-07,,2518.39,2518.39,210.51,8.0,Ongoing,2025-11
PM-617345,617345,,SER Upgradation of maintenance infrastructure at Shalimar into Vande Bharat Chair Car maintenance cum workshop depot.,South Eastern Railway - JH,Ministry of Railways,Railways,West Bengal,2024-03,2024-12,2026-10,2026-10,,226.87,226.87,21.22,20.0,Ongoing,2025-11
PM-617361,617361,,Babupeth - Sasti New Rail Line [13.114 KMs],CentralRailway,Ministry of Railways,Railways,Maharashtra,2024-10,2024-10,2028-03,2028-03,,362.81,362.81,0.47,0.0,Ongoing,2025-11
PM-617364,617364,,Double Chord line Between Nilaje-Kopar,CentralRailway,Ministry of Railways,Railways,Maharashtra,2025-01,2025-01,2028-07,2028-07,,338.33,205.0,6.39,0.0,Ongoing,2025-11
PM-617370,617370,,Doubling between Jaunpur Jn - Zaffarabad 6.28 km,M/S SRC company Infra Private Limited,Ministry of Railways,Railways,Uttar Pradesh,2023-03,2025-02,2027-01,2027-01,,180.66,180.66,4.0,12.0,Ongoing,2025-11
PM-617372,617372,,Doubling between Pradhankunta-Patherih-Bhojudih of East Central Railway,East Central Railway [ECR] - I,Ministry of Railways,Railways,Jharkhand,2022-11,2022-11,2025-12,2025-12,,349.22,349.22,108.89,70.0,Ongoing,2025-11
PM-617373,617373,,Jhajha-Batai New Line Project,East Central Railway [ECR] - I,Ministry of Railways,Railways,Bihar,2023-03,2023-03,2027-03,2027-03,,588.18,588.18,3.05,0.0,Ongoing,2025-11
PM-617374,617374,,"Dallirajhara - Rowghat New Rail Line Project, Phase-I",Rail Vikas Nigam Limited,Ministry of Railways,Railways,Chhattisgarh,,2009-11,2025-03,2026-02,,1516.45,1881.26,2053.12,94.0,Ongoing,2025-11
PM-617375,617375,,North Eastern Region Expansion Scheme-XXIII [NERES-XXIII],Power Grid Corporation of India Limited [POWERGRID],Ministry of Power,Transmission & Distribution,Arunachal Pradesh,2025-08,2025-08,2028-02,2028-02,,209.38,209.38,0.04,0.0,Ongoing,2025-11
PM-617379,617379,,Development of New Bijwasan Railway Terminal,Northern Railways,Ministry of Railways,Railways,Delhi,2008-02,2013-03,2020-03,2025-12,,446.21,446.21,521.74,80.0,Ongoing,2025-11
PM-617390,617390,,Sardega -Bhalumuda New Double line [37.24 Km],SECR,Ministry of Railways,Railways,"Multi-States (Chhattisgarh, Odisha)",2024-09,2024-09,2028-03,2028-03,,1281.81,1281.81,128.0,2.0,Ongoing,2025-11
PM-617391,617391,,Augmentation of Transformation Capacity at Bhuj-II PS [GIS],Power Grid Corporation of India Limited [POWERGRID],Ministry of Power,Transmission & Distribution,Gujarat,2025-02,2025-02,2026-11,2027-03,,488.29,488.29,0.22,0.0,Ongoing,2025-11
PM-617403,617403,,SADULPUR - CHURU DOUBLING PROJECT,North Western Railway [NWR],Ministry of Railways,Railways,Rajasthan,2024-01,2024-01,2026-06,2026-06,,468.64,468.64,128.6,52.0,Ongoing,2025-11
PM-617404,617404,,POKHRAN - RAMDEVRA New Line,North Western Railway [NWR],Ministry of Railways,Railways,Rajasthan,2025-04,2025-04,2028-03,2028-03,,189.21,189.21,0.0,0.0,Ongoing,2025-11
PM-617405,617405,,Jamnagar Transmission Limited,Adani Transmission Limited,Ministry of Power,Transmission & Distribution,Gujarat,,2024-10,2026-10,2026-10,,4000.0,4000.0,0.0,0.0,Ongoing,2025-11
PM-617406,617406,,RATLAM- DUNGARPUR VIA BANSWARA NEW LINE PROJECT,North Western Railway [NWR],Ministry of Railways,Railways,"Multi-States (Madhya Pradesh, Rajasthan)",2015-10,2023-05,2028-03,2028-03,,2417.24,2417.24,6.79,8.0,Ongoing,2025-11
PM-617408,617408,,NATHDWARA- NATHDWARA TOWN NL,North Western Railway [NWR],Ministry of Railways,Railways,Rajasthan,2019-03,2024-04,2027-03,2027-03,,166.33,166.33,83.34,2.0,Ongoing,2025-11
PM-617409,617409,,Railway Manufacturing Unit,South Central Railway [SCR] - II,Ministry of Railways,Railways,Telangana,2016-07,2023-02,2026-12,2026-12,,521.36,521.36,420.0,58.0,Ongoing,2025-11
PM-617412,617412,,"Construction of One Tower of Office Complex and another Tower of Residential quarters consisting of 10Nos. Type-V, 10Nos. Type-VI & 1No.Type-VII Quarters i/c internal water supply, sanitary installation and all development and bulk services, Horticulture works on EPC Mode-I basis i/c comprehensive operation and maintenance of Civil, E&M services for 7 years after completion of original construction work for Ranga Reddy, Secunderabad, Medchal, AuditI, Audit-II Commissionerates of Central Tax at Khajaguda, Serilingampally, Hyderabad.",Central Public Works Department - CPWD,Ministry of Housing & Urban Affairs,Construction,Telangana,2024-03,2024-11,2027-09,2027-09,,644.0,644.0,108.53,9.0,Ongoing,2025-11
PM-617413,617413,,Mobile connectivity in Left Wing Extremism [LWE] affected areas-Phase 1 Upgradation,Department of Telecommunications [DoT],Department of Telecommunications,Telecommunication,"Multi-States (Andhra Pradesh, Bihar, Chhattisgarh, Jharkhand, Madhya Pradesh, Maharashtra, Odisha, Telangana, Uttar Pradesh, West Bengal)",2022-04,2024-05,2025-05,2026-03,,1884.6,1884.6,100.0,87.0,Ongoing,2025-11
PM-617416,617416,,"Revised Jharia Master Plan for Dealing with Fire, Subsidence & Rehabilitation of affected families in Jharia Coalfield- Reg.",Bharat Coking Coal Limited (BCCL,Ministry of Coal,Coal,Jharkhand,2025-06,2025-07,2028-12,2028-12,,5940.47,5940.47,1.31,12.0,Ongoing,2025-11
PM-617422,617422,,Bodwad Parisar Sinchan Yojna,Department of Water Resources-MH,"Department of Water Resources, River Development & GR",Water Resources,Maharashtra,2002-05,2017-01,2027-07,2027-07,,1923.81,1923.81,1770.13,49.0,Ongoing,2025-11
PM-617730,617730,,600 MW Khavda Solar Power Project,NLC India Limited [NLCIL],Ministry of Coal,Electricity Generation,Gujarat,2023-08,2024-06,2026-06,2026-06,,3335.85,3335.85,738.34,22.0,Ongoing,2025-11
PM-617801,617801,,Provision of ICT Augmentation & Bus Reactor at Bhuj-II PS,Power Grid Corporation of India Limited [POWERGRID],Ministry of Power,Transmission & Distribution,Gujarat,2025-03,2025-03,2026-12,2027-03,,581.74,581.74,0.2,0.0,Ongoing,2025-11
PM-617802,617802,,Augmentation of Transformation Capacity and Implementation of Line Bays at Mandsaur S/S for RE Interconnection [SPV Name- POWERGRID Mandsaur I RE Transmission Limited],Power Grid Corporation of India Limited [POWERGRID],Ministry of Power,Transmission & Distribution,Madhya Pradesh,2025-10,2025-10,2028-03,2028-03,,319.0,319.0,0.1,0.0,Ongoing,2025-11
PM-617803,617803,,Transmission System Strengthening at Davanagere for Integration of RE Generation [SPV Name - POWERGRID Davanagere Power Transmission Limited],Power Grid Corporation of India Limited [POWERGRID],Ministry of Power,Transmission & Distribution,Karnataka,2025-09,2025-09,2027-09,2027-09,,379.0,379.0,6.97,0.0,Ongoing,2025-11
PM-617804,617804,,Mechanization of Berth No.14 for handling Containers and other cargo on DBFOT basis - Phase II,New Mangalore Port Authority,"Ministry of Ports, Shipping and Waterways",Shipping,Karnataka,2023-12,2024-06,2027-03,2027-03,,153.23,153.23,24.0,33.0,Ongoing,2025-11
PM-617806,617806,,Transmission System for Integration of Ananthapur 2 REZ Phase 1 for 4.5 GW. SPV Name Anantapuram 2 REZ Transmission Ltd,Sterlite Power,Ministry of Power,Transmission & Distribution,"Multi-States (Andhra Pradesh, Karnataka)",2024-08,2025-03,2027-03,2027-03,,4535.99,4535.99,208.88,26.0,Ongoing,2025-11
PM-617807,617807,,Inter-regional [NR-WR] Transmission System strengthening to relieve the loading of 765 kV Vindhyachal-Varanasi D/c line,Power Grid Corporation of India Limited [POWERGRID],Ministry of Power,Transmission & Distribution,"Multi-States (Bihar, Uttar Pradesh)",2025-10,2025-10,2027-10,2027-10,,2368.0,2368.0,0.1,0.0,Ongoing,2025-11
PM-617808,617808,,Inter-Regional Strengthening between SR Grid and WR Grid,Power Grid Corporation of India Limited [POWERGRID],Ministry of Power,Transmission & Distribution,"Multi-States (Karnataka, Maharashtra)",2025-10,2025-10,2027-10,2027-10,,1007.0,1007.0,0.1,0.0,Ongoing,2025-11
PM-617818,617818,,"City Gas Distribution [CGD] Project in Gajapati, Kandhamal, Boudh, & Sonepur GA",Ministry of Petroleum & Natural Gas,Ministry of Petroleum & Natural Gas,Oil & Gas,Odisha,2022-02,2022-02,2030-02,2030-02,,514.91,514.91,22.2,4.0,Ongoing,2025-11
PM-617819,617819,,"City Gas Distribution [CGD] Project in Kondagaon, Bastar, Sukma, Narayanpur, Bijapur & Dantewada GA",Ministry of Petroleum & Natural Gas,Ministry of Petroleum & Natural Gas,Oil & Gas,Chhattisgarh,2022-06,2022-06,2030-06,2030-06,,557.04,557.04,8.33,2.0,Ongoing,2025-11
PM-617822,617822,,ATF Pipeline from BPCLs Malkapur POL Installation to Hyderabad International airport,MinistryofPetroleumNaturalGas,Ministry of Petroleum & Natural Gas,Oil & Gas,Telangana,,2025-03,2027-09,2027-09,,215.0,215.0,0.0,10.0,Ongoing,2025-11
PM-617824,617824,,Bakhtiyarpur-Rajgir-Tilaiya [Single line section]104km,East Central Railway (ECR) - II,Ministry of Railways,Railways,Bihar,2025-10,2025-10,2029-10,2029-10,,2017.38,2017.38,0.0,0.0,Ongoing,2025-11
PM-617827,617827,,"Pipeline Rehabilitation Project, Phase-II",Ministry of Petroleum & Natural Gas,Ministry of Petroleum & Natural Gas,Oil & Gas,Assam,2024-12,2024-12,2029-12,2029-12,,680.0,680.0,2.24,14.0,Ongoing,2025-11
PM-617828,617828,,Siliguri-Jhapa Pipeline Project,Indian Oil Corporation Limited (IOCL,Ministry of Petroleum & Natural Gas,Oil & Gas,West Bengal,2024-09,2024-09,2029-03,2029-03,,267.0,267.0,1.37,7.0,Ongoing,2025-11
PM-617829,617829,,LPG Bottling Plant at Mualkhang,Ministry of Petroleum & Natural Gas,Ministry of Petroleum & Natural Gas,Energy Storage,Mizoram,2024-07,2024-07,2027-11,2027-11,,225.71,225.71,12.81,21.0,Ongoing,2025-11
PM-617830,617830,,C2/C3 Vijaipur Pata Pipeline,Ministry of Petroleum & Natural Gas,Ministry of Petroleum & Natural Gas,Oil & Gas,Madhya Pradesh,2024-05,2024-05,2027-01,2027-01,,1792.0,1792.0,261.13,38.0,Ongoing,2025-11
PM-617832,617832,,Koderma-Arigada Doubling 133.38 Km of East Central Railway,East Central Railway [ECR] - I,Ministry of Railways,Railways,Jharkhand,2025-06,2025-06,2029-12,2029-12,,2887.11,2887.11,0.0,0.0,Ongoing,2025-11
PM-617836,617836,,Coke Drum Structure Package,Ministry of Petroleum & Natural Gas,Ministry of Petroleum & Natural Gas,Oil & Gas,Assam,2022-12,2022-12,2025-12,2025-12,,635.28,635.28,58.68,45.0,Ongoing,2025-11
PM-617837,617837,,Siliguri Marketing Terminal [SMT] Capacity Augmentation Project,Ministry of Petroleum & Natural Gas,Ministry of Petroleum & Natural Gas,Oil & Gas,West Bengal,2021-11,2021-11,2025-12,2025-12,,484.0,484.0,282.21,79.0,Ongoing,2025-11
PM-617838,617838,,Augmentation of CCKPL and IDPL Pipelines capacity along with setting up of Palakkad TOP,Ministry of Petroleum & Natural Gas,Ministry of Petroleum & Natural Gas,Oil & Gas,Kerala,2024-09,2024-09,2028-08,2028-08,,1130.0,1130.0,173.9,20.0,Ongoing,2025-11
PM-617839,617839,,Capacity Augmentation of Kandla LPG Import Terminal [KLIT] from 0.6 MMTPA to 2.5 MMTPA,Ministry of Petroleum & Natural Gas,Ministry of Petroleum & Natural Gas,Energy Storage,Gujarat,2023-05,2023-05,2026-07,2026-07,,356.86,356.86,12.6,51.0,Ongoing,2025-11
PM-617877,617877,,Phase B of Construction of Permanent Campus of IIT Bhilai,"Indian Institute of Technology, Bhilai",Department of Higher Education,Education,Chhattisgarh,2025-05,2025-06,2028-10,2028-10,,1188.97,1188.97,0.0,0.0,Ongoing,2025-11
PM-617878,617878,,Phase B of Construction of Permanent Campus of IIT Palakkad,INDIAN INSTITUTE OF TECHNOLOGY PALAKKAD,Department of Higher Education,Education,Kerala,2025-05,2026-01,2028-10,2028-10,,1527.0,1527.0,0.0,0.0,Ongoing,2025-11
PM-617882,617882,,"Setting up IT Infrastructure including Network Security and Hosting at AIIMS, New Delhi",PMSSY AND Institute of NATIONAL Importance,Ministry of Health & Family Welfare,Healthcare,Delhi,2025-09,2025-09,2026-09,2026-09,,358.19,358.19,0.0,0.0,Ongoing,2025-11
PM-617883,617883,,"Redevelopment of Residential colonies at Ayur Vigyan Nagar and West Ansari Nagar campuses of AIIMS, New Delhi",PMSSY AND Institute of NATIONAL Importance,Ministry of Health & Family Welfare,Healthcare,Delhi,2016-10,2022-06,2027-06,2027-06,,4441.0,4441.0,24.68,61.0,Ongoing,2025-11
PM-618971,618971,,Pune Metro Rail Project Phase-2 Corridor 2A Vanaz to Chandani Chowk and Corridor 2B Ramwadi to Wagholi/Vitthalwadi,Maharashtra Metro Rail Corporation Limited [MMRCL],Ministry of Housing & Urban Affairs,Urban Public Transport,Maharashtra,2025-07,2025-07,2029-07,2029-07,,3626.24,3626.24,0.41,0.0,Ongoing,2025-11
PM-701091,701091,,Lucknow Airport-Terminal 3- Phase 1 & Other Associated Works,Adani Airport Holdings Limited,Ministry of Civil Aviation,Aviation & Aviation Infrastructure,Uttar Pradesh,2018-06,2018-09,2026-03,2024-03,2024-03,3100.0,3100.0,3112.57,100.0,Completed,2025-11
PM-701101,701101,,"Construction of New Domestic Terminal Building [Phase-I and II] and other allied structures at JPNI Airport, Patna",Airport Authority of India [AAI],Ministry of Civil Aviation,Aviation & Aviation Infrastructure,Bihar,2018-10,2018-10,2023-07,2025-11,,1216.9,1216.9,1137.89,96.0,Ongoing,2025-11
PM-701105,701105,,Goa Airport Terminal Building Extension Project,Airport Authority of India [AAI],Ministry of Civil Aviation,Aviation & Aviation Infrastructure,Goa,2017-11,2019-12,2021-12,2026-01,,255.69,255.69,154.3,97.0,Ongoing,2025-11
PM-701107,701107,,Construction of New Integrated Terminal Building and associated works including apron to park 3 code E type of aircraft or 6 code C type of aircraft at Vijayawada Airport.,Airport Authority of India [AAI],Ministry of Civil Aviation,Aviation & Aviation Infrastructure,Andhra Pradesh,2020-06,2020-09,2022-09,2026-03,,611.8,611.8,523.14,86.0,Ongoing,2025-11
PM-701113,701113,,"Development of Lal Bahadur Shastri International airport, Varanasi including C/o New Terminal Building, Apron Extension, Runway Extension, PTT and allied works.",Airport Authority of India [AAI],Ministry of Civil Aviation,Aviation & Aviation Infrastructure,Uttar Pradesh,2024-07,2024-07,2027-07,2027-07,,2869.65,2869.65,384.32,19.0,Ongoing,2025-11
PM-701121,701121,,Construction of New Domestic Terminal Building at Rajahmundry Airport.,Airport Authority of India [AAI],Ministry of Civil Aviation,Aviation & Aviation Infrastructure,Andhra Pradesh,2022-12,2023-08,2025-08,2026-03,,347.15,347.15,109.62,64.0,Ongoing,2025-11
PM-701122,701122,,Development of New Integrated Civil Enclave at Agra Airport,Airport Authority of India [AAI],Ministry of Civil Aviation,Aviation & Aviation Infrastructure,Uttar Pradesh,2024-06,2024-07,2026-07,2026-07,,579.0,579.0,111.83,24.0,Ongoing,2025-11
PM-701126,701126,,"Development of Dholera International Greenfield Airport , Gujarat",Airport Authority of India [AAI],Ministry of Civil Aviation,Aviation & Aviation Infrastructure,Gujarat,2022-06,2022-07,2026-06,2026-06,,1305.0,1551.0,739.77,68.0,Ongoing,2025-11
PM-701127,701127,,Construction of New Passenger Terminal Building for Domestic Operations at Jodhpur Airport.,Airport Authority of India [AAI],Ministry of Civil Aviation,Aviation & Aviation Infrastructure,Rajasthan,2022-05,2023-04,2024-11,2026-01,,480.0,480.0,323.18,98.0,Ongoing,2025-11
PM-701128,701128,,Construction of New Integrated Passenger Terminal Building at Udaipur Airport,Airport Authority of India [AAI],Ministry of Civil Aviation,Aviation & Aviation Infrastructure,Rajasthan,2023-06,2023-11,2026-03,2026-10,,887.0,887.0,416.67,55.0,Ongoing,2025-11
PM-701167,701167,,AIIMS Kashmir at Awantipora Jammu & Kashmir,PMSSY AND Institute of NATIONAL Importance,Ministry of Health & Family Welfare,Healthcare,Jammu and Kashmir,2019-01,2019-03,2025-12,2026-06,,1828.0,2160.84,1354.55,2.0,Ongoing,2025-11
PM-701171,701171,,AIIMS Bibinagar,PMSSY AND Institute of NATIONAL Importance,Ministry of Health & Family Welfare,Healthcare,Telangana,2018-12,2022-07,2026-06,2026-06,,1028.0,1365.95,818.46,85.0,Ongoing,2025-11
PM-701173,701173,,AIIMS Majra Rewari Haryana,PMSSY AND Institute of NATIONAL Importance,Ministry of Health & Family Welfare,Healthcare,Haryana,2019-02,2019-02,2026-12,2026-12,,1299.0,1646.43,349.41,45.0,Ongoing,2025-11
PM-701228,701228,,Kochi - Koottanad - Bangalore - Mangalore Pipeline Phase-II,Ministry of Petroleum & Natural Gas,Ministry of Petroleum & Natural Gas,Oil & Gas,"Multi-States (Karnataka, Kerala, Tamil Nadu)",2009-06,2009-06,2012-12,2025-12,,2915.0,5909.0,4531.49,95.0,Ongoing,2025-11
PM-701263,701263,,Rajasthan Refinery Project,MinistryofPetroleumNaturalGas,Ministry of Petroleum & Natural Gas,Energy Storage,Arunachal Pradesh,2017-10,2017-10,2022-10,2026-03,,43129.0,79459.0,62888.3,89.0,Ongoing,2025-11
PM-701289,701289,,Capacity Expansion of Panipat Refinery from 15 to 25 MMTPA,Ministry of Petroleum & Natural Gas,Ministry of Petroleum & Natural Gas,Oil & Gas,Haryana,2021-02,2021-02,2024-09,2026-06,,34627.0,36225.0,27366.2,91.0,Ongoing,2025-11
PM-701324,701324,,Barauni Refinery Capacity Expansion from 6.0 to 9.0 MMTPA,Ministry of Petroleum & Natural Gas,Ministry of Petroleum & Natural Gas,Oil & Gas,Bihar,2020-01,2020-01,2023-04,2026-08,,14810.0,16724.0,12327.39,88.0,Ongoing,2025-11
PM-701329,701329,,Petrochemical and Lube Integration Project at Gujarat Refinery,Ministry of Petroleum & Natural Gas,Ministry of Petroleum & Natural Gas,Oil & Gas,Gujarat,2020-09,2020-09,2024-08,2026-06,,18936.0,17825.0,12940.13,85.0,Ongoing,2025-11
PM-701330,701330,,Mehsana-Bhatinda & Bhatinda-Jammu Natural Gas Pipeline,Ministry of Petroleum & Natural Gas,Ministry of Petroleum & Natural Gas,Oil & Gas,"Multi-States (Gujarat, Haryana, Punjab, Rajasthan)",2011-07,2011-07,2024-06,2025-12,,7392.0,7392.0,6320.0,90.0,Ongoing,2025-11
PM-701338,701338,,City Gas Distribution Maharashtra Natural Gas Limited,Ministry of Petroleum & Natural Gas,Ministry of Petroleum & Natural Gas,Oil & Gas,"Multi-States (Karnataka, Maharashtra)",2006-01,2006-01,2031-06,2031-06,,5535.0,5535.0,4011.77,0.0,Ongoing,2025-11
PM-701343,701343,,Srikakulam Angul Gas Pipeline Project,Ministry of Petroleum & Natural Gas,Ministry of Petroleum & Natural Gas,Energy Storage,"Multi-States (Andhra Pradesh, Odisha)",2019-09,2019-09,2022-07,2025-12,,2658.34,2810.0,2282.98,96.0,Ongoing,2025-11
PM-701344,701344,,Dhamra Haldia Pipeline Project,Ministry of Petroleum & Natural Gas,Ministry of Petroleum & Natural Gas,Oil & Gas,"Multi-States (Odisha, West Bengal)",2020-03,2020-03,2022-11,2025-12,,1030.65,1125.0,879.9,90.0,Ongoing,2025-11
PM-701346,701346,,North East Gas Grid,Ministry of Petroleum & Natural Gas,Ministry of Petroleum & Natural Gas,Oil & Gas,"Multi-States (Arunachal Pradesh, Assam, Manipur, Meghalaya, Mizoram, Nagaland, Sikkim, Tripura)",2020-04,2020-04,2024-03,2026-03,,9265.0,9265.0,6608.95,86.0,Ongoing,2025-11
PM-701349,701349,,Paradip-Numaligarh Crude Oil Pipeline [PNCPL] & Crude Oil Import Terminal [COIT] at Paradip,Ministry of Petroleum & Natural Gas,Ministry of Petroleum & Natural Gas,Energy Storage,Assam,2019-01,2019-01,2024-07,2026-03,,10228.0,11407.0,10063.21,88.0,Ongoing,2025-11
PM-701350,701350,,Upgradation of Facilities of Numaligarh-Siliguri Product Pipeline [NSPL] for transportation of additional products from existing 1.72 MMTPA to 5.5 MMTPA,Ministry of Petroleum & Natural Gas,Ministry of Petroleum & Natural Gas,Oil & Gas,Assam,2021-06,2021-06,2024-12,2025-12,,860.0,860.0,636.92,99.0,Ongoing,2025-11
PM-701354,701354,,Mumbai Nagpur Jharsuguda Pipeline Project,Ministry of Petroleum & Natural Gas,Ministry of Petroleum & Natural Gas,Oil & Gas,"Multi-States (Chhattisgarh, Madhya Pradesh, Maharashtra, Odisha)",2020-06,2020-06,2023-05,2025-12,,7844.25,8255.0,6710.1,97.0,Ongoing,2025-11
PM-701370,701370,,Borolia Irrigation Project,"Department of Water Resources, River Development & GR","Department of Water Resources, River Development & GR",Water Resources,Assam,1996-04,1996-12,2022-12,2026-03,,256.16,256.16,44.7,55.0,Ongoing,2025-11
PM-701372,701372,,Sardar Sarovar Project,"Narmada and Water Resources, Water Supply and Kalpsar Department-GJ","Department of Water Resources, River Development & GR",Water Resources,Gujarat,1996-04,1996-04,2019-12,2026-03,,20718.17,33412.5,31860.86,93.0,Ongoing,2025-11
PM-701376,701376,,"Subernarekha Multipurpose Project, Jharkhand",Department of Water Resources-JH,"Department of Water Resources, River Development & GR",Water Resources,Jharkhand,2011-04,2012-01,2019-12,2026-03,,3807.77,9579.58,5790.29,70.0,Ongoing,2025-11
PM-701377,701377,,Upper Tunga Irrigation Project,Water Resources-KA,"Department of Water Resources, River Development & GR",Water Resources,Karnataka,2014-04,2014-04,2019-12,2026-03,,770.16,1606.07,1515.32,99.0,Ongoing,2025-11
PM-701383,701383,,Waghur Project,Department of water resources-MH - II,"Department of Water Resources, River Development & GR",Water Resources,Maharashtra,1996-04,1996-04,2019-12,2026-03,,1058.99,1758.51,1557.64,89.0,Ongoing,2025-11
PM-701386,701386,,Gosikhurd Project,Department of water resources-MH - II,"Department of Water Resources, River Development & GR",Water Resources,Maharashtra,2008-04,2008-04,2019-12,2028-06,,7196.47,12770.1,13837.78,72.0,Ongoing,2025-11
PM-701391,701391,,Aruna Medium Irrigation Project,Department of water resources-MH - II,"Department of Water Resources, River Development & GR",Water Resources,Maharashtra,2009-04,2010-01,2019-12,2025-12,,210.45,1472.14,1705.83,97.0,Ongoing,2025-11
PM-701395,701395,,Morna [Gureghar] Irrigation Project,"Department of Water Resources, River Development & GR","Department of Water Resources, River Development & GR",Water Resources,Uttar Pradesh,2007-04,2007-12,2025-12,2025-12,,219.9,219.9,115.2,31.0,Ongoing,2025-11
PM-701396,701396,,Lower Pedhi Project,Department of water resources-MH - II,"Department of Water Resources, River Development & GR",Water Resources,Maharashtra,2008-04,2008-04,2019-12,2026-06,,255.97,1480.7,1324.98,65.0,Ongoing,2025-11
PM-701398,701398,,Nardave Medium Irrigation Project,Department of water resources-MH - II,"Department of Water Resources, River Development & GR",Water Resources,Maharashtra,2009-04,2009-04,2019-12,2026-06,,211.46,781.85,623.5,72.0,Ongoing,2025-11
PM-701399,701399,,Kudali Irrigation Project,"Department of Water Resources, River Development & GR","Department of Water Resources, River Development & GR",Water Resources,Chhattisgarh,2009-04,2009-12,2025-12,2025-12,,382.29,382.29,239.03,86.0,Ongoing,2025-11
PM-701400,701400,,Thoubal Multipurpose Project,Water Resources Department-MN,"Department of Water Resources, River Development & GR",Water Resources,Manipur,1997-04,1997-04,2019-12,2026-03,,1449.44,1822.24,1837.91,98.0,Ongoing,2025-11
PM-701404,701404,,Kanupur Irrigation Project,Irrigation and CAD-TG,"Department of Water Resources, River Development & GR",Water Resources,Odisha,2003-04,2004-01,2019-12,2026-06,,989.43,2301.28,2712.75,79.0,Ongoing,2025-11
PM-701405,701405,,J. Chokka Rao Devadula Lift Irrigation Scheme,Irrigation and CAD-TG,"Department of Water Resources, River Development & GR",Water Resources,Telangana,2006-04,2006-04,2019-12,2025-12,,8200.71,14730.0,4664.8,87.0,Ongoing,2025-11
PM-701406,701406,,Rajiv Bhima Lift Irrigation Scheme,Irrigation and CAD-TG,"Department of Water Resources, River Development & GR",Water Resources,Telangana,2007-04,2008-01,2019-12,2026-03,,1402.0,2509.66,1839.76,100.0,Ongoing,2025-11
PM-701408,701408,,Madhya Ganga canal Phase-II,Irrigation & Water Resources-UP,"Department of Water Resources, River Development & GR",Water Resources,Uttar Pradesh,2008-04,2008-04,2019-12,2025-12,,1060.67,4417.21,4552.44,82.0,Ongoing,2025-11
PM-701410,701410,,Relining of Rajasthan feeder and Sirhind Feeder canal,Department of Water Resources-PB,"Department of Water Resources, River Development & GR",Water Resources,Punjab,2016-02,2018-04,2021-06,2026-06,,1441.26,2462.16,3012.69,80.0,Ongoing,2025-11
PM-701411,701411,,Shahpur Kandi Dam Project,Department of Water Resources-PB,"Department of Water Resources, River Development & GR",Water Resources,Punjab,2010-02,2018-04,2022-06,2025-10,,2285.81,2715.7,2169.72,88.0,Ongoing,2025-11
PM-701412,701412,,North Koel Reservoir Project,"Department of Water Resources, River Development & GR","Department of Water Resources, River Development & GR",Water Resources,"Multi-States (Bihar, Jharkhand)",2017-08,2021-01,2021-03,2026-03,,1622.27,2430.76,151.04,32.0,Ongoing,2025-11
PM-701415,701415,,Polavaram Irrigation Project,Water Resources-AP,"Department of Water Resources, River Development & GR",Water Resources,Andhra Pradesh,2009-01,2009-11,2022-04,2026-03,,10151.04,55548.9,25291.59,84.0,Ongoing,2025-11
PM-701564,701564,,"Construction of new dry dock at exisitng Cochin Shipyard Limited premises at Perumanoor, Kochi 682 015",Cochin Shipyard,"Ministry of Ports, Shipping and Waterways",Shipping,Kerala,2018-04,2018-05,2022-12,2025-03,2025-03,1799.0,1799.0,1558.39,100.0,Completed,2025-11
PM-701565,701565,,Jal Marg Vikas Project,Inland Waterways Authority of India [IWAI],"Ministry of Ports, Shipping and Waterways",Inland Waterways,"Multi-States (Bihar, Jharkhand, Uttar Pradesh, West Bengal)",2018-01,2018-02,2023-12,2025-12,,5369.18,5061.15,3577.42,73.0,Ongoing,2025-11
PM-701568,701568,,Construction of oil jetty No.8 at old kandla through internal resources,Deendayal Port Trust [DPT],"Ministry of Ports, Shipping and Waterways",Shipping,Gujarat,2018-02,2021-02,2023-02,2024-07,,100.0,225.85,186.47,90.0,Ongoing,2025-11
PM-701570,701570,,"Replacement and revamping of pipeline projects in oil jetty area, Kandla",Deendayal Port Trust [DPT],"Ministry of Ports, Shipping and Waterways",Shipping,Gujarat,2021-09,2021-09,2023-09,2025-03,,171.0,211.61,137.51,71.0,Ongoing,2025-11
PM-701574,701574,,Deepening and Optimization of Inner Harbour facilities including development of Western Dock on BOT basis to handle Cape size vessels,Paradip Port Trust [PPT],"Ministry of Ports, Shipping and Waterways",Shipping,Odisha,2022-05,2023-01,2027-12,2028-10,,3004.63,3004.63,1277.52,50.0,Ongoing,2025-11
PM-701576,701576,,Berth No. 2 [previously Berth 3] of HDC Mechanization Project,"Haldia Dock Complex, Syama Prasad Mookerjee Port Authority","Ministry of Ports, Shipping and Waterways",Shipping,West Bengal,2022-11,2023-03,2025-09,2026-01,,298.26,298.26,457.85,99.0,Ongoing,2025-11
PM-701577,701577,,Shalukkhali Liquid Cargo Handling Facility Development Project,"Haldia Dock Complex, Syama Prasad Mookerjee Port Authority","Ministry of Ports, Shipping and Waterways",Shipping,West Bengal,2022-01,2022-08,2025-08,2025-08,,253.65,253.65,9.28,0.0,Ongoing,2025-11
PM-701586,701586,,Setting up of a Floating Storage and Regasification Unit [FSRU] - Mumbai,Mumbai Port Trust [MPT],"Ministry of Ports, Shipping and Waterways",Shipping,Maharashtra,2020-11,2021-04,2026-11,2026-11,,900.0,900.0,65.0,0.0,Ongoing,2025-11
PM-701593,701593,,4G Services by BSNL,Department of Telecommunications [DoT],Department of Telecommunications,Telecommunication,PAN India,2020-11,2020-11,2024-03,2026-03,,28466.0,19592.0,8471.19,97.0,Ongoing,2025-11
PM-701597,701597,,Provision of 4G Mobile Services in Uncovered Villages of Arunachal Pradesh and 2 Districts of Assam,Department of Telecommunications,Department of Telecommunications,Telecommunication,"Multi-States (Arunachal Pradesh, Assam)",2020-12,2021-10,2023-04,2026-03,,1255.49,1255.49,284.04,92.0,Ongoing,2025-11
PM-701598,701598,,Provision of 4G based Mobile Services in Uncovered Villages and National Highways of Meghalaya,Department of Telecommunications,Department of Telecommunications,Telecommunication,Meghalaya,2019-09,2020-09,2022-03,2026-03,,971.96,971.96,208.25,99.0,Ongoing,2025-11
PM-701599,701599,,Mobile connectivity in Left Wing Extremism [LWE] affected areas-Phase2,Department of Telecommunications [DoT],Department of Telecommunications,Telecommunication,"Multi-States (Andhra Pradesh, Bihar, Chhattisgarh, Jharkhand, Madhya Pradesh, Maharashtra, Odisha, Telangana, Uttar Pradesh, West Bengal)",,2021-09,2023-03,2026-03,,1577.57,1577.57,628.29,87.0,Ongoing,2025-11
PM-701600,701600,,354 Uncovered Villages Scheme,Department of Telecommunications [DoT],Department of Telecommunications,Telecommunication,"Multi-States (Bihar, Gujarat, Himachal Pradesh, Jammu and Kashmir, Ladakh, Rajasthan, Uttar Pradesh)",2019-12,2020-04,2021-10,2025-08,,336.89,301.13,235.96,100.0,Ongoing,2025-11
PM-701602,701602,,"Provision of 4G based mobile services in 7,287 uncovered villages of 44 Aspirational District across 5 states of Andhra Pradesh, Chhattisgarh, Jharkhand, Maharashtra & Odisha",Department of Telecommunications [DoT],Department of Telecommunications,Telecommunication,"Multi-States (Andhra Pradesh, Chhattisgarh, Jharkhand, Maharashtra, Odisha)",2021-11,2022-05,2023-11,2026-05,,3685.0,3685.0,1203.48,82.0,Ongoing,2025-11
PM-701657,701657,,Tumakuru Node - Phase 1 - Roads and Services Development,National Highways & Infrastructure Development Corporation Ltd. [NHIDCL],Department for Promotion of Industry & Internal Trade,Real Estate,Karnataka,2020-12,2023-02,2026-09,2026-09,,1701.81,1701.81,153.26,14.0,Ongoing,2025-11
PM-701658,701658,,Krishnapatnam Node - Phase 1 - Roads and Services Development,National Industrial Corridor Development Corporation,Department for Promotion of Industry & Internal Trade,Real Estate,Andhra Pradesh,2020-12,2024-02,2028-02,2028-02,,2139.44,2139.44,503.39,24.0,Ongoing,2025-11
PM-701719,701719,,Rehablitation in Junavadaj Area Smart City Project,ministry of housing and urban affairs,Ministry of Housing & Urban Affairs,Real Estate,Gujarat,2016-02,2016-06,2022-07,2022-07,,539.0,539.0,39.63,50.0,Ongoing,2025-11
PM-701745,701745,,New Suburba Station Development Project,ministry of housing and urban affairs,Ministry of Housing & Urban Affairs,Urban Public Transport,Maharashtra,2018-04,2019-03,2022-07,2022-07,,262.76,262.76,17.62,6.0,Ongoing,2025-11
PM-701766,701766,,Green Building Development Project,ministry of housing and urban affairs,Ministry of Housing & Urban Affairs,Real Estate,Uttarakhand,2019-11,2019-08,2023-11,2023-11,,150.97,150.97,18.95,31.0,Ongoing,2025-11
PM-701991,701991,,Kalyan Station Precinct Imporvement Project,ministry of housing and urban affairs,Ministry of Housing & Urban Affairs,Urban Public Transport,Maharashtra,2018-04,2020-07,2023-07,2023-07,,600.0,600.0,272.42,70.0,Ongoing,2025-11
PM-702355,702355,,Storm water drainag Development Project,ministry of housing and urban affairs,Ministry of Housing & Urban Affairs,Waste & Water,Dadra & Nagar Haveli and Daman & Diu,2020-08,2021-12,2024-03,2024-03,,210.0,210.0,0.0,20.0,Ongoing,2025-11
PM-702625,702625,,Bhopal Metro Rail Project,Madhya Pradesh Metro Rail Co Limited [MPMRCL],Ministry of Housing & Urban Affairs,Urban Public Transport,Madhya Pradesh,2018-11,2018-11,2022-11,2028-06,,6941.4,6941.4,3715.92,49.0,Ongoing,2025-11
PM-702626,702626,,Indore Metro Rail Project,Madhya Pradesh Metro Rail Co Limited [MPMRCL],Ministry of Housing & Urban Affairs,Urban Public Transport,Madhya Pradesh,2018-11,2018-11,2022-11,2028-12,,7500.8,7500.8,4293.14,58.0,Ongoing,2025-11
PM-702627,702627,,Patna Metro Rail Project,Patna Metro Rail Corporation Ltd. [PMRCL],Ministry of Housing & Urban Affairs,Urban Public Transport,Bihar,2019-02,2019-02,2024-02,2027-06,,13365.77,13365.8,4670.21,48.0,Ongoing,2025-11
PM-702628,702628,,Kanpur Metro Rail Project,Uttar Pradesh metro rail corporation [UPMRC],Ministry of Housing & Urban Affairs,Urban Public Transport,Uttar Pradesh,2019-05,2019-11,2024-05,2027-03,,11076.48,11076.5,9084.56,76.0,Ongoing,2025-11
PM-702629,702629,,Agra Metro Rail Project,Uttar Pradesh metro rail corporation [UPMRC],Ministry of Housing & Urban Affairs,Urban Public Transport,Uttar Pradesh,2019-05,2020-12,2024-05,2027-06,,8379.62,8379.62,6059.58,64.0,Ongoing,2025-11
PM-702630,702630,,Surat Metro Rail Project,Gujarat Metro Rail Corporation Limited [GMRCL],Ministry of Housing & Urban Affairs,Urban Public Transport,Gujarat,2019-03,2019-04,2024-03,2026-06,,12020.32,12020.3,8040.59,73.0,Ongoing,2025-11
PM-702631,702631,,"Ahmedabad Metro Rail Project, Phase-II",Gujarat Metro Rail Corporation Limited [GMRCL],Ministry of Housing & Urban Affairs,Urban Public Transport,Gujarat,2019-03,2019-03,2024-03,2025-12,,5384.17,5384.17,4332.87,93.0,Ongoing,2025-11
PM-702632,702632,,DMRTS Phase - IV [3 Priority Corridors],Delhi Metro Rail Corporation Limited [DMRC],Ministry of Housing & Urban Affairs,Urban Public Transport,Delhi,2019-07,2019-07,2025-03,2026-03,,24948.65,24948.7,18022.09,73.0,Ongoing,2025-11
PM-702633,702633,,Delhi-Ghaziabad-Meerut Regional Rapid Transit System [RRTS] corridor,National Capital Region Transport Corporation [NCRTC],Ministry of Housing & Urban Affairs,Urban Public Transport,"Multi-States (Delhi, Uttar Pradesh)",2019-03,2019-03,2025-06,2025-12,,30274.0,30274.0,27060.65,96.0,Ongoing,2025-11
PM-702635,702635,,Construction of Bangalore Metro Rail Project Phase 2.,Bengaluru Metro Rail,Ministry of Housing & Urban Affairs,Urban Public Transport,Karnataka,2014-02,2016-02,2021-03,2026-09,,26405.14,30695.1,29667.97,95.0,Ongoing,2025-11
PM-702637,702637,,Mumbai Metro Line 3,Mumbai Metro Rail Corporation Limited [MMRC],Ministry of Housing & Urban Affairs,Urban Public Transport,Maharashtra,2013-07,2016-06,2023-03,2025-08,,23136.0,37276.0,32562.27,96.0,Ongoing,2025-11
PM-702639,702639,,Ahmedabad Metro Rail Project [Phase-I],Gujarat Metro Rail Corporation Limited [GMRCL],Ministry of Housing & Urban Affairs,Urban Public Transport,Gujarat,2014-11,2015-02,2018-03,2026-01,,10773.0,12924.5,12216.37,99.0,Ongoing,2025-11
PM-702658,702658,,Nagpur Metro Rail Phase II Development Project,Maharashtra Metro Rail Corporation Limited [MMRCL],Ministry of Housing & Urban Affairs,Urban Public Transport,Maharashtra,2022-12,2022-12,2027-12,2027-12,,6708.0,6708.0,1346.18,30.0,Ongoing,2025-11
PM-702664,702664,,Kochi Metro Rail Phase 2 Development Project,CSPCC Projects,Ministry of Housing & Urban Affairs,Urban Public Transport,Kerala,2022-11,2022-11,2026-11,2026-11,,1957.05,1957.05,477.04,21.0,Ongoing,2025-11
PM-702665,702665,,Construction Bangalore Metro Rail Project Phase-2A & 2B,Bengaluru Metro Rail,Ministry of Housing & Urban Affairs,Urban Public Transport,Karnataka,2021-06,2019-01,2026-06,2026-06,,14788.1,14788.1,9048.22,59.0,Ongoing,2025-11
PM-702668,702668,,Chennai Metro Rail Phase-II Development Project,Chennai Metro Rail Limited [CMRL],Ministry of Housing & Urban Affairs,Inland Waterways,Tamil Nadu,2024-10,2020-11,2029-08,2029-08,,63246.0,63246.0,29336.0,47.0,Ongoing,2025-11
PM-702674,702674,,"ESR - 8 nos., distribution system - 216 Km, new house service connections - 38760 nos. upgrading of feeder mains, pumping station etc. - Phase II",Ministry of Housing & Urban Affairs,Ministry of Housing & Urban Affairs,Waste & Water,Andhra Pradesh,2017-02,2018-07,2023-03,2026-01,,172.22,172.22,88.86,82.0,Ongoing,2025-11
PM-702682,702682,,Dibrugarh Water Supply Infrastructure Project,Ministry of Housing & Urban Affairs,Ministry of Housing & Urban Affairs,Waste & Water,Assam,2016-02,2020-01,2023-03,2026-01,2025-12,186.8,186.8,186.8,100.0,Completed,2025-11
PM-702699,702699,,Muzaffarpur Storm Water Drainage Phase-I Project,Ministry of Housing & Urban Affairs,Ministry of Housing & Urban Affairs,Waste & Water,Bihar,2016-11,2019-02,2023-10,2026-01,,158.78,158.78,60.5,83.0,Ongoing,2025-11
PM-702734,702734,,Sewerage Management Scheme Part-3 Implementation,Ministry of Housing & Urban Affairs,Ministry of Housing & Urban Affairs,Waste & Water,Haryana,2017-03,2017-11,2023-09,2026-03,,278.01,278.01,218.89,88.0,Ongoing,2025-11
PM-702735,702735,,Sewerage Management Scheme Part-3 Implementation,Ministry of Housing & Urban Affairs,Ministry of Housing & Urban Affairs,Waste & Water,Haryana,2017-03,2018-10,2023-03,2026-01,,213.19,213.19,168.14,91.0,Ongoing,2025-11
PM-702741,702741,,Dhanbad Water Supply Infrastructure Project,Ministry of Housing & Urban Affairs,Ministry of Housing & Urban Affairs,Waste & Water,Jharkhand,2017-02,2018-12,2023-03,2026-03,,216.55,216.55,129.16,74.0,Ongoing,2025-11
PM-702742,702742,,SAAP-3 Water Supply Infrastructure SAAP-3 Project,Ministry of Housing & Urban Affairs,Ministry of Housing & Urban Affairs,Waste & Water,Jharkhand,2017-02,2018-12,2023-10,2026-03,,159.31,159.31,87.5,66.0,Ongoing,2025-11
PM-702746,702746,,Augmentation and Strenghthning of Urban Water Supply Phase 1 - SAAP 3,Ministry of Housing & Urban Affairs,Ministry of Housing & Urban Affairs,Waste & Water,Jharkhand,2017-02,2018-12,2023-03,2026-03,,278.28,278.28,186.5,79.0,Ongoing,2025-11
PM-702760,702760,,Belgavi Improvement in Sewerage System Project,Ministry of Housing & Urban Affairs,Ministry of Housing & Urban Affairs,Waste & Water,Karnataka,2015-12,2016-10,2023-07,2025-12,,162.73,162.73,85.71,80.0,Ongoing,2025-11
PM-702764,702764,,24/7 water supply under AMRUT for Davanagere,Ministry of Housing & Urban Affairs,Ministry of Housing & Urban Affairs,Waste & Water,Karnataka,2016-11,2018-01,2023-03,2025-12,,174.96,174.96,93.18,65.0,Ongoing,2025-11
PM-702793,702793,,Indore Water Supply Infrastructure Project,Ministry of Housing & Urban Affairs,Ministry of Housing & Urban Affairs,Waste & Water,Madhya Pradesh,2016-12,2017-11,2023-03,2025-12,,287.17,287.17,252.5,99.0,Ongoing,2025-11
PM-702798,702798,,Jabalpur Sewerage Management and Treatment Infrastructure Project,Ministry of Housing & Urban Affairs,Ministry of Housing & Urban Affairs,Waste & Water,Madhya Pradesh,2018-10,2017-12,2023-03,2025-12,,362.31,362.31,322.31,93.0,Ongoing,2025-11
PM-702808,702808,,Satna Sewerage Management and Treatment Infrastructure Project,Ministry of Housing & Urban Affairs,Ministry of Housing & Urban Affairs,Waste & Water,Madhya Pradesh,2015-11,2016-12,2024-03,2025-12,,191.56,215.89,191.79,86.0,Ongoing,2025-11
PM-702810,702810,,Singrauli Sewerage Management and Treatment Infrastructure Project,Ministry of Housing & Urban Affairs,Ministry of Housing & Urban Affairs,Waste & Water,Madhya Pradesh,2016-05,2017-11,2023-03,2025-12,,402.01,402.01,357.68,90.0,Ongoing,2025-11
PM-702833,702833,,Kalyan-Dombivali Water Supply Infrastructure Project,Ministry of Housing & Urban Affairs,Ministry of Housing & Urban Affairs,Waste & Water,Maharashtra,2016-07,2019-09,2023-10,2025-12,,194.2,194.2,130.6,70.0,Ongoing,2025-11
PM-702840,702840,,Mira-Bhayandar Water Supply Infrastructure Project,Ministry of Housing & Urban Affairs,Ministry of Housing & Urban Affairs,Waste & Water,Maharashtra,2016-11,2018-08,2023-03,2025-12,,204.55,204.55,186.13,99.0,Ongoing,2025-11
PM-702842,702842,,Nagpur Water Supply Infrastructure Project,Ministry of Housing & Urban Affairs,Ministry of Housing & Urban Affairs,Waste & Water,Maharashtra,2015-12,2018-08,2023-03,2025-12,,273.78,273.78,266.11,99.0,Ongoing,2025-11
PM-702851,702851,,Pune Water Supply Infrastructure Project,Ministry of Housing & Urban Affairs,Ministry of Housing & Urban Affairs,Waste & Water,Maharashtra,2017-03,2017-07,2023-03,2025-10,,235.95,235.95,184.98,92.0,Ongoing,2025-11
PM-702854,702854,,Solapur Sewerage Management Infrastructure Project,Ministry of Housing & Urban Affairs,Ministry of Housing & Urban Affairs,Waste & Water,Maharashtra,2017-03,2018-04,2023-03,2025-12,,180.24,180.24,155.01,91.0,Ongoing,2025-11
PM-702948,702948,,Jaunpur Sewerage Management Infrastructure Project,Ministry of Housing & Urban Affairs,Ministry of Housing & Urban Affairs,Waste & Water,Uttar Pradesh,2017-03,2019-08,2023-06,2025-12,,235.73,235.73,205.84,87.0,Ongoing,2025-11
PM-702949,702949,,Jhansi Water Supply Infrastructure Phase-II Project,Ministry of Housing & Urban Affairs,Ministry of Housing & Urban Affairs,Waste & Water,Uttar Pradesh,2017-03,2019-06,2023-07,2025-12,,561.74,561.74,485.91,93.0,Ongoing,2025-11
PM-703021,703021,,Jalandhar Water Supply Infrastructure Project,Ministry of Housing & Urban Affairs,Ministry of Housing & Urban Affairs,Waste & Water,Punjab,2016-11,2020-08,2023-08,2026-03,,258.53,258.53,161.02,58.0,Ongoing,2025-11
PM-703057,703057,,Patiala Water Supply Infrastructure Part-2 Project,Ministry of Housing & Urban Affairs,Ministry of Housing & Urban Affairs,Waste & Water,Punjab,2016-11,2020-08,2023-10,2025-12,,287.0,287.0,213.64,99.0,Ongoing,2025-11
PM-703585,703585,,Yeshvanthpur - Channasandra Doubling Project [21.70 Km],Karnataka Rail Infrastructure Development Company Limited [K-RIDE],Ministry of Railways,Railways,Karnataka,2019-04,2019-10,2024-03,2026-03,,314.1,683.57,152.31,53.0,Ongoing,2025-11
PM-703586,703586,,Baiyyappanahalli - Hosur Doubling Project [48 km],Karnataka Rail Infrastructure Development Company Limited [K-RIDE],Ministry of Railways,Railways,"Multi-States (Karnataka, Tamil Nadu)",2019-04,2019-02,2024-03,2026-01,,498.7,748.7,630.41,86.0,Ongoing,2025-11
PM-704495,704495,,"502 Aspirational District Scheme in Four states - Bihar, Madhya Pradesh, Rajastha and Uttar Pradesh",Department of Telecommunications [DoT],Department of Telecommunications,Telecommunication,"Multi-States (Bihar, Madhya Pradesh, Rajasthan, Uttar Pradesh)",,2021-03,2022-03,2025-12,,421.65,228.94,142.01,97.0,Ongoing,2025-11
PM-705237,705237,,Western Dedicated Freight Corridor,DFCCIL,Ministry of Railways,Railways,"Multi-States (Gujarat, Haryana, Maharashtra, Rajasthan, Uttar Pradesh)",2008-02,2012-01,2022-03,2025-12,,51101.0,124005.0,124623.0,96.0,Ongoing,2025-11
PM-705244,705244,,Coach Production Factory Upgradation Project,CPM/ICF,Ministry of Railways,Railways,Tamil Nadu,2017-12,2018-07,2021-12,2021-12,,520.0,520.0,192.25,0.0,Ongoing,2025-11
PM-705252,705252,,Kazipet Wagon Overhauling Project,RVNL,Ministry of Railways,Railways,Telangana,2017-09,2017-07,2023-12,2023-12,,385.0,385.0,0.0,0.0,Ongoing,2025-11
PM-705253,705253,,Kurnool Coach Midlife Rehabilitation Project,WPO/Patna,Ministry of Railways,Railways,Andhra Pradesh,2016-05,2014-07,2020-12,2020-12,,563.0,563.0,120.0,0.0,Ongoing,2025-11
PM-705298,705298,,North Region Video Surveillance Project,RCIL,Ministry of Railways,Railways,Delhi,2020-06,2023-04,2024-03,2024-03,,274.39,274.39,0.0,0.0,Ongoing,2025-11
PM-705300,705300,,Western Region Video Surveillance Project,RCIL,Ministry of Railways,Railways,Maharashtra,2020-06,2023-04,2023-12,2023-12,,227.59,227.59,0.0,0.0,Ongoing,2025-11
PM-705356,705356,,Ahmednagar - Beed - Parli - Vaijnath New Broad Gauge Line Railway Project [261.3 km],Central Railway [CR] - II,Ministry of Railways,Railways,Maharashtra,1999-01,2002-10,2026-03,2026-03,,2538.67,4957.27,5140.63,98.0,Ongoing,2025-11
PM-705357,705357,,Baramati Lonand New Line Project,Central Railway,Ministry of Railways,Railways,Maharashtra,2016-03,1999-03,2027-03,2027-03,,138.48,1843.9,850.75,51.0,Ongoing,2025-11
PM-705358,705358,,Khurda-Bolangir New Broad Gauge Rail Link [301km],East Coast Railway [ECoR] - II,Ministry of Railways,Railways,Odisha,1994-03,2001-03,2026-12,2026-12,,3792.0,5089.0,5194.05,89.0,Ongoing,2025-11
PM-705359,705359,,Talcher-Bimlagarh New Railway Line,East Coast Railway [ECoR] - II,Ministry of Railways,Railways,Odisha,2004-03,2004-12,2025-03,2027-03,,1928.0,1928.0,1972.31,49.0,Ongoing,2025-11
PM-705362,705362,,"Jaynagar-Bijalpura, incl. extn. Bet, Bijalpura-Bardibas [Nepal]",East Central Railway [ECR] - I,Ministry of Railways,Railways,Offshore,2015-08,2011-03,2022-03,2026-03,,819.0,819.0,580.51,75.0,Ongoing,2025-11
PM-705364,705364,,Khagaria-Kusheshwar Asthan [42Km] new line project,East Central Railway [ECR] - I,Ministry of Railways,Railways,Bihar,2019-04,1998-12,2024-12,2027-03,,614.0,1384.16,487.99,55.0,Ongoing,2025-11
PM-705366,705366,,Hajipur-Sagauli New line,East Central Railway [ECR] - I,Ministry of Railways,Railways,Bihar,2007-10,2004-10,2020-03,2026-12,,2067.0,2087.0,2015.02,74.0,Ongoing,2025-11
PM-705368,705368,,Araria Supaul New BG Line,East Central Railway [ECR] - I,Ministry of Railways,Railways,Bihar,2018-06,2009-03,2024-03,2027-01,,1605.0,2514.0,1604.02,40.0,Ongoing,2025-11
PM-705373,705373,,"Fatuha-Islampur incl. MM for extn.of NL from Neora to Daniawan , Daniawan to Biharsharif, Biharsharif to Barbigha , Barbigha to Shekhpura",East Central Railway [ECR] - I,Ministry of Railways,Railways,Bihar,2002-08,2002-03,2023-03,2025-08,,1473.0,2882.0,2538.21,95.0,Ongoing,2025-11
PM-705375,705375,,Koderma-Tilaiya New Line,East Central Railway [ECR] - I,Ministry of Railways,Railways,"Multi-States (Bihar, Jharkhand)",2004-11,2002-03,2025-02,2026-02,,1626.0,2486.62,2122.42,94.0,Ongoing,2025-11
PM-705385,705385,,Pirpainti - Jasidih [100.52 Km] New BG line,Eastern Railway [ER] - I,Ministry of Railways,Railways,"Multi-States (Bihar, Jharkhand)",2014-03,2022-03,2028-03,2028-03,,2555.0,2555.0,784.18,49.0,Ongoing,2025-11
PM-705391,705391,,Jiribam-Imphal new line project,Northeast Frontier Railway [NFR],Ministry of Railways,Railways,Manipur,2013-03,2007-12,2026-12,2029-06,,14323.0,21885.9,15782.48,72.0,Ongoing,2025-11
PM-705392,705392,,Dimapur [Dhansiri]-Sukhobi Kohima [Zubza] NL [82.5 Km],Northeast Frontier Railway [NFR],Ministry of Railways,Railways,"Multi-States (Assam, Nagaland)",2015-08,2016-02,2025-03,2025-12,,6663.0,6663.0,5634.59,81.0,Ongoing,2025-11
PM-705401,705401,,Murkongselek-Pasighat,Northeast Frontier Railway (NFR) - II,Ministry of Railways,Railways,"Multi-States (Arunachal Pradesh, Assam)",2011-02,2023-03,2025-03,2026-05,,435.0,1250.0,771.1,62.0,Ongoing,2025-11
PM-705410,705410,,Nangal Dam-Talwara New Broad Gauge Line [84 KM] and Taking Over Siding Mukerian-Talwara [29 KM],Northen Railway [NR],Ministry of Railways,Railways,"Multi-States (Himachal Pradesh, Punjab)",,,2025-12,2027-12,,2018.0,2018.0,2259.62,82.0,Ongoing,2025-11
PM-705419,705419,,Gwalior - Seopurkala with extension to Kota [Gauge Conversion],North Central Railway,Ministry of Railways,Railways,"Multi-States (Madhya Pradesh, Rajasthan)",2011-03,2018-07,2025-03,2026-02,,2913.0,2913.0,2120.66,85.0,Ongoing,2025-11
PM-705424,705424,,Chandigarh-Baddi New Rail Line- 36 km,Northen Railway [NR],Ministry of Railways,Railways,"Multi-States (Haryana, Himachal Pradesh)",2018-02,2018-02,2026-12,2026-12,,1540.0,1540.13,539.29,35.0,Ongoing,2025-11
PM-705428,705428,,Bhanupalli-Bilaspur-Beri New Railway Line Project,RVNL - II,Ministry of Railways,Railways,"Multi-States (Himachal Pradesh, Punjab)",2009-03,2015-04,2026-12,2027-12,,13447.0,13447.0,7008.64,61.0,Ongoing,2025-11
PM-705429,705429,,Rishikesh-Karnaprayag New Rail Line- 125 km,RVNL - I,Ministry of Railways,Railways,Uttarakhand,2016-11,2018-08,2025-12,2027-03,,38953.0,38953.0,24645.15,65.0,Ongoing,2025-11
PM-705432,705432,,Sivok-Rangpo New Rail Line,Indian Railway Construction International Limited [IRCON],Ministry of Railways,Railways,Sikkim,2009-10,2010-05,2015-05,2027-12,,7877.0,11775.0,9647.55,89.0,Ongoing,2025-11
PM-705433,705433,,Dallirajhra- Rowghat New Railway Line - Phase I [95 km],Rail Vikas Nigam Limited,Ministry of Railways,Railways,Chhattisgarh,2009-07,2009-12,2025-09,2025-12,,1628.0,1628.0,1440.85,82.0,Ongoing,2025-11
PM-705434,705434,,New Railway Line between Ginigera and Raichur [165.57 km],South Western Railway [SWR] - II,Ministry of Railways,Railways,Karnataka,2008-03,2009-05,2019-03,2027-03,,2565.0,3034.98,2108.54,66.0,Ongoing,2025-11
PM-705436,705436,,Kotapalli - Narasapur New Line,South Central Railway [SCR] - II,Ministry of Railways,Railways,Andhra Pradesh,2009-03,2013-09,2028-03,2028-03,,2501.0,2501.0,1320.81,29.0,Ongoing,2025-11
PM-705437,705437,,Manoharabad-Kothapalli New Rail Line [151 km],South Central Railway [SCR] - II,Ministry of Railways,Railways,Telangana,2016-07,2017-01,2027-03,2027-12,,1160.0,2781.0,2116.77,71.0,Ongoing,2025-11
PM-705444,705444,,Gevra Road-Pendra Road New Railway Line [135 km],Indian Railway Construction International Limited [IRCON],Ministry of Railways,Railways,Chhattisgarh,2014-04,2014-04,2022-03,2025-12,,4970.0,7448.52,4696.68,75.0,Ongoing,2025-11
PM-705450,705450,,Jogbani-Biratnagar New Rail Line project,Indian Railway Construction International Limited [IRCON],Ministry of Railways,Railways,Bihar,2010-06,2011-01,2022-03,2026-12,,402.0,486.0,367.54,86.0,Ongoing,2025-11
PM-705453,705453,,"New line Dahod-Indore via Sardarpur, Jabuwa and Dhar",Western Railway [WR] - II,Ministry of Railways,Railways,"Multi-States (Gujarat, Madhya Pradesh)",2012-06,2012-06,2027-02,2027-02,,456.07,3516.77,3725.91,50.0,Ongoing,2025-11
PM-705454,705454,,Chhota Udaipur - Dhar New Line Project [157 km],Western Railway [WR] - II,Ministry of Railways,Railways,"Multi-States (Gujarat, Madhya Pradesh)",2008-11,2014-01,2025-12,2025-12,,1794.0,1794.0,1815.94,80.0,Ongoing,2025-11
PM-705457,705457,,Ratlam-Mhow-Khandwa-Akola Gauge Conversion,Western Railway [WR] - II,Ministry of Railways,Railways,"Multi-States (Madhya Pradesh, Maharashtra)",2008-04,2010-03,2027-03,2028-09,,1656.25,6499.86,4445.82,81.0,Ongoing,2025-11
PM-705458,705458,,Miyagam-Karjan-Dabhoi-Samlaya [GC],Western Railway [WR] - II,Ministry of Railways,Railways,Gujarat,2017-01,2017-01,2021-03,2026-12,,483.88,1039.13,621.61,41.0,Ongoing,2025-11
PM-705479,705479,,Wadsa-Gadchiroli,South East Central Railway,Ministry of Railways,Railways,Maharashtra,2017-05,2012-03,2027-03,2027-03,,1886.0,1886.0,728.36,53.0,Ongoing,2025-11
PM-705480,705480,,"Lalitpur-Satna, Rewa-Singrauli & Mahoba-Khajuraho",North Central Railway,Ministry of Railways,Railways,Madhya Pradesh,2007-01,1998-03,2027-03,2027-12,,8914.0,8914.0,6447.32,73.0,Ongoing,2025-11
PM-705481,705481,,Ramganjmandi-Bhopal New Line Project [262 km],West Central Railway [WCR] - II,Ministry of Railways,Railways,"Multi-States (Madhya Pradesh, Rajasthan)",2001-03,2004-10,2025-12,2027-12,,3032.0,5073.0,3764.11,70.0,Ongoing,2025-11
PM-705482,705482,,Dholpur - Sirmuttra Gauge Conversion,North Central Railway,Ministry of Railways,Railways,Rajasthan,2022-03,2020-04,2019-02,2027-02,,747.0,747.0,431.82,44.0,Ongoing,2025-11
PM-705490,705490,,Gadag-Wadi New Railway Line [257 km],South Western Railway [SWR] - II,Ministry of Railways,Railways,Karnataka,2013-04,2017-08,2027-03,2027-12,,2842.0,6700.0,1419.19,30.0,Ongoing,2025-11
PM-705491,705491,,Marikuppam - Kuppam New Line Project [23.70 Km],South Western Railway [SWR] - II,Ministry of Railways,Railways,"Multi-States (Andhra Pradesh, Karnataka)",2012-04,2018-10,2026-06,2026-06,,297.0,297.0,135.5,20.0,Ongoing,2025-11
PM-705492,705492,,Kadur - Chickamagalur - Sakleshpur [93km],South Western Railway [SWR] - II,Ministry of Railways,Railways,Karnataka,2014-01,2016-11,2025-06,2025-12,,825.0,825.0,705.64,83.0,Ongoing,2025-11
PM-705494,705494,,Rayadurg-Tumkur via Kalyandurg New Line [207 km],South Western Railway [SWR] - II,Ministry of Railways,Railways,"Multi-States (Andhra Pradesh, Karnataka)",2008-03,2010-07,2015-09,2028-02,,2496.0,2496.0,1787.43,70.0,Ongoing,2025-11
PM-705495,705495,,Bagalkot-Kudachi New Railway Line [142 km],South Western Railway [SWR] - II,Ministry of Railways,Railways,Karnataka,2013-10,2012-11,2027-03,2027-01,,1378.0,1649.0,729.34,35.0,Ongoing,2025-11
PM-705496,705496,,Tumkur-Chitradurga-Davangere New Rail Line Project [191 km],South Western Railway [SWR] - II,Ministry of Railways,Railways,Karnataka,2013-10,2017-01,2019-03,2027-12,,1876.0,1876.0,461.98,14.0,Ongoing,2025-11
PM-705498,705498,,3rd Line Kalyan - Kasara [67.35 Kilometres],Central Railway,Ministry of Railways,Railways,Maharashtra,2015-09,2015-09,2026-12,2026-12,,792.89,1395.79,981.36,52.0,Ongoing,2025-11
PM-705500,705500,,3rd Line Wardha - Sewagram - Nagpur,Central Railway [CR] - II,Ministry of Railways,Railways,Maharashtra,2015-09,2016-05,2025-12,2025-12,,540.02,944.24,783.01,83.0,Ongoing,2025-11
PM-705502,705502,,3rd Line Wardha - Ballarshah [132 Kilometres],Central Railway [CR] - II,Ministry of Railways,Railways,Maharashtra,2016-03,2016-12,2025-12,2026-02,,1384.72,2033.59,1713.23,80.0,Ongoing,2025-11
PM-705503,705503,,Pune - Miraj-Londa [467 Kilometres],Central Railway,Ministry of Railways,Railways,Maharashtra,2016-06,2016-06,2025-02,2025-08,,4027.53,4872.52,4969.74,100.0,Ongoing,2025-11
PM-705504,705504,,Doubling of Daund Manmad Line [247.6 km],Central Railway,Ministry of Railways,Railways,Maharashtra,2017-10,2017-03,2025-12,2026-03,,2081.27,3267.06,2874.47,92.0,Ongoing,2025-11
PM-705505,705505,,4th Line Wardha - Nagpur [78.7 Kilometres],Central Railway [CR] - II,Ministry of Railways,Railways,Maharashtra,2017-04,2018-05,2025-12,2026-02,,637.95,1341.28,1012.82,83.0,Ongoing,2025-11
PM-705506,705506,,3rd Line Manmad - Jalgaon [160 Kilometres],Central Railway [CR] - II,Ministry of Railways,Railways,Maharashtra,2017-05,2018-04,2024-12,2025-08,,1035.16,1558.75,1726.94,95.0,Ongoing,2025-11
PM-705507,705507,,Itarsi - Nagpur Third Railway Line [280 km],Central Railway (CR) - II,Ministry of Railways,Railways,"Multi-States (Madhya Pradesh, Maharashtra)",2016-09,2016-09,2027-03,2027-12,,2449.91,2506.68,1937.22,55.0,Ongoing,2025-11
PM-705510,705510,,Bhadrak-Nergundi Third Line,East Coast Railway [ECoR] - II,Ministry of Railways,Railways,Odisha,2015-10,2015-04,2024-11,2026-01,,1284.0,1284.0,1298.0,80.0,Ongoing,2025-11
PM-705511,705511,,Jagdalpur-Koraput,East Coast Railway [ECoR] - II,Ministry of Railways,Railways,"Multi-States (Chhattisgarh, Odisha)",2015-12,2016-03,2024-03,2026-12,,1547.0,1547.0,1336.83,91.0,Ongoing,2025-11
PM-705512,705512,,Doubling of Kottavalasa-Koraput Rail Line [189 KM],East Coast Railway [ECoR] - II,Ministry of Railways,Railways,"Multi-States (Andhra Pradesh, Odisha)",2015-12,2016-01,2022-03,2028-03,,2500.0,2500.0,2037.7,71.0,Ongoing,2025-11
PM-705513,705513,,Koraput - Singapur Railway Doubling,East Coast Railway [ECoR] - II,Ministry of Railways,Railways,Odisha,2015-12,2015-12,2027-12,2028-03,,2362.0,2362.0,1834.53,70.0,Ongoing,2025-11
PM-705514,705514,,Jarapada- Budhapank with flyover at Talcher road 3rd and 4th Line,East Coast Railway [ECoR] - II,Ministry of Railways,Railways,Odisha,2015-11,2015-12,2018-11,2026-03,,1000.0,810.02,421.59,58.0,Ongoing,2025-11
PM-705515,705515,,3rd & 4th Railway Line Project from Salegaon to Budhapank via Rajathgarh.,East Coast Railway [ECoR] - II,Ministry of Railways,Railways,Odisha,2013-07,2015-12,2026-03,2026-03,,1173.0,2092.0,1971.0,80.0,Ongoing,2025-11
PM-705520,705520,,Vizianagaram-Sambhalpur 3rd Line Project,RVNL,Ministry of Railways,Railways,"Multi-States (Andhra Pradesh, Odisha)",2016-06,2016-12,2025-03,2025-03,,4803.16,4803.16,2979.23,0.0,Ongoing,2025-11
PM-705526,705526,,Samastipur-Darbhanga Doubling Railway Project,East Central Railway [ECR] - I,Ministry of Railways,Railways,Bihar,2015-11,2015-12,2025-03,2025-10,,519.0,519.0,380.73,85.0,Ongoing,2025-11
PM-705527,705527,,Sagauli-Valmiknagar,East Central Railway [ECR] - I,Ministry of Railways,Railways,Bihar,2018-03,2017-03,2025-12,2025-12,,1216.0,2222.0,2074.54,92.0,Ongoing,2025-11
PM-705528,705528,,Muzaffarpur-Sugauli,East Central Railway [ECR] - I,Ministry of Railways,Railways,Bihar,2018-03,2017-03,2024-06,2026-02,,1586.0,1586.0,1471.11,99.0,Ongoing,2025-11
PM-705562,705562,,Chhapra-Ballia Patch Doubling,North Eastern Railway [NER],Ministry of Railways,Railways,"Multi-States (Bihar, Uttar Pradesh)",2013-03,2015-12,2025-02,2026-03,,963.0,1046.0,912.16,95.0,Ongoing,2025-11
PM-705567,705567,,Burhwal Gonda 3rd line,North Eastern Railway [NER],Ministry of Railways,Railways,Uttar Pradesh,2017-11,2019-07,2025-03,2026-01,,1016.0,1118.0,1435.86,88.0,Ongoing,2025-11
PM-705572,705572,,Doubling of New Bonggigaon to Kamakhya via Goalpara - 176 km,Northeast Frontier Railway [NFR],Ministry of Railways,Railways,Assam,2016-09,2016-09,2026-03,2026-03,,4060.0,4961.0,3729.89,93.0,Ongoing,2025-11
PM-705583,705583,,Anand Vihar-Tilak Bridge 3rd & 4th line,CAO/C/NR,Ministry of Railways,Railways,Delhi,2013-03,2013-03,2023-03,2027-12,,667.0,667.0,289.26,63.0,Ongoing,2025-11
PM-705588,705588,,Janghai-Pratapgarh- Amethi,CAO/C/II/NR,Ministry of Railways,Railways,Uttar Pradesh,2017-11,2017-03,2025-03,2026-03,,722.0,1194.0,1567.0,70.0,Ongoing,2025-11
PM-705598,705598,,Jhansi - Bina Third Railway Line [153 Km],CAO/C/NCR,Ministry of Railways,Railways,"Multi-States (Madhya Pradesh, Uttar Pradesh)",2016-09,2018-03,2022-03,2026-03,,2002.0,2002.0,1831.86,93.0,Ongoing,2025-11
PM-705608,705608,,Jhansi-Khairar-Manikpur & Khirar-Bhimsen,North Central Railway,Ministry of Railways,Railways,"Multi-States (Madhya Pradesh, Uttar Pradesh)",2018-03,2019-04,2026-03,2026-03,,4330.0,4330.0,2456.1,62.0,Ongoing,2025-11
PM-705610,705610,,"Renigunta, Wadi & Gooty Bypass Railway Project",South Central Railway [SCR] - I,Ministry of Railways,Railways,"Multi-States (Andhra Pradesh, Karnataka)",2016-04,2016-04,2025-12,2025-12,,302.0,543.0,381.0,50.0,Ongoing,2025-11
PM-705612,705612,,Kazipet-Vijayawada 3rd line with electrification [220 km],South Central Railway [SCR] - II,Ministry of Railways,Railways,"Multi-States (Andhra Pradesh, Telangana)",2013-03,2014-08,2025-02,2025-12,,1953.0,3363.0,3625.29,94.0,Ongoing,2025-11
PM-705613,705613,,Third Line [new] between Kazipet - Balharshah with electrification [201.04 Km],South Central Railway [SCR] - II,Ministry of Railways,Railways,"Multi-States (Maharashtra, Telangana)",2016-09,2016-10,2025-01,2025-11,,2595.0,3071.0,3409.31,94.0,Ongoing,2025-11
PM-705616,705616,,Jharsuguda-Bilaspur Fourth Railway Line [206 km],SECR,Ministry of Railways,Railways,"Multi-States (Chhattisgarh, Odisha)",2016-09,2016-09,2024-10,2026-03,,2140.0,2979.0,2189.75,93.0,Ongoing,2025-11
PM-705617,705617,,Rajnandgaon - Nagpur [Kalumna] Third Railway Line [228.30 km],South East Central Railway [SECR] - II,Ministry of Railways,Railways,"Multi-States (Chhattisgarh, Maharashtra)",2016-09,2016-12,2024-12,2026-06,,3545.0,3545.0,3518.69,96.0,Ongoing,2025-11
PM-705628,705628,,Doubling of Hatia [Ranchi]-Bondamunda Rail Line - 159 km,South Eastern Railway - JH,Ministry of Railways,Railways,"Multi-States (Jharkhand, Odisha)",2016-03,2017-02,2025-06,2026-06,,3029.0,3029.04,2525.28,87.0,Ongoing,2025-11
PM-705629,705629,,Narayangarh-Bhadrak 3rd line,South Eastern Railway [SER] - I,Ministry of Railways,Railways,"Multi-States (Odisha, West Bengal)",2019-03,2017-03,2025-12,2026-06,,2400.0,3425.32,2344.37,66.0,Ongoing,2025-11
PM-705632,705632,,Vijayawada - Kazipet Byepass line,South Central Railway [SCR] - II,Ministry of Railways,Railways,"Multi-States (Andhra Pradesh, Telangana)",2016-04,2016-04,2025-01,2025-12,,647.0,904.0,973.78,93.0,Ongoing,2025-11
PM-705633,705633,,Guntur-Guntakal Doubling Project,South Central Railway [SCR] - II,Ministry of Railways,Railways,Andhra Pradesh,2017-03,2017-11,2025-12,2026-12,,3733.0,4295.0,4475.93,93.0,Ongoing,2025-11
PM-705635,705635,,Trivandrum- Kanyakumari,Southern Railway (SR) - I,Ministry of Railways,Railways,"Multi-States (Kerala, Tamil Nadu)",2017-08,2016-03,2025-03,2026-12,,1432.0,3785.45,2505.8,50.0,Ongoing,2025-11
PM-705638,705638,,Kumbalam-Turavur doubling project [15.59 Km],Ministry of Railways,Ministry of Railways,Railways,Kerala,2023-04,2023-04,2027-03,2027-03,,813.0,802.8,72.62,19.0,Ongoing,2025-11
PM-705639,705639,,Ernakulam-Kumbalam doubling project [7.71 Km],SR-ERS,Ministry of Railways,Railways,Kerala,2023-04,2023-04,2028-03,2027-02,,601.0,595.39,292.67,20.0,Ongoing,2025-11
PM-705648,705648,,Vijaywada-Gudur 3rd Line,RVNL - II,Ministry of Railways,Railways,Andhra Pradesh,2016-08,2018-04,2024-11,2025-12,,6654.0,6654.0,5922.0,90.0,Ongoing,2025-11
PM-705650,705650,,Hospet - Tinaighat - Vasco Rail Doubling Project,RVNL - II,Ministry of Railways,Railways,"Multi-States (Goa, Karnataka)",2010-03,2012-07,2027-03,2027-12,,5060.0,5060.0,5246.91,86.0,Ongoing,2025-11
PM-705651,705651,,Katni - Bina Third Railway Line [279 km],West Central Railway WCR I,Ministry of Railways,Railways,Madhya Pradesh,2016-06,2017-01,2022-03,2025-12,,2478.23,4127.23,3332.06,95.0,Ongoing,2025-11
PM-705659,705659,,Satna-Rewa Railway Line Doubling Project,West Central Railway [WCR] - II,Ministry of Railways,Railways,Madhya Pradesh,2015-11,2017-08,2026-03,2026-03,,500.0,584.0,565.66,82.0,Ongoing,2025-11
PM-705660,705660,,Doubling of Katni - Singrauli Railway Line [261 km],Indian Railway Construction International Limited [IRCON],Ministry of Railways,Railways,Madhya Pradesh,2016-03,2017-03,2025-12,2025-12,,2445.0,4377.0,3242.32,100.0,Ongoing,2025-11
PM-705661,705661,,Katni Grade Separator/Bye Pass,Indian Railway Construction International Limited [IRCON],Ministry of Railways,Railways,Madhya Pradesh,2016-03,2017-09,2024-09,2026-03,,1248.0,1248.0,1662.02,95.0,Ongoing,2025-11
PM-705662,705662,,Hotgi-Kudgi-Gadag Doubling Project,South Western Railway [SWR] - II,Ministry of Railways,Railways,"Multi-States (Karnataka, Maharashtra)",2014-04,2016-01,2024-12,2026-03,,1878.0,2459.0,2684.67,92.0,Ongoing,2025-11
PM-705663,705663,,Bangalore-Whitefield-Bangalore City-Krishnarajapuram [23.08 km] - Quadrupling,South Western Railway [SWR] - II,Ministry of Railways,Railways,Karnataka,2018-02,2022-06,2026-02,2026-02,,493.0,493.0,252.45,82.0,Ongoing,2025-11
PM-705667,705667,,Mathura-Jhansi Third Railway Line [274 Km],RVNL - II,Ministry of Railways,Railways,"Multi-States (Madhya Pradesh, Rajasthan, Uttar Pradesh)",2015-12,2018-03,2024-12,2026-12,,5961.0,5961.0,4990.85,94.0,Ongoing,2025-11
PM-705668,705668,,KHARAGPUR-ADITYAPUR THIRD RAIL LINE- 132 KM,RVNL - I,Ministry of Railways,Railways,"Multi-States (Jharkhand, West Bengal)",2016-09,2018-01,2025-03,2025-12,,3250.0,3250.0,3176.46,97.0,Ongoing,2025-11
PM-705694,705694,,Provision of Work-site Tampers [WST] Railway Project,EDTK[MC]/RB,Ministry of Railways,Railways,Delhi,2016-01,2016-01,2023-12,2026-01,,187.72,187.72,141.91,100.0,Ongoing,2025-11
PM-705708,705708,,WST Machine Procurement Project,EDTK[MC]/RB,Ministry of Railways,Railways,Delhi,2018-06,2018-06,2024-03,2027-12,,176.0,176.0,0.0,0.0,Ongoing,2025-11
PM-705710,705710,,PCT Machine Procurement Project,EDTK[MC]/RB,Ministry of Railways,Railways,Delhi,2019-04,2019-04,2024-04,2027-06,,336.0,336.0,74.32,85.0,Ongoing,2025-11
PM-705712,705712,,RBMV Machine Procurement Project,EDTK[MC]/RB,Ministry of Railways,Railways,Delhi,2019-10,2019-10,2024-06,2027-12,,480.0,480.0,20.65,27.0,Ongoing,2025-11
PM-705717,705717,,SRGM Machine Procurement Project,EDTK[MC]/RB,Ministry of Railways,Railways,Delhi,2019-10,2019-10,2023-12,2026-03,,440.0,440.0,390.03,90.0,Ongoing,2025-11
PM-705720,705720,,WST Machine Procurement Project,EDTK[MC]/RB,Ministry of Railways,Railways,Delhi,2019-12,2019-12,2024-04,2026-12,,384.0,384.0,0.0,0.0,Ongoing,2025-11
PM-705721,705721,,DTS Machine Procurement Project,EDTK[MC]/RB,Ministry of Railways,Railways,Delhi,2019-12,2019-12,2024-12,2030-12,,447.6,447.6,0.0,0.0,Ongoing,2025-11
PM-705722,705722,,BRM Machine Procurement Project,EDTK[MC]/RB,Ministry of Railways,Railways,Delhi,2019-09,2019-09,2024-06,2027-12,,210.0,210.0,0.02,0.0,Ongoing,2025-11
PM-705726,705726,,Track Machine Procurement Project,EDTK[MC]/RB,Ministry of Railways,Railways,Delhi,2020-04,2020-04,2025-03,2028-01,,6339.0,6339.0,4201.26,62.0,Ongoing,2025-11
PM-705728,705728,,Mumbai-Ahmedabad High Speed Rail Project- 508 km,National High Speed Rail Corporation [NHSRC],Ministry of Railways,Railways,"Multi-States (Dadra & Nagar Haveli and Daman & Diu, Gujarat, Maharashtra)",2015-03,2017-09,2027-08,2029-12,,108000.0,108000.0,84199.89,55.0,Ongoing,2025-11
PM-705730,705730,,Joka-BBD Bag new metro project,RVNL - II,Ministry of Railways,Railways,West Bengal,2010-03,2010-04,2026-12,2029-12,,4835.0,10362.0,4672.28,51.0,Ongoing,2025-11
PM-705735,705735,,Solapur-tuljapur-Osmanabad,Central Railway,Ministry of Railways,Railways,Maharashtra,2018-08,2023-12,2027-03,2028-03,,904.92,3295.74,1154.89,12.0,Ongoing,2025-11
PM-705741,705741,,Jeypore-Navarangpur New Rail Line Project,East Coast Railway [ECoR] - II,Ministry of Railways,Railways,Odisha,2017-07,2023-04,2028-07,2029-12,,748.0,748.0,12.76,1.0,Ongoing,2025-11
PM-705742,705742,,Jeypore-Malkanagiri New Railway Line Project,East Coast Railway [ECoR] - II,Ministry of Railways,Railways,Odisha,2018-02,2023-12,2033-07,2033-07,,2344.0,2344.0,490.13,20.0,Ongoing,2025-11
PM-705752,705752,,Gudha-Thatha Mithri Construction of Railway Track Project,North Western Railway [NWR],Ministry of Railways,Railways,Rajasthan,2019-04,2019-04,2026-11,2026-11,,819.48,967.06,393.06,99.0,Ongoing,2025-11
PM-705761,705761,,SHIMOGA - SHIKARIPURA - RANEBENNUR [96 Km],South Western Railway [SWR] - II,Ministry of Railways,Railways,Karnataka,2019-09,2023-02,2027-12,2028-06,,1454.0,1454.0,72.26,11.0,Ongoing,2025-11
PM-705763,705763,,Indore - Budni New Railway Line [198 kms],RVNL - II,Ministry of Railways,Railways,Madhya Pradesh,2019-08,2020-10,2030-09,2030-09,,7474.0,7474.0,1841.69,25.0,Ongoing,2025-11
PM-705764,705764,,Nimach-Badi Sadri New Rail Line Project,Western Railway [WR] - II,Ministry of Railways,Railways,"Multi-States (Madhya Pradesh, Rajasthan)",2017-04,2021-09,2026-03,2026-06,,495.0,825.0,130.09,57.0,Ongoing,2025-11
PM-705765,705765,,Gomoh - Flyover for DN trains,East Central Railway [ECR] - I,Ministry of Railways,Railways,Jharkhand,2018-01,2018-01,2026-03,2026-03,,686.0,686.0,578.93,59.0,Ongoing,2025-11
PM-705766,705766,,Lalitpur-Birari with flyover at Lalitpur- 16 Km,North Central Railway,Ministry of Railways,Railways,Uttar Pradesh,2017-03,2017-11,2024-12,2026-01,,304.44,356.0,234.88,80.0,Ongoing,2025-11
PM-705771,705771,,Allahabad-Bamhrauli Flyover Construction & 4th Railway Line Project,North Central Railway,Ministry of Railways,Railways,Uttar Pradesh,2019-04,2020-10,2026-03,2026-03,,494.0,494.0,333.0,70.0,Ongoing,2025-11
PM-705772,705772,,"Mughalsarai-Allahabad, 3rd line",North Central Railway,Ministry of Railways,Railways,Uttar Pradesh,2015-12,2016-03,2026-12,2027-03,,2649.0,2649.44,1688.13,65.0,Ongoing,2025-11
PM-705774,705774,,Aligarh -Daud Khan Flyover Construction & 3rd Railway Line Project,CAO/C/NCR,Ministry of Railways,Railways,Uttar Pradesh,2019-04,2020-09,2025-01,2027-03,,758.0,779.49,412.67,73.0,Ongoing,2025-11
PM-705777,705777,,Bhandai - Flyover for Etawah bound down train- 10 Km,North Central Railway (NCR) - II,Ministry of Railways,Railways,Uttar Pradesh,2020-07,2021-04,2026-02,2027-02,,250.18,250.18,115.68,8.0,Ongoing,2025-11
PM-705779,705779,,"Phephna-Indara, Mau-Shahganj doubling excluding Indara-Mau",RVNL - I,Ministry of Railways,Railways,Uttar Pradesh,2017-05,2019-10,2024-12,2026-03,,1178.0,1777.0,1489.5,85.0,Ongoing,2025-11
PM-705780,705780,,Bhatni-Aurnihar with electrification excluding Indara-Mau,RVNL - I,Ministry of Railways,Railways,Uttar Pradesh,2018-03,2017-03,2024-12,2025-12,,2529.0,2529.46,2051.69,94.0,Ongoing,2025-11
PM-705782,705782,,Barabanki-Malhaur 3rd & 4th Railway Line Project,CAO/C/NR,Ministry of Railways,Railways,Uttar Pradesh,2019-01,2017-04,2025-03,2026-03,,407.0,407.0,317.0,75.0,Ongoing,2025-11
PM-705783,705783,,Ludhiana- Killa Raipur Railway Doubling Project,Railway,Ministry of Railways,Railways,Punjab,2019-03,2022-12,2025-03,2026-03,,237.64,238.0,134.48,50.0,Ongoing,2025-11
PM-705784,705784,,Janghai-Phaphamau Doubling Rail Line Project,RVNL,Ministry of Railways,Railways,Uttar Pradesh,2018-11,2020-03,2025-03,2025-03,,357.0,978.77,579.0,95.0,Ongoing,2025-11
PM-705785,705785,,Lodhma - Piska - Link Line bypassing Hatia/Ranchi with Y connection,South Eastern Railway [SER] - I,Ministry of Railways,Railways,Jharkhand,2021-08,2019-03,2026-06,2027-05,,473.0,473.0,288.72,5.0,Ongoing,2025-11
PM-705789,705789,,Penukonda - Dharmavaram Doubling Project [41.5 Km],South Western Railway [SWR] - II,Ministry of Railways,Railways,Andhra Pradesh,2018-06,2018-12,2026-03,2026-03,,307.66,307.66,276.34,85.0,Ongoing,2025-11
PM-705793,705793,,New Delhi- Mumbai Speed Booster[160Kmph] Project,PCE/WR,Ministry of Railways,Railways,"Multi-States (Delhi, Gujarat, Madhya Pradesh, Maharashtra, Rajasthan)",2019-09,2019-09,2024-03,2024-03,,6806.44,6806.44,135.65,0.0,Ongoing,2025-11
PM-705794,705794,,New Delhi- Howrah Speed Booster[160Kmph] Project,PCE/NCR,Ministry of Railways,Railways,"Multi-States (Bihar, Delhi, Jharkhand, Uttar Pradesh, West Bengal)",2019-09,2019-09,2024-03,2024-03,,6684.81,6684.81,127.03,0.0,Ongoing,2025-11
PM-705799,705799,,Nagpur- Nagbhir Railway Line Gauge Conversion Project,MRIDC,Ministry of Railways,Railways,Maharashtra,2019-10,2020-04,2025-12,2025-12,,1400.0,1400.0,1472.0,80.0,Ongoing,2025-11
PM-705912,705912,,Sawai Madhopur-Jaipur Railway Line Project,North Western Railway [NWR],Ministry of Railways,Railways,Rajasthan,2024-02,2023-04,2027-03,2027-03,,1203.89,1203.89,109.85,13.0,Ongoing,2025-11
PM-705919,705919,,Agra Fort-Bandikui Doubling Line Project,CAO/C/NCR,Ministry of Railways,Railways,Rajasthan,2022-06,2021-02,2027-06,2027-06,,1390.0,1390.0,123.0,25.0,Ongoing,2025-11
PM-705933,705933,,Nimach-Ratlam Doubling [133 Km],Western Railway [WR] - II,Ministry of Railways,Railways,Madhya Pradesh,2021-10,2021-10,2027-10,2027-10,,1095.88,1095.88,1067.49,89.0,Ongoing,2025-11
PM-706718,706718,,C/o NITB Imphal Airport,Airport Authority of India [AAI],Ministry of Civil Aviation,Aviation & Aviation Infrastructure,Manipur,2021-11,2022-07,2024-07,2026-12,,499.0,499.0,156.06,42.0,Ongoing,2025-11
PM-706724,706724,,Guwahati Airport New Integrated Terminal Building Construction Project,Adani Airport Holdings Limited,Ministry of Civil Aviation,Aviation & Aviation Infrastructure,Assam,2016-12,2018-03,2025-03,2025-11,,1712.0,1712.0,2456.07,94.0,Ongoing,2025-11
PM-706757,706757,,Modasa-Shamlaji Road Railway Line Project,Western Railway (WR) - II,Ministry of Railways,Railways,Gujarat,2012-09,2008-04,2025-03,2027-03,,262.0,262.0,337.67,63.0,Ongoing,2025-11
PM-706759,706759,,Rampur Dumra-Tal-Rajendrapul Additional Bridge and Railway Line Doubling,Indian Railway Construction International Limited [IRCON],Ministry of Railways,Railways,Bihar,2016-03,2017-05,2024-12,2025-12,,2373.64,1700.24,1427.78,97.0,Ongoing,2025-11
PM-706763,706763,,Rajkot - Kanalus Doubling Project [111.2 Kms],Western Railway (WR) - II,Ministry of Railways,Railways,Gujarat,2021-10,2021-12,2026-10,2026-10,,1080.58,1080.58,829.85,80.0,Ongoing,2025-11
PM-706775,706775,,BharatNet,Department of Telecommunications [DoT],Department of Telecommunications,Telecommunication,PAN India,2017-07,2011-10,2023-08,2027-03,,61109.0,188000.0,46431.54,81.0,Ongoing,2025-11
PM-706776,706776,,Noapara-Barasat via Bimanbandar - Construction of Metro railway [18 km],"Metro Railway, Kolkata",Ministry of Railways,Railways,West Bengal,2010-11,2010-03,2026-08,2029-03,,4830.0,4830.0,2764.13,32.0,Ongoing,2025-11
PM-706777,706777,,Baranagar-Barrackpore and Dakshineshwar- Construction of Metro Railway,RVNL - II,Ministry of Railways,Railways,West Bengal,2010-03,2010-03,2026-12,2025-12,,2298.0,2734.0,393.01,17.0,Ongoing,2025-11
PM-706779,706779,,Mumbai Urban Transport Project [MUTP] - PHASE II,Mumbai Rail Vikas Corporation Ltd.[MRVC],Ministry of Railways,Railways,Maharashtra,2008-05,2008-04,2014-03,2027-12,,8087.0,8087.0,7364.0,87.0,Ongoing,2025-11
PM-706780,706780,,Mumbai Urban Transport Project [MUTP] Phase-IIIA,Mumbai Rail Vikas Corporation Ltd.[MRVC],Ministry of Railways,Railways,Maharashtra,2019-04,2019-04,2027-12,2027-12,,33690.0,33690.0,2805.0,16.0,Ongoing,2025-11
PM-706781,706781,,Mumbai Urban Transport Project Phase-III,Mumbai Rail Vikas Corporation Ltd.[MRVC],Ministry of Railways,Railways,Maharashtra,2016-11,2016-12,2022-03,2026-12,,10947.0,10947.0,5588.85,65.0,Ongoing,2025-11
PM-706811,706811,,NMDC Slurry Pipeline Project Phase-1,National Mineral Development Corporation Limited [NMDC],Ministry of Steel,Steel,Chhattisgarh,2015-11,2020-09,2023-06,2025-12,,2907.0,5427.0,3243.55,90.0,Ongoing,2025-11
PM-706835,706835,,Belgaum-Dharwad via Kittur [73.10Km],South Western Railway [SWR] - II,Ministry of Railways,Railways,Karnataka,2020-09,2025-03,2027-12,2029-03,,1591.0,1591.0,0.38,0.0,Ongoing,2025-11
PM-706837,706837,,Pradhan Kuntha Jn Line Doubling Project,East Central Railway [ECR] - I,Ministry of Railways,Railways,Jharkhand,2022-11,2022-11,2027-11,2027-11,,349.22,349.22,108.89,62.0,Ongoing,2025-11
PM-706844,706844,,Katihar - Kumedpur Doubling Line Project,GM/C/ NFR,Ministry of Railways,Railways,"Multi-States (Bihar, West Bengal)",2022-08,2022-08,2027-08,2027-08,,942.0,942.0,356.0,45.0,Ongoing,2025-11
PM-706854,706854,,Boridand - Ambikapur Doubling Line Project,South East Central Railway [SECR] - II,Ministry of Railways,Railways,Chhattisgarh,2022-06,2022-04,2030-06,2030-06,,1376.0,1576.72,139.49,21.0,Ongoing,2025-11
PM-706860,706860,,Barauni-Bachwara [16 km] - 3rd & 4th line incl. Barauni yard remodelling [32 km],East Central Railway [ECR] - I,Ministry of Railways,Railways,Bihar,2022-10,2025-08,2025-08,2026-10,,645.0,645.0,27.98,55.0,Ongoing,2025-11
PM-706866,706866,,Sawaimadhopur Bye Pass Line Project,North Western Railway [NWR],Ministry of Railways,Railways,Rajasthan,2022-12,2023-01,2026-03,2027-05,,304.0,304.0,53.0,46.0,Ongoing,2025-11
PM-706898,706898,,Khurda Road - Balangir Electrification of Railway Track Project,Ministry of Railways,Ministry of Railways,Railways,Odisha,2018-09,2019-09,2021-03,2021-03,,267.61,267.61,0.0,0.0,Ongoing,2025-11
PM-706922,706922,,Guwahati-Dibrugarh via Tinsukia & Simaluguri-Dibrugarh,Central Organisation for Railway Electrification [CORE],Ministry of Railways,Railways,Assam,2020-09,2018-09,2020-09,2024-06,,890.36,889.36,391.73,89.0,Ongoing,2025-11
PM-706940,706940,,"Mariani-Jorhat, Tinsukia-Dangri and Makum -TirapTrack Electrification Project",GM/C/ NFR,Ministry of Railways,Railways,Assam,2018-09,2022-01,2024-05,2024-05,,183.99,183.99,0.0,0.0,Ongoing,2025-11
PM-706942,706942,,Harmuty-Murkongselek Branch Line Electrification Project,GM/C/ NFR,Ministry of Railways,Railways,Assam,2018-09,2022-01,2024-05,2024-05,,237.52,237.52,0.0,0.0,Ongoing,2025-11
PM-706950,706950,,Hospet-Hubli-Vasco da Gama Line Electrification Project,RVNL,Ministry of Railways,Railways,"Multi-States (Goa, Karnataka)",2015-07,2018-05,2023-03,2024-03,,744.49,1122.62,969.05,95.0,Ongoing,2025-11
PM-707215,707215,,National Maritime Heritage Complex [NMHC] Phase-I,Indian Port Rail & Ropeway Corporation Ltd. [IPRCL],"Ministry of Ports, Shipping and Waterways","Tourism, Hospitality & Wellness",Gujarat,2019-02,2022-01,2024-03,2025-09,,573.0,1238.05,515.97,70.0,Ongoing,2025-11
PM-707229,707229,,"Integrated Command control Center [ICCC] - Construction and Development of Integrated Command Control Center with Security, Surveillance, ITMS, Connecting Port, Ship Service, Smart Solid Waste Management, Smart Public Transport System",ministry of housing and urban affairs,Ministry of Housing & Urban Affairs,Real Estate,Andaman & Nicobar,2021-07,2021-11,2023-05,2023-05,,209.88,209.88,0.0,70.0,Ongoing,2025-11
PM-707267,707267,,Upgradation of Sewerage system in Gandhinagar City,ministry of housing and urban affairs,Ministry of Housing & Urban Affairs,Waste & Water,Gujarat,2020-07,2021-03,2023-06,2023-06,,200.0,200.0,100.0,10.0,Ongoing,2025-11
PM-708662,708662,,Establishment of 600 bed super specialty hospital with optional development of Medical college and further expansion on PPP basis.,Mumbai Port Trust [MPT],"Ministry of Ports, Shipping and Waterways",Healthcare,Maharashtra,2019-08,2022-01,2026-06,2027-12,,693.0,693.0,58.0,11.0,Ongoing,2025-11
PM-709747,709747,,Bagodara Solar Power Project,Satluj Jal Vidyut Nigam [SJVN] Thermal Limited,Ministry of Power,Electricity Generation,Gujarat,2021-03,2021-05,2025-12,2025-12,,339.35,339.35,317.59,51.0,Ongoing,2025-11
PM-709748,709748,,BIKANER SOLAR POWER PROJECT,Satluj Jal Vidyut Nigam [SJVN] Thermal Limited,Ministry of Power,Electricity Generation,Rajasthan,2021-10,2022-05,2024-04,2025-12,,5491.89,5491.89,5376.34,92.0,Ongoing,2025-11
PM-709749,709749,,PHASE-I OF CONSOLIDATION OF EXISTING CDR DATA CENTERS AND NIB-P3 DATA CENTERS WITH STATE OF THE ART,BSNL,Department of Telecommunications,Telecommunication,"Multi-States (Maharashtra, Telangana)",2020-03,2020-03,2021-06,2025-12,,461.42,461.42,166.02,81.0,Ongoing,2025-11
PM-709750,709750,,Laying of new 28 inch Desal Water Pipeline and 10 inch Reject Water Pipeline between CPCL Manali Refinery and CPCL Desalination plant at Ennore,Chennai Petroleum Corporation Limited [CPCL],Ministry of Petroleum & Natural Gas,Oil & Gas,Tamil Nadu,2024-01,2024-01,2025-09,2025-12,,205.0,205.0,66.22,52.0,Ongoing,2025-11
PM-709752,709752,,HP-COAT [Crude to Olefins and Aromatics Technology] demo unit at Visakh Refinery,Hindustan Petroleum Corporation Limited,Ministry of Petroleum & Natural Gas,Oil & Gas,Andhra Pradesh,2021-09,2021-09,2024-06,2026-03,,160.0,220.0,99.49,79.0,Ongoing,2025-11
PM-709753,709753,,Haldia Panagarh Pipeline Project,Hindustan Petroleum Corporation Limited,Ministry of Petroleum & Natural Gas,Oil & Gas,West Bengal,2022-11,2022-11,2025-11,2026-05,,1010.0,1010.0,699.07,87.0,Ongoing,2025-11
PM-709754,709754,,"Construction of LPG Facilities at Kamardanga, Assam",Hindustan Petroleum Corporation Limited,Ministry of Petroleum & Natural Gas,Energy Storage,Assam,2023-03,2023-03,2027-07,2027-07,,156.36,156.36,70.91,53.0,Ongoing,2025-11
PM-709755,709755,,"Setting up of new rail fed POL facility at Kamardanga, Assam",Hindustan Petroleum Corporation Limited [HPCL],Ministry of Petroleum & Natural Gas,Energy Storage,Assam,2023-03,2023-03,2027-07,2027-07,,384.04,384.04,150.78,62.0,Ongoing,2025-11
PM-709757,709757,,"CGD Project in Banka, Dumka, Godda, Jamtara, Pakur, Sahibganj GA ID 11A.02",Hindustan Petroleum Corporation Limited,Ministry of Petroleum & Natural Gas,Oil & Gas,"Multi-States (Bihar, Jharkhand)",2022-06,2022-06,2030-06,2030-06,,1377.0,1377.0,347.15,31.0,Ongoing,2025-11
PM-709758,709758,,"CGD Project in Malda, Birbhum, Murshidabad, Dakshin Dinajpur GA ID 11A.03",Hindustan Petroleum Corporation Limited,Ministry of Petroleum & Natural Gas,Oil & Gas,West Bengal,2022-06,2022-06,2030-06,2030-06,,2628.0,2628.0,348.91,30.0,Ongoing,2025-11
PM-709759,709759,,"Petrochemical evacuation marketing terminal at Barmer, Rajasthan",Hindustan Petroleum Corporation Limited [HPCL],Ministry of Petroleum & Natural Gas,Energy Storage,Rajasthan,2023-12,2023-12,2026-12,2026-12,,461.05,461.05,153.07,67.0,Ongoing,2025-11
PM-709760,709760,,HP TDAE Unit in Mumbai Refinery,Hindustan Petroleum Corporation Limited,Ministry of Petroleum & Natural Gas,Oil & Gas,Maharashtra,2024-06,2024-06,2026-04,2026-04,,240.0,240.0,70.12,62.0,Ongoing,2025-11
PM-709766,709766,,"City Gas Distribution Project at Kurnool, Guntur & Prakasam Districts",MinistryofPetroleumNaturalGas,Ministry of Petroleum & Natural Gas,Oil & Gas,Andhra Pradesh,2022-03,2022-03,2030-03,2030-03,,1420.0,1420.0,168.51,6.0,Ongoing,2025-11
PM-709770,709770,,City Gas Distribution Project at Pathankot District,MinistryofPetroleumNaturalGas,Ministry of Petroleum & Natural Gas,Oil & Gas,Punjab,2022-03,2022-03,2033-09,2033-09,,151.0,151.0,8.77,2.0,Ongoing,2025-11
PM-709771,709771,,"City Gas Distribution Project at Beed, Jalgaon and Jalna Districts",MinistryofPetroleumNaturalGas,Ministry of Petroleum & Natural Gas,Oil & Gas,Maharashtra,2022-03,2022-03,2031-09,2031-09,,865.0,865.0,73.18,3.0,Ongoing,2025-11
PM-709772,709772,,"City Gas Distribution Project at East Mednipore, West Mednipore & Jhargram Districts",MinistryofPetroleumNaturalGas,Ministry of Petroleum & Natural Gas,Oil & Gas,West Bengal,2022-03,2022-03,2031-06,2031-06,,609.0,609.0,58.09,2.0,Ongoing,2025-11
PM-709773,709773,,"City Gas Distribution Project at Jammu, Udhampur, Reasi, Samba and Kathua Districts",MinistryofPetroleumNaturalGas,Ministry of Petroleum & Natural Gas,Oil & Gas,Jammu and Kashmir,2022-03,2022-03,2032-03,2032-03,,538.0,538.0,4.11,0.0,Ongoing,2025-11
PM-709774,709774,,Revamping/ Augmentation of facilities at existing port terminal at Mangalore,Ministry of Petroleum & Natural Gas,Ministry of Petroleum & Natural Gas,Oil & Gas,Karnataka,2022-01,2022-01,2025-12,2027-06,,463.0,500.62,290.86,75.0,Ongoing,2025-11
PM-709776,709776,,Augmentation/Revamping of Facilities at existing Guwahati Terminal at Betkuchi,MinistryofPetroleumNaturalGas,Ministry of Petroleum & Natural Gas,Oil & Gas,Assam,2022-04,2022-04,2026-09,2026-09,,277.0,323.09,190.21,70.0,Ongoing,2025-11
PM-709777,709777,,Installation of Bitumen Manufacturing Unit along with allied facilities at Barauni Refinery,MinistryofPetroleumNaturalGas,Ministry of Petroleum & Natural Gas,Oil & Gas,Bihar,2022-01,2022-01,2025-04,2026-10,,389.35,340.0,77.72,50.0,Ongoing,2025-11
PM-709778,709778,,Installation of new Biturox Unit along with allied facilities at Gujarat Refinery,MinistryofPetroleumNaturalGas,Ministry of Petroleum & Natural Gas,Oil & Gas,Gujarat,2022-01,2022-01,2025-08,2026-09,,328.29,287.0,172.32,67.0,Ongoing,2025-11
PM-709779,709779,,Capacity Expansion of Digboi Refinery from 0.65 to 1.0 MMTPA,MinistryofPetroleumNaturalGas,Ministry of Petroleum & Natural Gas,Oil & Gas,Assam,2022-06,2022-06,2026-03,2027-07,,768.0,740.0,125.07,46.0,Ongoing,2025-11
PM-709780,709780,,Construction of Additional Tankages and Allied Facilities at JNPT Terminal,MinistryofPetroleumNaturalGas,Ministry of Petroleum & Natural Gas,Oil & Gas,Maharashtra,2022-04,2022-04,2026-08,2026-08,,341.43,436.14,289.92,55.0,Ongoing,2025-11
PM-709781,709781,,Revamping / Augmentation of Facilities at Mathura Bitumen Plant,MinistryofPetroleumNaturalGas,Ministry of Petroleum & Natural Gas,Oil & Gas,Uttar Pradesh,2022-04,2022-04,2027-06,2026-12,,260.12,260.12,10.38,33.0,Ongoing,2025-11
PM-709782,709782,,ATF Pipeline from Jawaharlal Nehru Port Trust to Navi Mumbai International Airport,Indian Oil Corporation Limited [IOCL],Ministry of Petroleum & Natural Gas,Oil & Gas,Maharashtra,2022-08,2022-08,2025-08,2026-03,,165.0,165.0,94.28,79.0,Ongoing,2025-11
PM-709783,709783,,"Installation of Multiple Effect Evaporator [MEE] for ETP-1, 2 & 4 of Panipat Refinery and Petrochemical Complex.",MinistryofPetroleumNaturalGas,Ministry of Petroleum & Natural Gas,Oil & Gas,Haryana,2020-12,2020-12,2023-06,2026-06,,165.13,247.69,143.78,77.0,Ongoing,2025-11
PM-709785,709785,,Laying of Natural Gas Pipeline from Hazaribagh to Ranchi [HRPL],MinistryofPetroleumNaturalGas,Ministry of Petroleum & Natural Gas,Oil & Gas,Jharkhand,2023-02,2023-02,2026-02,2026-02,,202.07,202.07,61.67,50.0,Ongoing,2025-11
PM-709786,709786,,"Augmentation/ Revamping of Dimapur Depot, Dimapur",MinistryofPetroleumNaturalGas,Ministry of Petroleum & Natural Gas,Oil & Gas,Nagaland,2023-08,2023-08,2027-11,2027-11,,227.62,227.62,11.41,26.0,Ongoing,2025-11
PM-709789,709789,,Installation of Independent De- Aromatized Solvents [DAS] production facilities at MR,Bharat Petroleum Corporation Limited [BPCL],Ministry of Petroleum & Natural Gas,Oil & Gas,Maharashtra,2023-03,2023-03,2025-07,2026-02,,405.0,343.0,227.3,95.0,Ongoing,2025-11
PM-709790,709790,,Replacement and Extension of Jetty Pipelines [REJP] at KR,Bharat Petroleum Corporation Limited [BPCL],Ministry of Petroleum & Natural Gas,Oil & Gas,Kerala,2023-03,2023-03,2026-03,2026-03,,621.87,621.87,211.67,91.0,Ongoing,2025-11
PM-709791,709791,,City Gas Distribution Projects at Alipurduar and Cooch Behar,Bharat Petroleum Corporation Limited [BPCL],Ministry of Petroleum & Natural Gas,Oil & Gas,West Bengal,2022-12,2022-12,2030-03,2030-03,,1017.0,1017.0,199.62,40.0,Ongoing,2025-11
PM-709792,709792,,"City Gas Distribution Projects at Darbhanga, Madhubani, Supaul, Sitamarhi and Sheohar districts",Bharat Petroleum Corporation Limited [BPCL],Ministry of Petroleum & Natural Gas,Oil & Gas,Bihar,2022-12,2022-12,2030-03,2030-03,,3638.0,3638.0,428.18,29.0,Ongoing,2025-11
PM-709793,709793,,"City Gas Distribution Projects at Gopalganj, Siwan, West Champaran, East Champaran and Deoria districts",Bharat Petroleum Corporation Limited [BPCL],Ministry of Petroleum & Natural Gas,Oil & Gas,Bihar,2022-12,2022-12,2030-06,2030-06,,3919.0,3919.0,431.68,21.0,Ongoing,2025-11
PM-709794,709794,,"City Gas Distribution Projects at Fazilka [except area already authorized], Ganganagar and Hanumangarh districts",Bharat Petroleum Corporation Limited [BPCL],Ministry of Petroleum & Natural Gas,Oil & Gas,"Multi-States (Punjab, Rajasthan)",2022-12,2022-12,2030-06,2030-06,,3207.0,3207.0,366.34,26.0,Ongoing,2025-11
PM-709795,709795,,"City Gas Distribution Projects at Lakhimpur Kheri , Sitapur, Bahraich, Shravasti,Balrampur, Siddharth Nagar & Maharajganj districts",Bharat Petroleum Corporation Limited [BPCL],Ministry of Petroleum & Natural Gas,Oil & Gas,Uttar Pradesh,2022-12,2022-12,2030-06,2030-06,,16654.0,16654.0,630.34,12.0,Ongoing,2025-11
PM-709796,709796,,City Gas Distribution Projects at the Nilgiris and Erode districts,Bharat Petroleum Corporation Limited [BPCL],Ministry of Petroleum & Natural Gas,Oil & Gas,Tamil Nadu,2022-12,2022-12,2030-03,2030-03,,3685.0,3685.0,250.98,21.0,Ongoing,2025-11
PM-709797,709797,,POL & LOBS Installations with Receipt Pipelines at Rasayani,Bharat Petroleum Corporation Limited [BPCL],Ministry of Petroleum & Natural Gas,Oil & Gas,Maharashtra,2023-05,2023-05,2026-05,2026-05,,2585.0,2585.0,788.46,67.0,Ongoing,2025-11
PM-709798,709798,,Ethylene Cracker Project at Bina Refinery including downstream Petrochemical Plants and expansion of Refinery,MinistryofPetroleumNaturalGas,Ministry of Petroleum & Natural Gas,Oil & Gas,Madhya Pradesh,2023-05,2023-05,2028-05,2028-05,,43367.0,43367.0,2033.0,17.0,Ongoing,2025-11
PM-709799,709799,,Setting up Polypropylene Unit at Kochi Refinery,MinistryofPetroleumNaturalGas,Ministry of Petroleum & Natural Gas,Oil & Gas,Kerala,2023-12,2023-12,2027-10,2027-10,,4460.0,4460.0,351.85,18.0,Ongoing,2025-11
PM-709800,709800,,"CUF POL Depot at Sadashibpur [Meramundali], Odisha",MinistryofPetroleumNaturalGas,Ministry of Petroleum & Natural Gas,Oil & Gas,Odisha,2021-04,2021-04,2026-03,2026-03,,393.54,393.54,123.06,52.0,Ongoing,2025-11
PM-709808,709808,,PACHORA-JAMNER WITH EXTENSION UPTO MALKAPUR NG TO BG,CR,Ministry of Railways,Railways,Maharashtra,2022-08,2022-01,2027-08,2028-03,,955.39,2093.82,130.42,11.0,Ongoing,2025-11
PM-709811,709811,,GANDHAMARDAN IRON ORE MINES TO GOALDIH STATION/12.76kms,East Coast Railway [ECoR] - II,Ministry of Railways,Railways,Odisha,2022-09,2025-05,2027-09,2027-09,,190.0,189.93,0.0,0.0,Ongoing,2025-11
PM-709812,709812,,NADIAD-PETLAD [37.26 KM],Railway,Ministry of Railways,Railways,Gujarat,2022-05,2023-10,2030-06,2030-06,,461.91,461.91,93.31,8.0,Ongoing,2025-11
PM-709813,709813,,NEW BG LINE INTERSECTION [5 NOS] BETWEEN GERATPUR-SANAND & BOTAD-AHMEDABAD [16.51 KM],Western Railway (WR) - II,Ministry of Railways,Railways,Gujarat,2022-10,2025-07,2028-06,2027-10,,437.21,437.21,19.37,18.0,Ongoing,2025-11
PM-709815,709815,,4TH LINE - BHATAPARA-HATHBAND [8.8 KM] [PB-72/NR/2022-23],SECR,Ministry of Railways,Railways,Chhattisgarh,2022-09,2024-05,2027-01,2027-12,,177.03,177.03,0.0,3.0,Ongoing,2025-11
PM-709816,709816,,4TH LINE - BHILAI-BHILAI NAGAR [8.8 KM] [PB-72/NR/2022-23],SECR,Ministry of Railways,Railways,Chhattisgarh,2022-09,2024-05,2027-02,2027-02,,177.34,177.34,1.64,6.0,Ongoing,2025-11
PM-709817,709817,,4TH LINE - DADHAPARA-BELHA [9.2 KM] [PB-72/NR/2022-23],SECR,Ministry of Railways,Railways,Chhattisgarh,2022-09,2024-05,2026-11,2026-11,,169.06,169.06,18.37,60.0,Ongoing,2025-11
PM-709818,709818,,4TH LINE RAJNANDGAON-DONGARHGARH [31.2 KM] [PB-72/NR/2022-23],SECR,Ministry of Railways,Railways,Chhattisgarh,2022-09,2024-05,2027-01,2027-01,,328.34,328.34,57.3,27.0,Ongoing,2025-11
PM-709819,709819,,3RD AND 4TH LINE - SARAGBUNDIA AND MADWARANI,SECR,Ministry of Railways,Railways,Chhattisgarh,2022-09,2025-05,2026-12,2026-12,,167.64,167.64,0.11,4.0,Ongoing,2025-11
PM-709826,709826,,SCREENING PLANT-III AT KIRANDUL,National Mineral Development Corporation Limited [NMDC],Ministry of Steel,Steel,Chhattisgarh,,2021-10,2026-01,2026-01,,2718.84,2718.84,1396.9,78.0,Ongoing,2025-11
PM-709827,709827,,CONSTRUCTION OF RESIDENTIAL TOWERS AT BIOM KIRANDUL COMPLEX,National Mineral Development Corporation Limited [NMDC],Ministry of Steel,Steel,Chhattisgarh,,2022-10,2025-12,2025-12,,349.75,349.75,299.39,94.0,Ongoing,2025-11
PM-709830,709830,,CONVERSION OF FLAT BOTTOM SETTLERS AND WASHERS WITH A SINGLE TRAIN OF HRDS AND DCWS IN STREAMS 1 AND,Ministry of Mines,Ministry of Mines,Metals & Mining,Odisha,,2017-04,2026-11,2026-11,,355.0,581.0,163.55,12.0,Ongoing,2025-11
PM-709831,709831,,SOURCING OF BAUXITE ARRANGEMENT FOR 5TH STREAM ALUMINA REFINERY FROM SOUTH BLOCK MINING LEASE OF PANCHPATMAILI MINES,National Aluminium Company Limited [NALCO],Ministry of Mines,Metals & Mining,Odisha,2017-11,2019-11,2025-05,2026-06,,483.0,483.0,414.75,91.0,Ongoing,2025-11
PM-709832,709832,,25.5 MW WIND POWER PROJECT AT KAYATHAR IN TAMILNADU,National Aluminium Company Limited [NALCO],Ministry of Mines,Metals & Mining,Tamil Nadu,2017-09,2017-12,2025-03,2026-03,,166.0,166.0,135.0,65.0,Ongoing,2025-11
PM-709837,709837,,"Creation of Gas Dehydration Facilities, Tripura Asset",Oil and Natural Gas Corporation Limited [ONGC],Ministry of Petroleum & Natural Gas,Oil & Gas,Tripura,2022-03,2022-03,2024-05,2026-05,,209.33,131.51,70.94,66.0,Ongoing,2025-11
PM-709838,709838,,Commercial Polymer Flooding Project in Bechraji field,Oil and Natural Gas Corporation Limited [ONGC],Ministry of Petroleum & Natural Gas,Oil & Gas,Gujarat,2022-01,2022-01,2024-11,2027-05,,621.4,739.02,137.74,24.0,Ongoing,2025-11
PM-709839,709839,,Daman Upside Development Project,Oil and Natural Gas Corporation Limited [ONGC],Ministry of Petroleum & Natural Gas,Oil & Gas,Offshore,2022-06,2022-06,2025-10,2026-02,,4144.41,6406.9,4694.85,90.0,Ongoing,2025-11
PM-709840,709840,,"Restoration of Gas Terminal, Phase-I [Part-A], Hazira",Oil and Natural Gas Corporation Limited [ONGC],Ministry of Petroleum & Natural Gas,Oil & Gas,Gujarat,2022-05,2022-05,2025-02,2025-12,,249.43,249.43,210.42,95.0,Ongoing,2025-11
PM-709841,709841,,Old Pipe Line Replacement [OPRP] Group-A,Oil and Natural Gas Corporation Limited [ONGC],Ministry of Petroleum & Natural Gas,Oil & Gas,Gujarat,2021-07,2021-07,2025-07,2026-03,,173.03,169.84,154.84,89.0,Ongoing,2025-11
PM-709842,709842,,"Kalol Redevelopment Project, Ahmedabad Asset",Oil and Natural Gas Corporation Limited [ONGC],Ministry of Petroleum & Natural Gas,Oil & Gas,Gujarat,2022-08,2022-08,2027-03,2027-03,,1487.41,1487.41,937.75,62.0,Ongoing,2025-11
PM-709845,709845,,"Revamping of SV Stations, Gas Terminal & Kribhco Terminal",Oil and Natural Gas Corporation Limited [ONGC],Ministry of Petroleum & Natural Gas,Oil & Gas,Gujarat,2022-11,2022-11,2026-08,2026-08,,837.34,837.34,301.21,57.0,Ongoing,2025-11
PM-709846,709846,,Part Replacement Pipeline Project [PRPP],Oil and Natural Gas Corporation Limited [ONGC],Ministry of Petroleum & Natural Gas,Oil & Gas,Maharashtra,2022-11,2022-11,2024-05,2026-01,,1219.48,1145.1,745.0,90.0,Ongoing,2025-11
PM-709847,709847,,Pipeline Network Project Rudrasagar,Ministry of Petroleum & Natural Gas,Ministry of Petroleum & Natural Gas,Oil & Gas,Assam,2023-01,2023-01,2026-04,2026-04,,344.99,344.99,220.37,48.0,Ongoing,2025-11
PM-709848,709848,,MHN TCPP PGC BGC Project [MTPBP],Ministry of Petroleum & Natural Gas,Ministry of Petroleum & Natural Gas,Oil & Gas,Offshore,2022-06,2022-06,2026-05,2026-05,,2329.45,2354.23,1148.9,61.0,Ongoing,2025-11
PM-709849,709849,,PRP-VIII Group B [NH & BS Asset],Ministry of Petroleum & Natural Gas,Ministry of Petroleum & Natural Gas,Oil & Gas,Offshore,2024-06,2024-06,2026-02,2026-05,,2379.84,3165.53,1806.9,70.0,Ongoing,2025-11
PM-709850,709850,,Borholla GGS Life Extension Project [BLEP],Ministry of Petroleum & Natural Gas,Ministry of Petroleum & Natural Gas,Oil & Gas,Assam,2023-09,2023-09,2026-05,2026-05,,198.7,198.7,58.92,40.0,Ongoing,2025-11
PM-709851,709851,,Integrated Development of 4 Contract Areas under DSF-II,Ministry of Petroleum & Natural Gas,Ministry of Petroleum & Natural Gas,Oil & Gas,Offshore,2023-05,2023-05,2027-04,2027-04,,6183.79,6183.79,697.67,24.0,Ongoing,2025-11
PM-709856,709856,,MPLS-IP BASED ACCESS AND AGGREGATION NETWORK [MAAN] IN BSNL ALONG WITH TEST AND MEASURING EQUIPMENT,BSNL,Department of Telecommunications,Telecommunication,PAN India,2023-05,2023-05,2024-08,2025-11,,645.13,645.13,377.59,92.0,Ongoing,2025-11
PM-709857,709857,,"Planning, Engineering, Supply, Installation, Testing, Commissioning, Integration & Annual Maintenance of 4G mobile network at 1 Lakh sites on PAN India basis including Mumbai & Delhi LSA on turnkey basis under Phase IX.2 Project.",BSNL,Department of Telecommunications,Telecommunication,PAN India,2023-05,2023-06,2025-06,2026-03,,24544.55,24544.5,8472.04,97.0,Ongoing,2025-11
PM-709858,709858,,OPTICAL TRANSPORT NETWORK [OTN] PH-4 IN BSNL,BSNL,Department of Telecommunications,Telecommunication,PAN India,2024-02,2024-02,2025-08,2025-11,,810.99,810.99,786.86,100.0,Ongoing,2025-11
PM-709859,709859,,SETTING UP OF PHYSICAL INFRASTRUCTURE FOR THE NATIONAL INSTITUTE OF COMMUNICATION FINANCE [NICF] AT GHITORNI,National Communication Academy - Finance (Erstwhile NICF,Department of Telecommunications,Telecommunication,Delhi,2014-10,2018-04,2020-02,2025-10,,248.2,248.2,236.91,98.0,Ongoing,2025-11
PM-709864,709864,,DCU Revamp Project,NRL,Ministry of Petroleum & Natural Gas,Oil & Gas,Assam,2021-08,2021-08,2024-07,2026-06,,370.0,370.0,271.34,66.0,Ongoing,2025-11
PM-709865,709865,,Power Recovery Turbine [PRT] in PFCCU unit as an Energy Conservation Scheme,NRL,Ministry of Petroleum & Natural Gas,Oil & Gas,Assam,2023-04,2023-04,2024-12,2025-12,,293.5,293.5,97.22,97.0,Ongoing,2025-11
PM-900808,900808,,Transmission System for Kurnool Wind Energy Zone/ Solar Energy Zone Part-A and Part-B,Power Grid Corporation of India Limited [POWERGRID],Ministry of Power,Transmission & Distribution,"Multi-States (Andhra Pradesh, Telangana)",2022-11,2023-03,2024-11,2026-01,,3546.94,3546.94,3404.59,98.0,Ongoing,2025-11
PM-900874,900874,,JHAJHA - BATIA,East Central Railway [ECR] - I,Ministry of Railways,Railways,Bihar,2023-03,2023-03,2028-03,2030-01,,588.18,588.18,0.82,0.0,Ongoing,2025-11
