project_id,paimana_code,ocms_code,project_name,implementing_agency,ministry,sector,state,approval_date,start_date,original_completion,revised_completion,actual_completion,original_cost_cr,revised_cost_cr,cumulative_expenditure_cr,physical_progress_pct,status,report_month
OCMS-N04000073,,N04000073,"CONSTRUCTION OF NEW INTEGRATED TERMINAL BUILDING AT VSI AIRPORT, PORTBLAIR",AAI,,CIVIL AVIATION,,2013-10,2013-10,2018-09,2023-06,,417.23,707.73,698.8,100.0,Ongoing,2024-10
OCMS-N04000074,,N04000074,"MODERNIZATION OF CHENNAI AIRPORT PHASE II, CHENNAI",AAI,,RAILWAYS,,2018-06,2018-06,2022-02,2025-12,,2467.0,2467.0,1506.37,60.0,Ongoing,2024-10
OCMS-N04000075,,N04000075,UPGRADATION OF PASSENGER TERMINAL BUILDING AND AIRSIDE FACILITIES AT TIRUCHIRAPALLI INTERNATIONAL AI,AAI,,RAILWAYS,,2018-08,2018-08,2021-10,2023-12,,951.28,1112.49,1112.49,100.0,Ongoing,2024-10
OCMS-N04000076,,N04000076,"CONSTRUCTION OF COMBINED OPERATIONAL OFFICES FOR DGCA, BCAS, AAIB, AERA AND AAI AT SAFDARJUNG AIRPOR",AAI,,CIVIL AVIATION,,2016-11,2016-11,2020-04,2024-04,,303.8,351.21,328.13,100.0,Ongoing,2024-10
OCMS-N04000077,,N04000077,"CCS INTERNATIONAL AIRPORT , LUCKNOW",AAI,,CIVIL AVIATION,,2018-06,2018-06,2021-09,2026-10,,1383.0,3291.81,2125.02,76.29,Ongoing,2024-10
OCMS-N04000078,,N04000078,CONSTRUCTION OF TERMINAL BUILDING AND ASSOCIATED WORKS AT LEH AIRPORT,AAI,,CIVIL AVIATION,,2018-07,2018-07,2021-09,2025-10,,480.33,640.0,377.61,61.31,Ongoing,2024-10
OCMS-N04000079,,N04000079,"CONSTRUCTION OF NEW INTEGRATED TERMINAL BUILDING, RECONSTRUCTION OF OLD TERMINAL BUILDING, MODIFICAT",AAI,,CIVIL AVIATION,,2017-03,2017-03,2021-04,2023-12,,475.39,520.0,508.41,100.0,Ongoing,2024-10
OCMS-N04000080,,N04000080,CONSTRUCTION OF ATC TOWER AND TECHNICAL BLOCK AT NSCBI AIRPORT KOLKATA,AAI,,WATER RESOURCES,,2016-01,2016-01,2020-03,2023-12,,458.0,458.0,246.68,100.0,Ongoing,2024-10
OCMS-N04000081,,N04000081,"AIRSIDE CAPACITY ENHANCEMENT OF NSBI AIRPORT, KOLKATA",AAI,,WATER RESOURCES,,2019-01,2019-01,2021-11,2023-05,,389.71,397.0,396.49,100.0,Ongoing,2024-10
OCMS-N04000082,,N04000082,"CONSTRUCTION OF NEW DORNESTIC TERMINAL BUILDING AND OTHER STRUCTURES, PHASE I AND II",AAI,,RAILWAYS,,2018-05,2018-05,2022-10,2024-12,,1216.9,1216.9,823.96,74.2,Ongoing,2024-10
OCMS-N04000083,,N04000083,CONSTRUCTION OF NEW INTEGRATED TERMINAL BUILDING AT LGBI AIRPORT GUWAHATI,AAI,,CIVIL AVIATION,,2016-12,2016-12,2021-03,2025-05,,1142.0,2333.0,1414.84,68.99,Ongoing,2024-10
OCMS-N04000085,,N04000085,"CONSTRUCTION OF DOMESTIC PASSENGER TERMINAL BUILDING AT DEHRADUN AIRPORT, DEHRADUN",AAI,,CIVIL AVIATION,,2018-07,2018-07,2020-09,2024-09,,456.86,500.0,483.59,100.0,Ongoing,2024-10
OCMS-N04000086,,N04000086,"CO CIVIL AVIATION REASEARCH ORG. (PH-II) AT BEGUMPET AIRPORT, HYDRABAD",AAI,,CIVIL AVIATION,,2020-05,2020-05,2022-05,2023-06,,353.61,353.61,303.22,100.0,Ongoing,2024-10
OCMS-N04000087,,N04000087,UPGRADATION OF JABALPUR AIRPORT,AAI,,CIVIL AVIATION,,2016-06,2016-06,2021-06,2024-07,,412.24,412.24,401.34,100.0,Ongoing,2024-10
OCMS-N04000088,,N04000088,"C/O NEW GREENFIELD AIRPORT AT HISSAR, RAJKOT, GUJARAT",AAI,,ROAD TRANSPORT AND HIGHWAYS,,2018-01,2018-01,2022-08,2024-10,,1405.0,1405.0,1292.6,100.0,Ongoing,2024-10
OCMS-N04000089,,N04000089,EXT AND STR. OF EXISTING RUNWAY 08/26 AT TIRUPATI AIRPORT,AAI,,CIVIL AVIATION,,2017-08,2017-08,2020-02,2024-01,,177.1,177.1,143.08,100.0,Ongoing,2024-10
OCMS-N04000090,,N04000090,DEVELOPMENT OF TUTICORIN AIRPORT,AAI,,RAILWAYS,,2019-06,2019-06,2022-03,2024-12,,380.87,452.93,323.27,93.0,Ongoing,2024-10
OCMS-N04000091,,N04000091,C/O OF NITB AND ASSOCIATED WORK AT VIJAYAWADA AIRPORT,AAI,,CIVIL AVIATION,,2020-04,2020-04,2023-03,2025-06,,611.8,611.8,351.3,57.0,Ongoing,2024-10
OCMS-N04000092,,N04000092,CONSTRUCTION OF NEW GREEN FIELD AIRPORT AT HOLLONGI ITANAGAR ARUNACHAL PRADESH,AAI,,CIVIL AVIATION,,2019-02,2019-02,2022-08,2024-12,,645.63,712.15,670.15,98.58,Ongoing,2024-10
OCMS-N04000093,,N04000093,"EXTENSION OF TERMINAL BUILDING, PTT, APRON AND CAR PARK AT SURAT AIRPORT.",AAI,,ROAD TRANSPORT AND HIGHWAYS,,2018-08,2018-08,2021-02,2024-12,,353.25,353.25,341.37,98.25,Ongoing,2024-10
OCMS-N04000094,,N04000094,DEVELOPMENT OF AYODHYA AIRPORT PHASE-01,AAI,,CIVIL AVIATION,,2021-03,2021-03,2022-12,2024-11,,242.14,358.0,338.51,99.9,Ongoing,2024-10
OCMS-N04000095,,N04000095,EXTENSION OF EXISTING INTEGRATED TERMINAL BUILDING AND ALLIED WORKS AT GOA AIRPORT.,AAI,,CIVIL AVIATION,,2017-11,2017-11,2021-09,2025-03,,255.69,255.69,78.95,60.0,Ongoing,2024-10
OCMS-N04000096,,N04000096,"EXTENSION OF RUNWAY WITH BLAST PAD, RESA, TAXIWAY, APRON, GSE AREA, ISOLATION BAY, NEW DOMESTIC TERM",AAI,,CIVIL AVIATION,,2017-06,2017-06,2020-12,2024-04,,255.68,270.0,267.86,100.0,Ongoing,2024-10
OCMS-N04000098,,N04000098,DEVELOPMENT OF GWALIOR AIRPORT PHASE 01,AAI,,CIVIL AVIATION,,2021-10,2021-10,2023-08,2024-08,,446.12,446.12,431.65,100.0,Ongoing,2024-10
OCMS-N04000099,,N04000099,"DEVELOPMENT OF NEW GREENFIELD AIRPORT AT DHOLERA, AHMEDABAD (GUJARAT). PHASE-1.",AAI,,ROAD TRANSPORT AND HIGHWAYS,,2022-06,2022-06,2025-12,2025-12,,1305.0,1143.95,242.65,33.0,Ongoing,2024-10
OCMS-N04000100,,N04000100,"CONSTRUCTION OF NEW INTEGRATED TERMINAL BUILDING, CONTROL TOWER CUM TECHNICAL BLOCK, APRON, LINK TAX",AAI,,CIVIL AVIATION,,2021-11,2021-11,2024-07,2025-12,,499.0,499.0,115.07,37.88,Ongoing,2024-10
OCMS-N04000101,,N04000101,CONSTRUCTION OF NEW TERMINAL BUILDING AT JODHPUR AIRPORT,AAI,,CIVIL AVIATION,,2022-05,2022-05,2024-11,2025-06,,480.0,480.0,133.61,55.0,Ongoing,2024-10
OCMS-N04000102,,N04000102,"PRAYAGRAJ AIRPORT - CONSTRUCTION OF NEW TERMINAL BUILDING, SECOND LINK TAXI TRACK, APRON EXPANSION,",AAI,,CIVIL AVIATION,,2023-05,2023-05,2024-11,2024-12,,185.75,232.52,98.02,51.0,Ongoing,2024-10
OCMS-N04000103,,N04000103,RAJAHMUNDRY AIRPORT: CONSTRUCTION OF NEW DOMESTIC TERMINAL BUILDING AND MISCELLANEOUS WORKS INCLUD,AAI,,CIVIL AVIATION,,2022-12,2022-12,2025-08,2025-08,,347.15,347.15,45.3,28.0,Ongoing,2024-10
OCMS-N04000104,,N04000104,UDAIPUR AIRPORT- CONSTRUCTION OF NEW INTEGRATED PASSENGER TERMINAL BUILDING,AAI,,CIVIL AVIATION,,2023-06,2023-06,2026-03,2026-09,,887.0,887.0,165.35,31.78,Ongoing,2024-10
OCMS-N04000105,,N04000105,BELAGAVI AIRPORT- EXPANSION OF TERMINAL BUILDING AND ASSOCIATED WORKS,AAI,,CIVIL AVIATION,,2023-06,2023-06,2026-02,2026-02,,322.45,322.45,42.91,20.0,Ongoing,2024-10
OCMS-N04000106,,N04000106,KADAPPA AIRPORT- CONSTRUCTION OF NEW DOMESTIC TERMINAL BUILDING AND MISCELLANEOUS WORKS INCLUDING MA,AAI,,CIVIL AVIATION,,2023-03,2023-03,2026-01,2026-01,,265.91,265.91,23.97,16.0,Ongoing,2024-10
OCMS-N04000107,,N04000107,JAMMU - CONSTRUCTION OF NEW CIVIL ENCLAVE,AAI,,CIVIL AVIATION,,2022-07,2022-07,2026-06,2026-06,,861.37,861.37,67.0,14.0,Ongoing,2024-10
OCMS-N04000108,,N04000108,HUBBALI AIRPORT - CONSTRUCTION OF NEW DOMESTIC TERMINAL BUILDING AND MISCELLANEOUS WORKS,AAI,,CIVIL AVIATION,,2023-06,2023-06,2026-02,2026-01,,320.47,320.47,18.21,16.0,Ongoing,2024-10
OCMS-N04000109,,N04000109,"NSCBI AIRPORT KOLKATA: RE- CONSTRUCTION OF RIGID POSITIONS OF SECONDARY RUNWAY, 'K' AND 'A' TAXIWAY",AAI,,WATER RESOURCES,,2023-04,2023-04,2025-10,2025-10,,328.3,328.3,52.94,25.0,Ongoing,2024-10
OCMS-N04000110,,N04000110,PAKYONG AIRPORT- WIDENING OF BASIC STRIP AT WESTERN SIDE OF RUNWAY CHAINAGE 80M TO 920M I/C SLOPE ST,AAI,,CIVIL AVIATION,,2023-11,2023-11,2026-06,2026-06,,323.26,323.26,11.3,4.5,Ongoing,2024-10
OCMS-N04000111,,N04000111,CALICUT AIRPORT - DEVELOPMENT OF ADDITIONAL RESA ON EITHER END ON RUNWAY 10-28 AT CALICUT AIRPORT,AAI,,CIVIL AVIATION,,2023-06,2023-06,2025-09,2025-09,,323.98,323.98,0.0,3.0,Ongoing,2024-10
OCMS-N04000112,,N04000112,"DARBHANGA:DEVELOPMENT OF NEW CIVIL ENCLAVE AT DARBHANGA, BIHAR. SH- CONSTRUCTION OF NEW TERMINAL BUI",AAI,,RAILWAYS,,2024-07,2024-07,2026-07,2026-07,,911.66,911.66,0.0,0.0,Ongoing,2024-10
OCMS-N04000113,,N04000113,AGRA: DEVELOPMENT OF NEW CIVIL ENCLAVE AT AGRA AIRPORT.,AAI,,CIVIL AVIATION,,2024-06,2024-06,2026-07,2026-07,,579.0,579.0,0.0,0.0,Ongoing,2024-10
OCMS-N04000114,,N04000114,"VARANASI: DEVELOPMENT OF LAL BAHADUR SHASTRI INTERNATIONAL AIRPORT, VARANASI.",AAI,,CIVIL AVIATION,,2024-07,2024-07,2027-07,2027-07,,2869.65,2869.65,0.0,0.0,Ongoing,2024-10
OCMS-N04000115,,N04000115,BAGDOGRA AIRPORT: DEVELOPMENT OF NEW CIVIL ENCLAVE AT BAGDOGRA AIRPORT. SUB-HEAD : CONSTRUCTION OF N,AAI,,WATER RESOURCES,,2024-08,2024-08,2027-03,2027-03,,1549.0,1549.0,29.46,0.3,Ongoing,2024-10
OCMS-N06000008,,N06000008,KUSMUNDA EXPN.OCP(SECL)(15- 50)MTY,SECL,,URBAN DEVELOPMENT,,2013-08,2013-08,2023-03,2025-03,,7612.33,7612.33,4610.3,81.0,Ongoing,2024-10
OCMS-N06000045,,N06000045,PELMA OCP(15.00MTY),SECL,,URBAN DEVELOPMENT,,2014-11,2014-11,2023-03,2030-03,,1624.59,1624.59,13.65,17.0,Ongoing,2024-10
OCMS-N06000083,,N06000083,CHURI BENTI UG (0.81 MTY),CCL,,COAL,,,,2011-03,2011-03,,163.51,163.51,133.35,100.0,Completed,2024-10
OCMS-N06000087,,N06000087,RAJRAPPA RCE OCP ( 3.0 MTY),CCL,,RAILWAYS,,2009-12,2009-12,2016-03,2025-03,,510.85,510.85,488.31,74.5,Ongoing,2024-10
OCMS-N06000096,,N06000096,MURAIDIH UG TURN-KEY PROJECT,BCCL,,RAILWAYS,,2011-02,2011-02,2014-04,2026-01,,339.88,339.88,151.61,70.0,Ongoing,2024-10
OCMS-N06000098,,N06000098,MOONIDIH XV SEAM UG,BCCL,,RAILWAYS,,2011-08,2011-08,2019-03,2026-02,,1230.27,1230.27,593.92,80.0,Ongoing,2024-10
OCMS-N06000104,,N06000104,CHHAL OC SEAM -III (6.00 MTY),SECL,,URBAN DEVELOPMENT,,2013-12,2013-12,2022-03,2025-03,,610.63,610.63,568.37,85.0,Ongoing,2024-10
OCMS-N06000112,,N06000112,BASUNDHARA (WEST) OC EXTN(7.00 MTY),MCL,,RAILWAYS,,2014-05,2014-05,2019-03,2027-03,,479.15,479.15,266.76,62.0,Ongoing,2024-10
OCMS-N06000113,,N06000113,SIARMAL OCP (40.00MTY),MCL,,RAILWAYS,,2021-02,2021-02,2029-03,2029-03,,5194.96,5194.96,3405.83,42.5,Ongoing,2024-10
OCMS-N06000117,,N06000117,GARJANBAHAL OCP,MCL,,RAILWAYS,,2014-11,2014-11,2021-03,2026-03,,1375.38,1375.38,836.84,58.0,Ongoing,2024-10
OCMS-N06000123,,N06000123,AMERA OC RCE,SECL,,URBAN DEVELOPMENT,,2015-02,2015-02,2018-03,2026-03,,335.97,335.97,173.32,42.0,Ongoing,2024-10
OCMS-N06000125,,N06000125,KANCHAN OC EXPANSION,SECL,,CIVIL AVIATION,,2014-12,2014-12,2021-03,2026-03,,371.04,371.04,134.03,47.0,Ongoing,2024-10
OCMS-N06000126,,N06000126,MADHUBAND NLW WASHERY,BCCL,,RAILWAYS,,2010-08,2010-08,2014-05,2023-11,,289.45,302.0,299.98,100.0,Ongoing,2024-10
OCMS-N06000132,,N06000132,AMALGAMATED YEKONA-I YEKONA- II,WCL,,CIVIL AVIATION,,2015-08,2015-08,2025-03,2025-03,,727.28,727.28,534.87,86.0,Ongoing,2024-10
OCMS-N06000135,,N06000135,AMGAON OPENCAST PROJECT RCE,SECL,,URBAN DEVELOPMENT,,2015-07,2015-07,2020-03,2026-03,,316.1,316.1,187.5,65.0,Ongoing,2024-10
OCMS-N06000148,,N06000148,AMADAND OPENCAST EXPANSION PROJECT,SECL,,CIVIL AVIATION,,2016-03,2016-03,2021-03,2027-03,,869.44,869.44,250.82,64.0,Ongoing,2024-10
OCMS-N06000152,,N06000152,NEYVELI UTTAR PRADESH POWER PROJECT LIMITED 1980 MW,NLC,,COAL,,2016-07,2016-07,2021-11,2025-06,,17237.0,19406.12,18538.02,86.72,Ongoing,2024-10
OCMS-N06000154,,N06000154,NILJAI EXPANSION (DEEP) OC (3.5 MTY),WCL,,RAILWAYS,,2016-08,2016-08,2022-03,2025-03,,319.76,319.76,281.4,98.0,Ongoing,2024-10
OCMS-N06000157,,N06000157,DURGAPUR EXTENSION (DEEP) OC (3.0 MTY),WCL,,RAILWAYS,,2017-02,2017-02,2021-03,2025-03,,328.0,328.0,321.43,96.0,Ongoing,2024-10
OCMS-N06000161,,N06000161,KAKATIYAKHANI OPENCAST III PROJECT PHASE-1,SCCL,,CIVIL AVIATION,,2017-03,2017-03,2022-03,2025-03,,413.84,413.84,379.13,60.0,Ongoing,2024-10
OCMS-N06000162,,N06000162,DUDHICHUA EXPANSION OCP (10 TO 20 MTPA),NCL,,CIVIL AVIATION,,2017-11,2017-11,2022-03,2025-03,,1255.17,1255.17,1236.92,97.14,Ongoing,2024-10
OCMS-N06000163,,N06000163,RANIGANJ MASTER PLAN,ECL,,WATER RESOURCES,,2009-08,2009-08,2019-08,2024-08,,2661.73,5146.48,765.22,40.5,Ongoing,2024-10
OCMS-N06000164,,N06000164,MAHAMAYA OPENCAST PROJECT,SECL,,URBAN DEVELOPMENT,,2018-05,2018-05,2026-03,2026-03,,410.26,410.26,178.92,38.0,Ongoing,2024-10
OCMS-N06000165,,N06000165,SIDULI MINE (OC AND UG),ECL,,WATER RESOURCES,,2018-05,2018-05,2026-03,2026-03,,535.18,535.17,4.22,13.2,Ongoing,2024-10
OCMS-N06000166,,N06000166,JHIRIA WEST OPENCAST PROJECT,SECL,,URBAN DEVELOPMENT,,2018-11,2018-11,2026-03,2026-03,,366.94,366.94,32.49,36.0,Ongoing,2024-10
OCMS-N06000167,,N06000167,INTEGRATED LAKHANPUR- BELPAHAR-LILARI OCP,MCL,,RAILWAYS,,2018-05,2018-05,2027-03,2027-03,,2434.75,2434.75,1833.5,51.0,Ongoing,2024-10
OCMS-N06000169,,N06000169,CHITRA EAST (RCE) OCP,ECL,,RAILWAYS,,2018-08,2018-08,2024-03,2026-03,,513.98,513.98,184.31,51.0,Ongoing,2024-10
OCMS-N06000170,,N06000170,NAKRAKONDA KUMARDIH B OCP,ECL,,WATER RESOURCES,,2018-08,2018-08,2029-03,2029-03,,502.68,502.67,58.93,25.3,Ongoing,2024-10
OCMS-N06000171,,N06000171,REORGANISATION OF BHARATPUR OCP EXPANSION,MCL,,RAILWAYS,,2018-11,2018-11,2029-03,2029-03,,2838.87,2838.87,1672.72,44.0,Ongoing,2024-10
OCMS-N06000179,,N06000179,UKNI DEEP OC,WCL,,CIVIL AVIATION,,2018-11,2018-11,2021-03,2025-03,,318.14,318.14,253.27,91.0,Ongoing,2024-10
OCMS-N06000180,,N06000180,BELLORA-NAIGAON DEEP OC,WCL,,CIVIL AVIATION,,2018-11,2018-11,2021-03,2025-03,,252.71,252.71,122.94,56.0,Ongoing,2024-10
OCMS-N06000183,,N06000183,GANDHIGRAM UG MINE,WCL,,CIVIL AVIATION,,2019-08,2019-08,2026-03,2026-03,,414.16,414.16,24.98,28.0,Ongoing,2024-10
OCMS-N06000184,,N06000184,BLOCK-B EXPANSION OPENCAST PROJECT,NCL,,CIVIL AVIATION,,2019-07,2019-07,2023-03,2025-03,,998.71,998.71,375.01,26.84,Ongoing,2024-10
OCMS-N06000186,,N06000186,TETARIAKHAR EXPANSION OCP,CCL,,RAILWAYS,,2019-11,2019-11,2023-03,2025-03,,243.52,243.52,44.35,46.6,Ongoing,2024-10
OCMS-N06000189,,N06000189,TALABIRA II AND III OCP,NLC,,RAILWAYS,,2017-07,2017-07,2027-01,2027-01,,2401.07,2401.07,1384.47,53.6,Ongoing,2024-10
OCMS-N06000191,,N06000191,SHYAMSUNDARPUR UG INCLUDING SAPI UNIT,ECL,,WATER RESOURCES,,2020-04,2020-04,2025-03,2026-03,,483.65,483.65,32.96,12.0,Ongoing,2024-10
OCMS-N06000192,,N06000192,BINA KAKRI AMALGAMATION OCP 14 MTPA,NCL,,RAILWAYS,,2020-08,2020-08,2024-03,2025-03,,836.42,836.42,701.49,55.73,Ongoing,2024-10
OCMS-N06000193,,N06000193,PACHWARA SOUTH COAL BLOCK,NLC,,RAILWAYS,,2013-07,2013-07,2028-09,2028-09,,2242.92,2242.9,226.14,43.0,Ongoing,2024-10
OCMS-N06000194,,N06000194,PATHERDIH 2.5 NLW COAL WASHERY,BCCL,,RAILWAYS,,2015-10,2015-10,2018-04,2025-06,,334.27,334.27,122.47,40.0,Ongoing,2024-10
OCMS-N06000195,,N06000195,2.0 MTPA BHOJUDIH NLW WASHERY,BCCL,,WATER RESOURCES,,2015-12,2015-12,2017-03,2024-11,,341.22,341.22,322.21,94.0,Ongoing,2024-10
OCMS-N06000196,,N06000196,NIGAHI EXPANSION OCP (15 TO 25 MTPA),NCL,,CIVIL AVIATION,,2020-11,2020-11,2025-03,2025-03,,1729.68,1729.68,659.12,41.1,Ongoing,2024-10
OCMS-N06000197,,N06000197,BAROUD OC EXPANSION (3-10 MTY),SECL,,URBAN DEVELOPMENT,,2020-08,2020-08,2029-03,2029-03,,2309.8,2309.8,852.12,39.0,Ongoing,2024-10
OCMS-N06000198,,N06000198,JAMPALI OCP RCE,SECL,,URBAN DEVELOPMENT,,2020-05,2020-05,2024-03,2025-03,,278.64,278.64,207.81,73.0,Ongoing,2024-10
OCMS-N06000199,,N06000199,PORDA CHIMTAPANI OCP (10 MTY),SECL,,URBAN DEVELOPMENT,,2020-12,2020-12,2029-03,2029-03,,2310.12,2310.12,42.74,10.0,Ongoing,2024-10
OCMS-N06000200,,N06000200,DIPKA OC EXPANSION 40 MTY,SECL,,URBAN DEVELOPMENT,,2020-12,2020-12,2029-03,2029-03,,5241.4,5241.4,2688.71,31.0,Ongoing,2024-10
OCMS-N06000202,,N06000202,GODAVARIKHANI COAL MINE,SCCL,,CIVIL AVIATION,,2019-07,2019-07,2023-03,2025-03,,438.98,438.98,155.37,68.0,Ongoing,2024-10
OCMS-N06000203,,N06000203,NAINI COAL MINE,SCCL,,RAILWAYS,,2020-03,2020-03,2024-03,2026-03,,494.3,494.3,491.33,35.0,Ongoing,2024-10
OCMS-N06000204,,N06000204,VENKATESH KHANI COAL MINE,SCCL,,CIVIL AVIATION,,2020-10,2020-10,2023-03,2026-03,,484.51,484.51,167.03,30.0,Ongoing,2024-10
OCMS-N06000205,,N06000205,GHONSA EXPANSION DEEP OC,WCL,,CIVIL AVIATION,,2021-03,2021-03,2028-03,2028-03,,241.72,241.72,59.3,6.0,Ongoing,2024-10
OCMS-N06000206,,N06000206,SASTI EXPANSION OC,WCL,,CIVIL AVIATION,,2020-08,2020-08,2026-03,2026-03,,371.59,371.59,105.64,24.0,Ongoing,2024-10
OCMS-N06000208,,N06000208,KHADIA EXPANSION OCP,NCL,,COAL,,2021-06,2021-06,2025-03,2026-03,,491.67,491.67,44.54,5.2,Ongoing,2024-10
OCMS-N06000209,,N06000209,DHUPTALA OC(SASTI UG TO OC),WCL,,CIVIL AVIATION,,2019-02,2019-02,2028-03,2028-03,,720.87,720.87,179.54,33.0,Ongoing,2024-10
OCMS-N06000210,,N06000210,RCE OF RAMAGUNDAM OPENCAST II EXTENSION PROJECT,SCCL,,CIVIL AVIATION,,2015-11,2015-11,2023-03,2025-03,,489.62,489.62,405.54,70.0,Ongoing,2024-10
OCMS-N06000211,,N06000211,RCE OF INDARAM OPENCAST PROJECT,SCCL,,CIVIL AVIATION,,2017-08,2017-08,2021-03,2025-03,,349.28,424.81,399.96,80.0,Ongoing,2024-10
OCMS-N06000213,,N06000213,RCE OF KALYANIKHANI OPENCAST PROJECT,SCCL,,CIVIL AVIATION,,2016-03,2016-03,2020-03,2025-03,,384.32,384.32,246.0,75.0,Ongoing,2024-10
OCMS-N06000214,,N06000214,RCE OF KAKATHIYAKHANI OC - 2 PROJECT,SCCL,,CIVIL AVIATION,,2017-08,2017-08,2020-03,2025-03,,442.42,442.42,200.67,63.0,Ongoing,2024-10
OCMS-N06000216,,N06000216,REVISED PROJECT REPORT MAGADH EXPANSION OCP,CCL,,RAILWAYS,,2020-08,2020-08,2028-03,2028-03,,7254.37,7254.37,1267.12,19.0,Ongoing,2024-10
OCMS-N06000217,,N06000217,EXPANSION PROJECT AMRAPALI OCP,CCL,,RAILWAYS,,2020-08,2020-08,2028-03,2028-03,,5136.15,5136.15,765.31,19.0,Ongoing,2024-10
OCMS-N06000218,,N06000218,UCE OF EPR OF NORTH URIMARI OCP,CCL,,RAILWAYS,,2021-07,2021-07,2026-03,2026-03,,778.8,778.8,683.05,75.0,Ongoing,2024-10
OCMS-N06000219,,N06000219,ADASA UG TO OC (1.50 MTY),WCL,,CIVIL AVIATION,,2018-11,2018-11,2024-03,2025-03,,333.43,333.43,223.17,78.0,Ongoing,2024-10
OCMS-N06000220,,N06000220,SONEPUR BAZARI EXPANSION OC,ECL,,WATER RESOURCES,,2021-07,2021-07,2029-03,2029-03,,5365.88,5365.88,516.46,17.0,Ongoing,2024-10
OCMS-N06000222,,N06000222,DINESH (MAKARDHOKDA-III) OC,8.0 MTY,,CIVIL AVIATION,,2020-02,2020-02,2027-03,2027-03,,1184.33,1184.33,849.44,48.0,Ongoing,2024-10
OCMS-N06000223,,N06000223,EXPANSION PR OF JHANJRA UG,5.00 MTY,,WATER RESOURCES,,2020-04,2020-04,2029-03,2029-03,,1210.12,1210.12,404.5,38.0,Ongoing,2024-10
OCMS-N06000226,,N06000226,AMALGAMATED INDER-KAMPTEE DEEP OC (3.20 MTY),WCL,,CIVIL AVIATION,,2018-09,2018-09,2024-03,2025-03,,313.34,313.34,205.45,87.0,Ongoing,2024-10
OCMS-N06000227,,N06000227,BHUBANESWARI EXPANSION OCP,MCL,,RAILWAYS,,2024-03,2024-03,2031-03,2031-03,,6321.73,6321.73,1143.45,18.0,Ongoing,2024-10
OCMS-N06000229,,N06000229,GOPALJI-KANIHA OCP,MCL,,RAILWAYS,,2022-04,2022-04,2028-03,2028-03,,6107.87,6107.87,1624.88,16.5,Ongoing,2024-10
OCMS-N06000230,,N06000230,BALARAM EXPANSION OCP,MCL,,RAILWAYS,,2020-08,2020-08,2029-03,2029-03,,3504.21,3504.21,908.31,49.0,Ongoing,2024-10
OCMS-N06000231,,N06000231,MUNGOLI NIRGUDA EXTENSION (DEEP) OC,WCL,,CIVIL AVIATION,,2020-11,2020-11,2026-03,2026-03,,826.8,826.8,518.85,52.0,Ongoing,2024-10
OCMS-N06000232,,N06000232,JAGANNATHPUR OC RCE (3.0 MTY),SECL,,URBAN DEVELOPMENT,,2016-07,2016-07,2020-03,2025-03,,459.49,459.49,258.51,92.0,Ongoing,2024-10
OCMS-N06000233,,N06000233,RAMPUR BATURA OC (4.0 MTY),SECL,,CIVIL AVIATION,,2019-07,2019-07,2026-03,2026-03,,1248.93,1248.93,472.39,44.0,Ongoing,2024-10
OCMS-N06000236,,N06000236,MOHANPUR EXPANSION OC PHASE II,ECL,,WATER RESOURCES,,2020-11,2020-11,2025-03,2026-03,,888.99,888.99,93.0,30.0,Ongoing,2024-10
OCMS-N06000237,,N06000237,KOTRE BASANTPUR PACHMO OCP,CCL,,RAILWAYS,,2020-08,2020-08,2032-03,2032-03,,625.4,625.4,411.4,38.0,Ongoing,2024-10
OCMS-N06000238,,N06000238,CHANDRAGUPT OCP,CCL,,RAILWAYS,,2020-08,2020-08,2032-03,2032-03,,973.5,973.5,7.95,12.4,Ongoing,2024-10
OCMS-N06000239,,N06000239,SIRKA OCP,CCL,,RAILWAYS,,2020-05,2020-05,2025-03,2025-03,,222.82,222.82,139.31,60.0,Ongoing,2024-10
OCMS-N06000240,,N06000240,JHARKHAND LAIYO OCP,CCL,,RAILWAYS,,2020-08,2020-08,2031-03,2031-03,,764.57,764.57,145.8,20.0,Ongoing,2024-10
OCMS-N06000241,,N06000241,EPR TAPIN SOUTH OCP,CCL,,RAILWAYS,,2020-11,2020-11,2025-03,2025-03,,230.41,230.41,18.14,18.3,Ongoing,2024-10
OCMS-N06000242,,N06000242,EPR PUNDI OCP,CCL,,RAILWAYS,,2020-11,2020-11,2027-03,2027-03,,713.35,713.35,236.57,39.0,Ongoing,2024-10
OCMS-N06000243,,N06000243,EPR ROHINI KARKATA OCP,CCL,,RAILWAYS,,2021-01,2021-01,2028-03,2028-03,,1020.42,1020.42,82.92,11.7,Ongoing,2024-10
OCMS-N06000244,,N06000244,BONJEMEHARI EXPANSION OCP,ECL,,WATER RESOURCES,,2021-08,2021-08,2025-03,2026-03,,570.12,570.11,53.07,16.0,Ongoing,2024-10
OCMS-N06000245,,N06000245,EXPANSION OF KONAR OCP,CCL,,RAILWAYS,,2022-01,2022-01,2032-03,2032-03,,799.34,799.34,389.17,32.0,Ongoing,2024-10
OCMS-N06000246,,N06000246,EXPANSION OF KARO OCP,CCL,,RAILWAYS,,2022-01,2022-01,2026-03,2026-03,,908.47,908.47,145.93,17.2,Ongoing,2024-10
OCMS-N06000247,,N06000247,EXPANSION OF ASHOK OCP,CCL,,RAILWAYS,,2021-05,2021-05,2028-03,2028-03,,2898.28,2898.28,175.01,12.1,Ongoing,2024-10
OCMS-N06000248,,N06000248,KULDA EXPANSION OCP- 15 MTY,MCL,,RAILWAYS,,2014-06,2014-06,2018-03,2026-03,,348.16,348.16,203.65,60.0,Ongoing,2024-10
OCMS-N06000249,,N06000249,SUBHADRA OCP,MCL,,RAILWAYS,,2021-05,2021-05,2029-03,2029-03,,1693.81,1693.81,1167.82,39.0,Ongoing,2024-10
OCMS-N06000250,,N06000250,TAWA III UG MINE,WCL,,CIVIL AVIATION,,2021-12,2021-12,2027-03,2027-03,,324.25,324.25,12.32,9.0,Ongoing,2024-10
OCMS-N06000251,,N06000251,SAONER UG MINE I EXPANSION,WCL,,CIVIL AVIATION,,2022-01,2022-01,2028-03,2028-03,,253.51,253.51,111.68,27.0,Ongoing,2024-10
OCMS-N06000252,,N06000252,SINGHORI DEEP OC,WCL,,CIVIL AVIATION,,2022-05,2022-05,2029-03,2029-03,,421.84,421.84,115.89,16.0,Ongoing,2024-10
OCMS-N06000253,,N06000253,MAKARDHOKDA I EXPANSION OC,WCL,,CIVIL AVIATION,,2022-06,2022-06,2026-03,2026-03,,497.06,497.06,144.88,12.0,Ongoing,2024-10
OCMS-N06000254,,N06000254,BHATADI EXPANSION OC,WCL,,CIVIL AVIATION,,2020-02,2020-02,2028-03,2028-03,,729.86,729.86,159.12,17.0,Ongoing,2024-10
OCMS-N06000255,,N06000255,NEW MAJARI UG TO OC (3.0 MTY),WCL,,CIVIL AVIATION,,2019-05,2019-05,2027-03,2027-03,,496.38,496.38,143.72,27.0,Ongoing,2024-10
OCMS-N06000256,,N06000256,BHANEGAON OC (1.15MTY),WCL,,CIVIL AVIATION,,2022-09,2022-09,2028-03,2028-03,,494.6,494.6,99.87,7.0,Ongoing,2024-10
OCMS-N06000257,,N06000257,AMALGAMATED DHANKASA JAMUNIA UG (1.84 MTY),WCL,,CIVIL AVIATION,,2022-09,2022-09,2027-03,2027-03,,497.01,497.01,160.98,42.0,Ongoing,2024-10
OCMS-N06000258,,N06000258,GOLETI OPENCAST MINE,SCCL,,CIVIL AVIATION,,2021-07,2021-07,2026-03,2026-03,,345.6,345.6,55.12,18.0,Ongoing,2024-10
OCMS-N06000259,,N06000259,JAWAHAR KHANI OPENCAST (JK OC) MINE,SCCL,,COAL,,2021-12,2021-12,2025-03,2025-03,,297.88,297.88,45.15,20.0,Ongoing,2024-10
OCMS-N06000260,,N06000260,VISHNUPURI UG TO OC,WCL,,CIVIL AVIATION,,2022-11,2022-11,2029-03,2029-03,,227.65,227.65,7.02,7.0,Ongoing,2024-10
OCMS-N06000261,,N06000261,RPR OF HINGULA -II EXPANSION PH-III,MCL,,RAILWAYS,,2022-12,2022-12,2029-03,2029-03,,2264.68,2264.68,1004.23,39.0,Ongoing,2024-10
OCMS-N06000264,,N06000264,GOKUL EXPANSION OC,WCL,,CIVIL AVIATION,,2021-04,2021-04,2026-03,2026-03,,456.95,456.95,148.57,7.0,Ongoing,2024-10
OCMS-N06000265,,N06000265,URDHAN OC,WCL,,CIVIL AVIATION,,2022-07,2022-07,2031-03,2031-03,,228.42,228.42,27.67,9.0,Ongoing,2024-10
OCMS-N06000266,,N06000266,SHARDA UG,WCL,,CIVIL AVIATION,,2022-07,2022-07,2028-03,2028-03,,200.16,200.16,34.4,11.0,Ongoing,2024-10
OCMS-N06000267,,N06000267,KOLGAON EXPANSION (DEEP) OC,WCL,,CIVIL AVIATION,,2023-01,2023-01,2027-03,2027-03,,206.19,206.19,7.75,5.0,Ongoing,2024-10
OCMS-N06000269,,N06000269,NLCIL 300 MW SOLAR POWER PROJECT (PART OF 510 MW CPSU SCHEME),NLC,,COAL,,2023-03,2023-03,2024-09,2025-03,,1813.0,1813.0,403.48,54.0,Ongoing,2024-10
OCMS-N06000270,,N06000270,NLC TALABIRA THERMAL POWER PROJECT (PHASE-1: 3 X 800 MW),NLC,,RAILWAYS,,2024-01,2024-01,2029-05,2029-05,,27213.0,27213.0,970.3,1.51,Ongoing,2024-10
OCMS-N06000271,,N06000271,AMALGAMATED GAURI PAUNI EXPANSION OC,WCL,,CIVIL AVIATION,,2024-03,2024-03,2030-03,2030-03,,1428.25,1428.25,203.03,17.0,Ongoing,2024-10
OCMS-N06000272,,N06000272,ITAPARA OC,ECL,,WATER RESOURCES,,2023-12,2023-12,2030-03,2030-03,,929.1,929.1,54.92,7.0,Ongoing,2024-10
OCMS-N06000273,,N06000273,AMALGAMATED NTST KUJAMA OCP 8.5 MTY,BCCL,,RAILWAYS,,2023-01,2023-01,2030-03,2030-03,,4011.85,4011.85,389.65,24.2,Ongoing,2024-10
OCMS-N06000274,,N06000274,KATKONA RO UG PROJECT (1.74 MTY),SECL,,URBAN DEVELOPMENT,,2023-01,2023-01,2029-03,2029-03,,329.22,329.22,0.0,2.0,Ongoing,2024-10
OCMS-N06000275,,N06000275,HURA C OC,ECL,,RAILWAYS,,2022-08,2022-08,2029-03,2029-03,,859.41,859.41,33.33,62.0,Ongoing,2024-10
OCMS-N06000276,,N06000276,UCE OF TILABONI UG,ECL,,WATER RESOURCES,,2023-01,2023-01,2029-03,2029-03,,749.07,749.07,3.15,10.0,Ongoing,2024-10
OCMS-N06000277,,N06000277,UCE OF PARASEA BELBAID REORGANISATION UG,ECL,,WATER RESOURCES,,2023-01,2023-01,2029-03,2029-03,,389.1,389.1,0.0,14.0,Ongoing,2024-10
OCMS-N06000278,,N06000278,GAURI CENTRAL OCM,WCL,,CIVIL AVIATION,,2023-08,2023-08,2030-03,2030-03,,1015.07,1015.07,0.0,0.0,Ongoing,2024-10
OCMS-N07000001,,N07000001,"C/O RESIDENTIAL COMPLEX BUILDING FOR CENTRAL BOARD OF INDIRECT TAXES AND CUSTOMS AT SECTOR-9, DWARKA",NPCC,,FINANCE,,2018-07,2018-07,2022-04,2022-04,,228.5,220.27,176.28,85.0,Ongoing,2024-10
OCMS-N10000010,,N10000010,5TH STREAM ALUMINA REFINERY EXPANSION PROJECT,NALCO,,DEPARTMENT OF HIGHER EDUCATION,,2014-12,2014-12,2021-04,2025-09,,4103.0,5677.4,3263.64,68.59,Ongoing,2024-10
OCMS-N10000011,,N10000011,UTKAL D AND E COAL BLOCK,NALCO,,DEPARTMENT OF HIGHER EDUCATION,,2016-05,2016-05,2020-01,2024-03,,534.0,1021.97,752.42,80.5,Ongoing,2024-10
OCMS-N10000012,,N10000012,CONVERSION OF FLAT BOTTOM SETTLERS AND WASHERS WITH A SINGLE TRAIN OF HRDS AND DCWS IN STREAMS 1 AND,NALCO,,DEPARTMENT OF HIGHER EDUCATION,,2015-12,2015-12,2020-11,2026-11,,355.0,581.0,109.88,12.6,Ongoing,2024-10
OCMS-N10000013,,N10000013,SOURCING OF BAUXITE ARRANGEMENT FOR 5TH STREAM ALUMINA REFINERY FROM SOUTH BLOCK MINING LEASE OF PAN,NALCO,,DEPARTMENT OF HIGHER EDUCATION,,2017-11,2017-11,2021-04,2025-05,,483.0,483.0,348.65,86.02,Ongoing,2024-10
OCMS-N10000014,,N10000014,25.5 MW WIND POWER PROJECT AT KAYATHAR IN TAMILNADU,NALCO,,MINES,,2017-09,2017-09,2019-06,2024-12,,166.62,163.17,135.63,65.0,Ongoing,2024-10
OCMS-N10000015,,N10000015,"CONSTRUCTION OF BASEMENTG FLOOR10 STORIES BUILDING FOR THE STATE OF THE ART, DG, GSI AT SECTOR-V, SA",CPWD,,MINES,,2019-04,2019-04,2022-04,2026-08,,255.37,255.37,56.19,26.0,Ongoing,2024-10
OCMS-N10000016,,N10000016,POTTANGI BAUXITE MINES,NALCO,,DEPARTMENT OF HIGHER EDUCATION,,2018-05,2018-05,2024-12,2025-05,,1437.0,1381.0,649.96,50.3,Ongoing,2024-10
OCMS-N10000017,,N10000017,CONSTRUCTION OF RED MUD POND - II AT NALCO DAMANJODI ODISHA,NALCO,,DEPARTMENT OF HIGHER EDUCATION,,2019-09,2019-09,2023-03,2024-05,,225.79,270.66,5.0,100.0,Ongoing,2024-10
OCMS-N12000095,,N12000095,NEW SINTER PLANT AT BOKARO STEEL PLANT,SAIL,,STEEL,,2015-03,2015-03,2017-10,2026-11,,1034.01,1752.3,871.91,51.74,Ongoing,2024-10
OCMS-N12000103,,N12000103,"CONSTRUCTION OF INTERNATIONAL CENTRE FOR PERFORMING ARTS AND CULTURE,SHILONG IN MEGALAYA UNDER NLCPR",HSCL FOR DONER,,DONER,,2014-04,2014-04,2017-09,2017-09,,151.33,151.33,148.33,98.5,Ongoing,2024-10
OCMS-N12000122,,N12000122,REBUILDING OF COKE OVEN BATTERY-2 ALONGWITH AUGMENTATION OF COKE HANDLING AND GAS HANDLING FACILITY,SAIL,,STEEL,,2020-11,2020-11,2023-05,2024-11,,377.18,377.18,414.08,92.25,Ongoing,2024-10
OCMS-N12000124,,N12000124,NMDC SLURRY PIPE LINE PROJECT - PHASE-1,NMDC,,PETROLEUM,,2015-11,2015-11,2023-06,2025-12,,2907.0,2907.0,2226.02,60.0,Ongoing,2024-10
OCMS-N12000125,,N12000125,INSTALLATION OF 4TH SLAB CASTER ALONG WITH ITS AUXILIARIES AND A NEW LADLE FURNACE IN SMS-II AT RSP,SAIL,,STEEL,,2022-01,2022-01,2025-05,2025-05,,970.18,970.18,505.32,66.67,Ongoing,2024-10
OCMS-N12000127,,N12000127,SCREENING PLANT-III AT KIRANDUL,NMDC,,PETROLEUM,,2021-03,2021-03,2024-08,2026-01,,2092.97,2718.84,1252.1,64.42,Ongoing,2024-10
OCMS-N12000129,,N12000129,REVAMPING OF OLD SUB SYSTEM OF BLAST FURNACE 3 AT BOKARO STEEL PLANT,SAIL,,STEEL,,2023-09,2023-09,2025-07,2025-07,,513.82,513.82,80.57,45.0,Ongoing,2024-10
OCMS-N12000130,,N12000130,CONSTRUCTION OF RESIDENTIAL TOWERS AT BIOM KIRANDUL COMPLEX,NMDC,,PETROLEUM,,2021-07,2021-07,2024-11,2025-12,,282.44,282.44,130.2,48.6,Ongoing,2024-10
OCMS-N12000131,,N12000131,"REPLACEMENT OF CONVERTER VESSELS, TRUNNION RINGS, SUPPORT SYSTEM AND INSTALLATION OF SECONDARY EMISS",SAIL,,PETROLEUM,,2023-10,2023-10,2026-06,2026-06,,471.83,471.83,38.21,2.8,Ongoing,2024-10
OCMS-N12000132,,N12000132,REBUILDING OF COKE OVEN BATTERY NO.4 OF DURGAPUR STEEL PLANT,SAIL,,STEEL,,2023-11,2023-11,2026-12,2026-12,,916.78,916.78,46.84,3.0,Ongoing,2024-10
OCMS-N12000133,,N12000133,REBUILDING OF COKE OVEN BATTERY NO.6 OF BOKARO STEEL PLANT,SAIL,,STEEL,,2023-11,2023-11,2026-11,2026-11,,627.31,627.31,50.84,22.0,Ongoing,2024-10
OCMS-N12000134,,N12000134,REBUILDING OF COKE OVEN BATTERY NO.7 AND 8 OF BHILAI STEEL PLANT,SAIL,,PETROLEUM,,2023-11,2023-11,2025-10,2025-10,,884.1,884.1,247.82,46.9,Ongoing,2024-10
OCMS-N12000135,,N12000135,REPLACEMENT OF REMAINING 04 NOS. OF BATTERY CYCLONES WITH 04 NOS. OF ESPS IN SINTER PLANT-1 AT BSL,SAIL,,STEEL,,2024-03,2024-03,2026-06,2026-06,,260.37,260.37,0.0,2.0,Ongoing,2024-10
OCMS-N16000213,,N16000213,LIFE EXTENSION OF WALL PLATFORMS OF MUMBAI HIGH AND HEERA FIELDS,ONGC,,HEALTH AND FAMILY WELFARE,,2015-12,2015-12,2018-04,2026-05,,3190.69,3375.9,2961.86,87.6,Ongoing,2024-10
OCMS-N16000234,,N16000234,IRUGUR-DEVANGONTHI POL PIPELINE,BPCL,,MINES,,2012-11,2012-11,2017-02,2025-10,,678.0,1732.0,532.06,42.6,Ongoing,2024-10
OCMS-N16000235,,N16000235,VISAKH REFINERY MODERNISATION PROJECT,HPCL,,PETROLEUM,,2016-07,2016-07,2020-07,2025-02,,20928.0,30609.0,27360.11,98.5,Ongoing,2024-10
OCMS-N16000239,,N16000239,DEVELOPMENT PLAN OF CBM - BOKARO BLOCK,ONGC,,DEPARTMENT OF HIGHER EDUCATION,,2015-12,2015-12,2023-03,2025-03,,823.27,1137.79,1056.73,83.1,Ongoing,2024-10
OCMS-N16000247,,N16000247,KG-DWN-98-2 CLUSTER II DEVELOPMENT PROJECT,ONGC,,PETROLEUM,,2016-03,2016-03,2020-06,2025-03,,34012.0,34012.0,30909.17,94.2,Ongoing,2024-10
OCMS-N16000253,,N16000253,ENNORE THIRUVALLUR BENGALURU PUDUCHERRY NAGAPATTINAM MADURAITUTICORIN GAS PIPELINE,IOCL,,MINES,,2016-05,2016-05,2018-12,2025-03,,4497.0,6025.0,5519.37,100.0,Ongoing,2024-10
OCMS-N16000275,,N16000275,DURGAPUR-HALDIA PIPELINE PROJECT,GAIL,,MINES,,2017-03,2017-03,2020-12,2025-03,,1740.0,2433.15,2025.4,87.2,Ongoing,2024-10
OCMS-N16000279,,N16000279,REDEVELOPMENT OF SANTHAL FIELD,ONGC,,ROAD TRANSPORT AND HIGHWAYS,,2017-02,2017-02,2026-03,2026-03,,1162.56,1162.56,1109.08,96.8,Ongoing,2024-10
OCMS-N16000285,,N16000285,KOCHI-KOOTTANAD-BANGALORE- MANGALORE PIPELINE PHASE-II,GAIL,,PETROLEUM,,2009-06,2009-06,2012-12,2025-03,,2915.0,5909.0,4092.7,92.3,Ongoing,2024-10
OCMS-N16000331,,N16000331,DEVELOPMENT OF SURFACE FACILITIES FOR PRODUCTION AND EVACUATION OF CRUDE OIL AND NATURAL GAS FROM NA,OIL,,HEALTH AND FAMILY WELFARE,,2018-01,2018-01,2020-02,2024-12,,543.91,670.9,491.56,93.83,Ongoing,2024-10
OCMS-N16000343,,N16000343,REVAMPING OF FACILITIES AT VIZAG TERMINAL,IOCL,,PETROLEUM,,2018-04,2018-04,2022-04,2025-03,,355.0,355.0,242.84,77.3,Ongoing,2024-10
OCMS-N16000358,,N16000358,MUMBAI HIGH NORTH REDEVELOPMENT PHASE-IV,ONGC,,HEALTH AND FAMILY WELFARE,,2019-04,2019-04,2022-03,2025-02,,3228.8,3976.67,3948.68,98.9,Ongoing,2024-10
OCMS-N16000361,,N16000361,ADDITIONAL STORAGE TANKS AT PARADIP,IOCL,,PETROLEUM,,2018-11,2018-11,2021-09,2024-12,,462.3,552.44,469.84,95.1,Ongoing,2024-10
OCMS-N16000362,,N16000362,Fuel Quality Upgradation Project at Paradip Refinery,IOCL,,PETROLEUM,,2019-05,2019-05,2021-08,2024-12,,3361.0,3361.0,2710.85,98.3,Ongoing,2024-10
OCMS-N16000368,,N16000368,INSTALLATION OF STANDBY SRU TRAIN OF 525 TPD ALONGWITH INCINERATOR AT PARADIP REFINERY,IOCL,,PETROLEUM,,2019-06,2019-06,2022-09,2024-12,,427.1,427.1,304.4,94.6,Ongoing,2024-10
OCMS-N16000369,,N16000369,CONSTRUCTION OF 80000MT LPG CAVERN AT MANGALORE,HPCL,,PETROLEUM,,2018-12,2018-12,2022-12,2025-03,,854.0,854.0,637.12,90.0,Ongoing,2024-10
OCMS-N16000375,,N16000375,R and D CAMPUS II AT FARIDABAD,IOCL,,PETROLEUM,,2019-06,2019-06,2022-12,2025-07,,2281.94,3219.94,1600.47,61.7,Ongoing,2024-10
OCMS-N16000378,,N16000378,SWRO II WITH LLPH FACILITIES,HPCL,,PETROLEUM,,2019-09,2019-09,2020-07,2025-03,,196.26,196.26,168.6,87.2,Ongoing,2024-10
OCMS-N16000379,,N16000379,NUMALIGARH REFINERY EXPANSION PROJECT 6 MMTPA REFINARY,NRL,,HEALTH AND FAMILY WELFARE,,2019-01,2019-01,2024-10,2025-12,,12366.0,18968.0,13286.18,65.01,Ongoing,2024-10
OCMS-N16000382,,N16000382,ACRYLICS OR OXO-ALCOHOL PROJECT AT GUJARAT REFINERY,IOCL,,ROAD TRANSPORT AND HIGHWAYS,,2019-11,2019-11,2023-05,2024-12,,5251.0,5894.0,4584.1,98.6,Ongoing,2024-10
OCMS-N16000386,,N16000386,BARAUNI REFINERY CAPACITY EXPANSION FROM 6.0 TO 9.0 MMTPA,IOCL,,DEPARTMENT OF HIGHER EDUCATION,,2020-01,2020-01,2023-04,2025-12,,14810.0,14810.0,9847.73,80.3,Ongoing,2024-10
OCMS-N16000388,,N16000388,SRIKAKULAM ANGUL PIPELINE PROJECT,GAIL,,PETROLEUM,,2019-09,2019-09,2022-07,2025-06,,2658.34,2658.34,1985.1,92.2,Ongoing,2024-10
OCMS-N16000391,,N16000391,DHAMRA HALDIA PIPELINE PROJECT,GAIL,,PETROLEUM,,2020-03,2020-03,2022-11,2025-03,,1030.65,1030.65,787.6,84.7,Ongoing,2024-10
OCMS-N16000392,,N16000392,CITY GAS DISTRIBUTION IN WEST BENGAL,HPCL,,MINES,,2019-03,2019-03,2031-03,2029-03,,5830.2,5830.2,764.54,23.7,Ongoing,2024-10
OCMS-N16000394,,N16000394,NUMALIGARH REFINERY EXPANSION PROJECT COIT AND PIPELINES,NRL,,HEALTH AND FAMILY WELFARE,,2019-01,2019-01,2024-10,2025-09,,10228.0,9058.0,8304.39,78.74,Ongoing,2024-10
OCMS-N16000396,,N16000396,INTEGRATED PARA XYLENE (PX) AND PURIFIED TEREPHTHALIC ACID (PTA) PROJECT AT PARADIP REFINERY,IOCL,,PETROLEUM,,2020-07,2020-07,2024-01,2025-04,,13805.0,13805.0,6794.3,85.9,Ongoing,2024-10
OCMS-N16000398,,N16000398,MUMBAI NAGPUR JHARSUGUDA PIPELINE PROJECT,GAIL,,PETROLEUM,,2020-06,2020-06,2023-05,2025-06,,7844.25,7844.25,5825.6,90.1,Ongoing,2024-10
OCMS-N16000402,,N16000402,"SECOND GENERATION ETHANOL BIOREFINERY PROJECT, BATHINDA, PUNJAB",HPCL,,PETROLEUM,,2020-05,2020-05,2023-02,2024-12,,1421.46,1421.46,1069.0,95.1,Ongoing,2024-10
OCMS-N16000403,,N16000403,"CONSTRUCTION OF CAPTIVE POL LPG JETTY AT KAMARAJAR PORT, CHENNAI",IOCL,,MINES,,2020-10,2020-10,2023-09,2024-12,,921.0,921.0,729.0,94.5,Ongoing,2024-10
OCMS-N16000405,,N16000405,"SETTING UP LUBE COMPLEX AT VILLAGES AMULLAVOYAL AND VAIKKADU, CHENNAI AS RESITEMENT OF EXISTING FACI",IOCL,,MINES,,2020-10,2020-10,2023-12,2024-12,,1398.0,1587.0,1219.0,95.0,Ongoing,2024-10
OCMS-N16000409,,N16000409,PETROCHEMICAL AND LUBE INTEGRATION PROJECT AT GUJARAT REFINERY,IOCL,,ROAD TRANSPORT AND HIGHWAYS,,2020-09,2020-09,2024-08,2025-12,,18936.0,18936.0,9321.56,76.1,Ongoing,2024-10
OCMS-N16000411,,N16000411,AUGUMENTATION OF SALAYA MATHURA CRUDE OIL PIPELINE SYSTEM,IOCL,,ROAD TRANSPORT AND HIGHWAYS,,2020-10,2020-10,2023-08,2024-11,,1614.0,1614.0,1036.13,91.95,Ongoing,2024-10
OCMS-N16000412,,N16000412,CAPACITY EXPANSION OF PANIPAT REFINERY FROM 15 TO 25 MMTPA,IOCL,,PETROLEUM,,2021-02,2021-02,2024-09,2025-12,,34627.0,38231.0,14597.25,74.6,Ongoing,2024-10
OCMS-N16000413,,N16000413,AUGMENTATION OF FACILITIES AT THE EXISTING RAIPUR DEPOT,HPCL,,PETROLEUM,,2021-03,2021-03,2024-03,2025-03,,456.0,456.0,350.05,85.2,Ongoing,2024-10
OCMS-N16000414,,N16000414,EXPANSION OF GUWAHATI REFINERY FROM 1 TO 1.2 MMTPA ALONG WITH INSTALLATION OF CATALYTIC REFORMING UN,IOCL,,HEALTH AND FAMILY WELFARE,,2021-05,2021-05,2023-10,2025-02,,412.0,509.84,358.18,78.3,Ongoing,2024-10
OCMS-N16000423,,N16000423,"CGD PROJECT AT KHAGARIA, SAHARSA AND MADHEPURA",IOCL,,DEPARTMENT OF HIGHER EDUCATION,,2019-06,2019-06,2029-12,2030-03,,163.0,163.0,84.82,23.5,Ongoing,2024-10
OCMS-N16000426,,N16000426,CGD PROJECT AT NAWADA AND KODERMA DISTRICTS,IOCL,,PETROLEUM,,2019-06,2019-06,2029-12,2030-03,,169.0,169.0,71.21,17.9,Ongoing,2024-10
OCMS-N16000428,,N16000428,REDEVELOPMENT OF LINCH FIELD,ONGC,,ROAD TRANSPORT AND HIGHWAYS,,2021-04,2021-04,2025-03,2025-07,,631.03,860.04,271.12,54.8,Ongoing,2024-10
OCMS-N16000429,,N16000429,60 KTA POLYPROPYLENE PROJECT,GAIL,,PETROLEUM,,2019-03,2019-03,2024-04,2025-03,,910.56,1299.02,831.4,91.4,Ongoing,2024-10
OCMS-N16000430,,N16000430,SETTING UP 500KTPA PROPANE DEHYDROGENATION INTEGRATED WITH POLYPROPYLENE UNIT ALONG WITH OFFSITE AND,GAIL,,HEALTH AND FAMILY WELFARE,,2019-05,2019-05,2025-04,2025-10,,8797.0,11256.0,5169.05,75.0,Ongoing,2024-10
OCMS-N16000431,,N16000431,REDEVELOPMENT OF SOBHASAN COMPLEX,ONGC,,ROAD TRANSPORT AND HIGHWAYS,,2021-08,2021-08,2026-02,2026-02,,885.63,1286.67,410.13,40.5,Ongoing,2024-10
OCMS-N16000432,,N16000432,HP CRUDE TO OLEFINS AND AROMATICS TECHNOLOGY DEMO UNIT AT VISAKH REFINERY,HPCL,,PETROLEUM,,2021-09,2021-09,2024-06,2026-03,,160.0,220.0,13.35,42.0,Ongoing,2024-10
OCMS-N16000433,,N16000433,"GAS ASSISTED GRAVITY DRAINAGE SCHEME, KASOMARIGAON",ONGC,,HEALTH AND FAMILY WELFARE,,2021-08,2021-08,2023-02,2024-11,,218.38,218.38,207.18,98.3,Ongoing,2024-10
OCMS-N16000434,,N16000434,CBR 9 MMTPA PROJECT,CPCL,,MINES,,2021-01,2021-01,2025-06,2025-06,,31580.0,36354.0,1260.94,10.2,Ongoing,2024-10
OCMS-N16000435,,N16000435,NEW MUNDRA-PANIPAT CRUDE OIL PIPELINE,IOCL,,COAL,,2021-12,2021-12,2024-10,2025-12,,9028.0,9028.0,5813.03,67.74,Ongoing,2024-10
OCMS-N16000436,,N16000436,PIPELINE REPLACEMENT PROJECT - VII,ONGC,,HEALTH AND FAMILY WELFARE,,2022-01,2022-01,2024-05,2025-01,,3183.58,3645.23,3417.0,99.1,Ongoing,2024-10
OCMS-N16000437,,N16000437,"REVAMPING, AUGMENTATION OF FACILITIES AT EXISTING PORT TERMINAL AT MANGALORE",IOCL,,PETROLEUM,,2022-01,2022-01,2025-07,2025-12,,463.0,500.62,180.65,57.3,Ongoing,2024-10
OCMS-N16000438,,N16000438,"GRASS ROOT POL TERMINAL AT VALLUR, CHENNAI",IOCL,,MINES,,2022-01,2022-01,2024-07,2025-06,,827.0,887.71,493.84,75.0,Ongoing,2024-10
OCMS-N16000439,,N16000439,NORTH EAST GAS GRID,IGGL,,PETROLEUM,,2020-11,2020-11,2024-03,2027-03,,9265.0,9265.0,5479.01,83.83,Ongoing,2024-10
OCMS-N16000440,,N16000440,BHATINDA SANGRUR PIPELINE,HPCL,,PETROLEUM,,2021-11,2021-11,2024-05,2025-02,,367.0,397.0,290.79,83.61,Ongoing,2024-10
OCMS-N16000441,,N16000441,"REVAMPING OF FACILITIES AT EXISTING GUWAHATI TERMINAL, ASSAM",IOCL,,HEALTH AND FAMILY WELFARE,,2022-03,2022-03,2026-07,2026-09,,277.0,277.0,158.33,52.4,Ongoing,2024-10
OCMS-N16000442,,N16000442,DEBOTTLENECKING AND AUGMENTATION OF CRYOGENIC FACILITIES AT URAN LPG IMPORT TERMINAL,BPCL,,HEALTH AND FAMILY WELFARE,,2021-04,2021-04,2024-06,2025-04,,1164.69,1164.69,585.32,58.4,Ongoing,2024-10
OCMS-N16000444,,N16000444,COMMERCIAL POLYMER FLOODING PROJECT IN BECHRAJI FIELD,ONGC,,ROAD TRANSPORT AND HIGHWAYS,,2022-01,2022-01,2024-11,2024-11,,621.4,621.4,101.08,20.2,Ongoing,2024-10
OCMS-N16000445,,N16000445,DEVELOPMENT OF JHARIA CBM BLOCK (PHASE-1),ONGC,,DEPARTMENT OF HIGHER EDUCATION,,2019-11,2019-11,2024-01,2024-12,,431.0,431.0,162.34,56.65,Ongoing,2024-10
OCMS-N16000446,,N16000446,EXPANSION OF CRYOGENICS GROUP BY SETTING UP NEW MANUFACTURING FACILITY,IOCL,,HEALTH AND FAMILY WELFARE,,2021-09,2021-09,2023-10,2024-05,,378.0,378.0,120.07,39.08,Ongoing,2024-10
OCMS-N16000449,,N16000449,UPGRADATION OF FACILITIES OF NUMALIGARH-SILIGURI PRODUCT PIPELINE (NSPL) FOR TRANSPORTATION OF ADDIT,OIL,,HEALTH AND FAMILY WELFARE,,2021-06,2021-06,2024-12,2024-12,,860.0,860.0,401.83,88.7,Ongoing,2024-10
OCMS-N16000450,,N16000450,"PROJECT TO CONSTRUCT A FIELD GAS GATHERING STATION AT BAGHJAN AREA FOR COLLECTION,PROCESSING",OIL,,HEALTH AND FAMILY WELFARE,,2020-12,2020-12,2024-07,2024-12,,430.76,430.76,245.08,73.76,Ongoing,2024-10
OCMS-N16000451,,N16000451,CBR ASANUR PIPELINE AND ITS HOOK UP WITH EXISTING CHENNAI TRICHY MADURAI PRODUCT PIPELINE,IOCL,,MINES,,2022-03,2022-03,2024-11,2024-11,,564.0,564.0,144.55,35.67,Ongoing,2024-10
OCMS-N16000452,,N16000452,CONSTRUCTION OF LUBE OIL BLENDING AND FILLING PLANT AT RASAYANI,BPCL,,HEALTH AND FAMILY WELFARE,,2022-05,2022-05,2024-03,2024-09,,423.39,423.39,181.3,65.5,Ongoing,2024-10
OCMS-N16000453,,N16000453,INSTALLATION OF BITUMEN MANUFACTURING UNIT ALONG WITH ALLIED FACILITIES AT BARAUNI,IOCL,,DEPARTMENT OF HIGHER EDUCATION,,2022-01,2022-01,2025-04,2025-04,,389.0,389.0,22.13,20.1,Ongoing,2024-10
OCMS-N16000454,,N16000454,INSTALLATION OF NEW BITUMEN UNIT ALONG WITH ALLIED FACILITIES AT GUJARAT,IOCL,,ROAD TRANSPORT AND HIGHWAYS,,2022-01,2022-01,2024-09,2025-08,,328.0,328.0,29.15,22.9,Ongoing,2024-10
OCMS-N16000455,,N16000455,LAYING OF POL PIPELINES IN COMMON CORRIDOR FOR PROPOSED GRASS ROOT TERMINAL AT VALLUR (CHENNAI),IOCL,,MINES,,2022-01,2022-01,2024-07,2026-05,,829.0,829.0,209.56,52.66,Ongoing,2024-10
OCMS-N16000456,,N16000456,ATF PIPELINE FROM JAWAHARLAL NEHRU PORT TRUST (JNPT) TO NAVI MUMBAI INTERNATIONAL AIRPORT (NMIA),IOCL,,HEALTH AND FAMILY WELFARE,,2022-09,2022-09,2025-08,2025-08,,165.0,165.0,52.95,52.16,Ongoing,2024-10
OCMS-N16000457,,N16000457,CAPACITY EXPANSION OF DIGBOI REFINERY FROM 0.65 TO 1.0 MMTPA,IOCL,,HEALTH AND FAMILY WELFARE,,2022-06,2022-06,2025-10,2026-03,,768.0,768.0,62.57,8.9,Ongoing,2024-10
OCMS-N16000458,,N16000458,POLY BUTADIENE RUBBER PLANT AT PANIPAT,IOCL,,PETROLEUM,,2022-03,2022-03,2025-03,2025-12,,1459.0,2102.79,542.29,44.0,Ongoing,2024-10
OCMS-N16000470,,N16000470,DAMAN UPSIDE DEVELOPMENT PROJECT (DUDP) IN TAPTI DAMAN BLOCK,ONGC,,HEALTH AND FAMILY WELFARE,,2022-06,2022-06,2025-10,2026-02,,4144.41,6406.9,243.43,17.6,Ongoing,2024-10
OCMS-N16000477,,N16000477,"RESTORATION OF GAS TERMINAL, PHASE-I (PART-A), HAZIRA PLANT",ONGC,,ROAD TRANSPORT AND HIGHWAYS,,2022-05,2022-05,2025-02,2025-02,,249.43,249.43,109.19,80.7,Ongoing,2024-10
OCMS-N16000478,,N16000478,HALDIA PANAGARH PIPELINE PROJECT,HPCL,,MINES,,2022-11,2022-11,2025-11,2025-11,,1010.0,1010.0,291.21,56.08,Ongoing,2024-10
OCMS-N16000479,,N16000479,EXTENSION OF ASANUR-SANKARI SECTION OF CHENNAI-TRICHY- MADURAI PIPELINE UPTO COIMBATORE (IRUGUR),IOCL,,MINES,,2023-01,2023-01,2025-01,2025-01,,346.7,346.7,0.72,17.25,Ongoing,2024-10
OCMS-N16000480,,N16000480,LAYING OF NATURAL GAS PIPELINE FROM HAZARIBAGH TO RANCHI,IOCL,,DEPARTMENT OF HIGHER EDUCATION,,2023-03,2023-03,2026-02,2026-02,,202.07,202.07,45.05,33.82,Ongoing,2024-10
OCMS-N16000481,,N16000481,KALOL REDEVELOPMENT PROJECT,ONGC,,ROAD TRANSPORT AND HIGHWAYS,,2022-08,2022-08,2027-03,2027-03,,1487.41,1487.41,734.5,54.0,Ongoing,2024-10
OCMS-N16000482,,N16000482,CONSTRUCTION OF TWO PRODUCED WATER TREATMENT PLANTS (PWTP) AT BECHARAJI AND SOBHASAN INSTALLATION OF,ONGC,,PETROLEUM,,,,2024-07,2024-07,,320.2,320.2,176.01,100.0,Completed,2024-10
OCMS-N16000483,,N16000483,OLD PIPE LINE REPLACEMENT (OPRP) GROUP-A,ONGC,,ROAD TRANSPORT AND HIGHWAYS,,2021-07,2021-07,2025-07,2025-07,,173.03,169.84,125.77,77.8,Ongoing,2024-10
OCMS-N16000484,,N16000484,"CONSTRUCTION OF LPG FACILITIES AT KAMARDANGA, ASSAM",HPCL,,HEALTH AND FAMILY WELFARE,,2023-03,2023-03,2027-07,2027-07,,156.36,156.36,1.38,12.0,Ongoing,2024-10
OCMS-N16000485,,N16000485,"CGD PROJECT AT KURNOOL, GUNTUR AND PRAKASAM DISTRICTS",IOCL,,PETROLEUM,,2022-03,2022-03,2030-03,2030-03,,1420.0,1420.0,117.34,4.8,Ongoing,2024-10
OCMS-N16000486,,N16000486,CGD PROJECT AT DHARMAPURI AND KRISHNAGIRI DISTRICTS,IOCL,,MINES,,2022-03,2022-03,2030-03,2030-12,,501.0,501.0,87.44,4.0,Ongoing,2024-10
OCMS-N16000487,,N16000487,"CGD PROJECT AT BEED, JALGAON AND JALNA DISTRICTS",IOCL,,HEALTH AND FAMILY WELFARE,,2022-03,2022-03,2030-03,2031-09,,865.0,865.0,46.15,1.5,Ongoing,2024-10
OCMS-N16000488,,N16000488,CGD PROJECT AT PATHANKOT DISTRICT,IOCL,,PETROLEUM,,2022-03,2022-03,2030-03,2033-09,,151.0,151.0,7.77,1.5,Ongoing,2024-10
OCMS-N16000489,,N16000489,"CGD PROJECT AT JHUNJHUNU, SIKAR AND NAGAUR DISTRICTS",IOCL,,COAL,,2022-03,2022-03,2030-03,2031-03,,575.0,575.0,120.36,7.7,Ongoing,2024-10
OCMS-N16000490,,N16000490,"CGD PROJECT AT MADURAI, THENI AND VIRUDHNAGAR DISTRICTS",IOCL,,MINES,,2022-03,2022-03,2030-03,2030-12,,1328.0,1328.0,138.8,4.4,Ongoing,2024-10
OCMS-N16000491,,N16000491,"CGD PROJECT AT EAST MEDNIPORE, WEST MEDNIPORE AND JHARGRAM DISTRICTS",IOCL,,MINES,,2022-03,2022-03,2030-03,2031-06,,609.0,609.0,57.23,1.3,Ongoing,2024-10
OCMS-N16000492,,N16000492,"CGD PROJECT AT KANYAKUMARI, TUTICORIN, TIRUNVELI KATTABO AND TENKASI DISTRICTS",IOCL,,MINES,,2022-03,2022-03,2030-03,2030-12,,1295.0,1295.0,135.92,4.6,Ongoing,2024-10
OCMS-N16000494,,N16000494,"SETTING UP OF NEW RAIL FED POL FACILITY AT KAMARDANGA, ASSAM",HPCL,,HEALTH AND FAMILY WELFARE,,2023-03,2023-03,2027-07,2027-07,,384.04,384.04,37.48,4.5,Ongoing,2024-10
OCMS-N16000495,,N16000495,"GRASS ROOT RAIL FED DEPOT AT SEKERKOTE, AGARTALA AS RESITEMENT OF EXISTING DHARMANAGAR DEPOT",IOCL,,PETROLEUM,,2022-06,2022-06,2025-08,2025-09,,656.0,656.0,308.81,65.6,Ongoing,2024-10
OCMS-N16000496,,N16000496,"CGD PROJECT IN TONK, SAWAI MADHOPUR, DAUSA, KARAULI",HPCL,,COAL,,2022-03,2022-03,2030-03,2030-03,,1751.0,1751.0,188.25,19.9,Ongoing,2024-10
OCMS-N16000497,,N16000497,CGD PROJECT IN BIHAR JHARKHAND,HPCL,,DEPARTMENT OF HIGHER EDUCATION,,2022-06,2022-06,2030-06,2030-06,,1377.0,1377.0,184.22,18.4,Ongoing,2024-10
OCMS-N16000498,,N16000498,CGD PROJECT IN WEST BENGAL 11TH ROUND,HPCL,,MINES,,2022-06,2022-06,2030-06,2030-06,,2628.0,2628.0,161.36,18.2,Ongoing,2024-10
OCMS-N16000499,,N16000499,MULTI-PRODUCT PIPELINE FROM KRISHNAPATNAM COASTAL INSTALLATION TO THE PROPOSED INSTALLATION AT HYDER,BPCL,,PETROLEUM,,2019-09,2019-09,2025-03,2025-10,,1932.0,1932.0,1491.59,68.4,Ongoing,2024-10
OCMS-N16000500,,N16000500,SETTING UP A COMMON USER PETROLEUM TERMINAL AT JAMMU FOR RE-SITEMENT OF EXISTING DEPOTS OF PSU OMCS,BPCL,,PETROLEUM,,2021-04,2021-04,2025-03,2025-03,,676.89,676.89,439.02,52.0,Ongoing,2024-10
OCMS-N16000502,,N16000502,"UPGRADING IPSHEM TO WORLD CLASS FACILITY OF ONGC, GOA",ONGC,,PETROLEUM,,2023-03,2023-03,2024-06,2025-01,,325.53,325.53,290.46,99.2,Ongoing,2024-10
OCMS-N16000503,,N16000503,ANDHERI RESIDENTIAL TOWERS MUMBAI,IOCL,,HEALTH AND FAMILY WELFARE,,2017-06,2017-06,2025-05,2025-05,,281.35,281.35,86.75,42.4,Ongoing,2024-10
OCMS-N16000504,,N16000504,CONSTRUCTION OF ADDITIONAL TANKAGES AND ALLIED FACILITIES AT JNPT TERMINAL,IOCL,,HEALTH AND FAMILY WELFARE,,2022-04,2022-04,2024-10,2026-08,,341.43,341.43,200.11,28.1,Ongoing,2024-10
OCMS-N16000505,,N16000505,AUGMENTATION OF FACILITIES AT MATHURA BITUMEN PLANT,IOCL,,PETROLEUM,,2022-04,2022-04,2025-04,2026-12,,260.12,260.12,0.97,18.4,Ongoing,2024-10
OCMS-N16000506,,N16000506,GRASS-ROOT TERMINAL AT MIRZAPUR UTTAR PRADESH,IOCL,,PETROLEUM,,2022-09,2022-09,2026-06,2026-11,,980.45,980.45,131.85,35.6,Ongoing,2024-10
OCMS-N16000507,,N16000507,INSTALLATION OF INDEPENDENT DE- AROMATIZED SOLVENTS PRODUCTION FACILITIES AT MUMBAI REFINERY,BPCL,,HEALTH AND FAMILY WELFARE,,2023-03,2023-03,2025-07,2025-07,,405.0,405.0,67.43,56.0,Ongoing,2024-10
OCMS-N16000508,,N16000508,REPLACEMENT AND EXTENSION OF JETTY PIPELINES AT KOCHI REFINERY,BPCL,,PETROLEUM,,2023-03,2023-03,2026-03,2026-03,,621.87,621.87,101.3,65.3,Ongoing,2024-10
OCMS-N16000509,,N16000509,POWER SYSTEM UPGRADATION PROJECT,MANGALORE REFIN,,PETROLEUM,,2023-10,2023-10,2026-02,2026-02,,385.0,385.0,57.52,29.84,Ongoing,2024-10
OCMS-N16000510,,N16000510,POWER RECOVERY TURBINE IN PFCCU,NRL,,HEALTH AND FAMILY WELFARE,,2023-03,2023-03,2025-07,2025-07,,293.5,293.5,56.33,78.0,Ongoing,2024-10
OCMS-N16000511,,N16000511,DCU REVAMP PROJECT,NRL,,HEALTH AND FAMILY WELFARE,,2021-08,2021-08,2025-03,2025-10,,370.0,370.0,161.76,35.6,Ongoing,2024-10
OCMS-N16000512,,N16000512,SETTING UP OF PETROCHEMICAL EVACUATION MARKETING TERMINAL (PEMT) AT BARMER,HPCL,,COAL,,2023-12,2023-12,2026-12,2026-12,,461.05,461.05,27.28,22.5,Ongoing,2024-10
OCMS-N16000513,,N16000513,RAJASTHAN REFINERY PROJECT,HPCLRRL(JV,,COAL,,2017-10,2017-10,2022-10,2025-03,,43129.0,72937.0,50785.89,82.7,Ongoing,2024-10
OCMS-N16000514,,N16000514,"REVAMPING OF SV STATIONS, GAS TERMINAL AND KRIBHCO TERMINAL",ONGC,,ROAD TRANSPORT AND HIGHWAYS,,2022-11,2022-11,2026-08,2026-08,,837.34,837.34,49.56,23.1,Ongoing,2024-10
OCMS-N16000515,,N16000515,PART REPLACEMENT PIPELINE PROJECT (PRPP),ONGC,,HEALTH AND FAMILY WELFARE,,2022-11,2022-11,2024-05,2024-12,,1219.48,1145.1,35.95,46.7,Ongoing,2024-10
OCMS-N16000518,,N16000518,ETHYLENE CRACKER PROJECT AT BINA REFINERY INCLUDING DOWNSTREAM PETROCHEMICAL PLANTS AND EXPANSION OF,BPCL,,PETROLEUM,,2023-05,2023-05,2028-05,2028-05,,43367.0,43367.0,808.0,6.8,Ongoing,2024-10
OCMS-N16000519,,N16000519,POL AND LOBS INSTALLATIONS WITH RECEIPT PIPELINES AT RASAYANI,BPCL,,HEALTH AND FAMILY WELFARE,,2023-05,2023-05,2026-05,2026-05,,2585.0,2585.0,127.63,33.8,Ongoing,2024-10
OCMS-N16000520,,N16000520,CGD PROJECTS AT FAZILKA (EXCEPT AREA ALREADY AUTHORIZED) GANGANAGAR AND HANUMANGARH DISTRICTS,BPCL,,COAL,,2022-12,2022-12,2030-06,2030-06,,3207.0,3207.0,193.0,16.3,Ongoing,2024-10
OCMS-N16000521,,N16000521,CGD PROJECTS AT THE NILGIRIS AND ERODE DISTRICTS,BPCL,,MINES,,2022-12,2022-12,2030-03,2030-03,,3685.0,3685.0,89.61,4.9,Ongoing,2024-10
OCMS-N16000522,,N16000522,CITY GAS DISTRIBUTION PROJECTS AT ALIPURDUAR AND COOCH BEHAR,BPCL,,MINES,,2022-12,2022-12,2030-03,2030-03,,1017.0,1017.0,79.01,20.4,Ongoing,2024-10
OCMS-N16000523,,N16000523,CITY GAS DISTRIBUTION PROJECTS AT GOPALGANJ SIWAN WEST CHAMPARAN EAST CHAMPARAN AND DEORIA DISTRICTS,BPCL,,DEPARTMENT OF HIGHER EDUCATION,,2022-12,2022-12,2030-06,2030-06,,3919.0,3919.0,197.02,12.6,Ongoing,2024-10
OCMS-N16000524,,N16000524,"CITY GAS DISTRIBUTION PROJECTS AT DARBHANGA, MADHUBANI, SUPAUL, SITAMARHI AND SHEOHAR DISTRICTS",BPCL,,DEPARTMENT OF HIGHER EDUCATION,,2022-12,2022-12,2030-03,2030-03,,3638.0,3638.0,231.17,13.5,Ongoing,2024-10
OCMS-N16000525,,N16000525,"CITY GAS DISTRIBUTION PROJECTS AT LAKHIMPUR KHERI , SITAPUR, BAHRAICH, SHRAVASTI,BALRAMPUR,",BPCL,,PETROLEUM,,2022-12,2022-12,2030-06,2030-06,,16654.0,16654.0,284.46,4.6,Ongoing,2024-10
OCMS-N16000526,,N16000526,MHN TCPP PGC BGC PROJECT,MTPBP,,HEALTH AND FAMILY WELFARE,,2024-02,2024-02,2026-05,2026-05,,2329.45,2354.23,188.75,16.4,Ongoing,2024-10
OCMS-N16000527,,N16000527,CGD PROJECT AT JAMMU DISTRICTS,IOCL,,PETROLEUM,,2022-03,2022-03,2032-03,2034-09,,538.0,538.0,4.11,0.4,Ongoing,2024-10
OCMS-N16000528,,N16000528,PIPELINE NETWORK PROJECT RUDRASAGAR,ONGC,,HEALTH AND FAMILY WELFARE,,2023-01,2023-01,2026-04,2026-04,,344.99,344.99,139.67,40.3,Ongoing,2024-10
OCMS-N16000529,,N16000529,"AUGMENTATION OF DIMAPUR DEPOT, DIMAPUR",IOCL,,PETROLEUM,,2023-08,2023-08,2027-11,2027-11,,227.62,227.62,0.22,9.5,Ongoing,2024-10
OCMS-N16000530,,N16000530,SETTING UP POLYPROPYLENE UNIT AT KOCHI REFINERY,BPCL,,PETROLEUM,,2023-12,2023-12,2027-10,2027-10,,4460.0,4460.0,71.31,5.1,Ongoing,2024-10
OCMS-N16000531,,N16000531,GURDASPUR JAMMU PIPELINE,GAIL,,PETROLEUM,,2023-07,2023-07,2026-07,2026-07,,521.92,521.92,7.7,16.8,Ongoing,2024-10
OCMS-N16000532,,N16000532,BORHOLLA GGS LIFE EXTENSION PROJECT,ONGC,,HEALTH AND FAMILY WELFARE,,2023-09,2023-09,2026-05,2026-05,,198.7,198.7,3.05,4.6,Ongoing,2024-10
OCMS-N16000533,,N16000533,PRP-VIII GROUP B (NH AND BS ASSET),ONGC,,HEALTH AND FAMILY WELFARE,,2024-06,2024-06,2026-05,2026-02,,2379.84,2379.84,0.0,0.0,Ongoing,2024-10
OCMS-N16000534,,N16000534,HP TDAE UNIT IN MUMBAI REFINERY,HPCL,,HEALTH AND FAMILY WELFARE,,2024-06,2024-06,2026-04,2026-04,,240.0,240.0,6.8,9.4,Ongoing,2024-10
OCMS-N16000535,,N16000535,HP TRIJET UNIT IN VR,HPCL,,PETROLEUM,,2024-07,2024-07,2027-07,2027-07,,193.0,193.0,0.04,6.0,Ongoing,2024-10
OCMS-N16000536,,N16000536,DEMO PLANT FOR PRODUCTION OF BIO-ATF,MANGALORE REFIN,,PETROLEUM,,2024-03,2024-03,2027-03,2027-03,,364.0,364.0,5.34,0.5,Ongoing,2024-10
OCMS-N16000537,,N16000537,INTEGRATED DEVELOPMENT OF 4 CONTRACT AREAS UNDER DSF2,ONGC,,HEALTH AND FAMILY WELFARE,,2023-05,2023-05,2027-04,2027-04,,6183.79,6183.79,0.0,0.0,Ongoing,2024-10
OCMS-N18000010,,N18000010,TEHRI PUMPED STORAGE PLANT(1000MW),THDCIL,,POWER,,2006-07,2006-07,2016-02,2025-08,,1657.0,7686.32,7121.33,97.7,Ongoing,2024-10
OCMS-N18000014,,N18000014,TAPOVAN-VISHNUGAD HEP,4X130MW,,POWER,,2006-11,2006-11,2013-03,2029-04,,2978.48,7103.0,6298.38,75.0,Ongoing,2024-10
OCMS-N18000042,,N18000042,VISHNUGAD PIPALKOTI HYDRO ELECTRIC PROJECT,THDCIL,,POWER,,2008-08,2008-08,2013-06,2026-06,,2491.58,6303.0,4137.59,68.6,Ongoing,2024-10
OCMS-N18000142,,N18000142,LATA-TAPOVAN HYDRO ELECTRIC POWER PROJECT 3X57 MW,NTPC,,POWER,,2012-07,2012-07,2017-08,2017-08,,1527.0,1527.0,149.93,0.0,Ongoing,2024-10
OCMS-N18000172,,N18000172,PAKAL DUL HYDRO ELECTRIC PROJECT (1000 MW),CVPPPL,,POWER,,2014-10,2014-10,2020-04,2026-09,,8112.12,8112.12,5116.22,61.3,Ongoing,2024-10
OCMS-N18000177,,N18000177,NORTH KARANPURA STPP (3X660 MW),NTPC,,POWER,,2014-02,2014-02,2019-06,2024-12,,16242.9,17007.0,15361.62,85.0,Ongoing,2024-10
OCMS-N18000178,,N18000178,RAMMAM-III HEPP (3X40 MW),NTPC,,POWER,,2014-09,2014-09,2019-09,2029-03,,1381.84,1803.0,1042.24,45.1,Ongoing,2024-10
OCMS-N18000184,,N18000184,ESTABLISHMENT OF FIBER OPTIC COMMUNICATION SYSTEM IN NR UNDER FIBER OPTIC EXPANSION PROJECT (ADDITIO,PGCIL,,PETROLEUM,,2015-03,2015-03,2018-03,2024-12,,197.4,197.4,161.89,96.0,Ongoing,2024-10
OCMS-N18000194,,N18000194,BUXAR THERMAL POWER PLANT,1320 MW,,POWER,,2019-03,2019-03,2024-01,2025-06,,10439.09,10439.09,10407.27,83.5,Ongoing,2024-10
OCMS-N18000212,,N18000212,TELANGANA SUPER THERMAL POWER PROJECT PHASE I,NTPC,,POWER,,2016-01,2016-01,2020-11,2024-02,,10598.98,10998.0,10437.71,0.0,Ongoing,2024-10
OCMS-N18000249,,N18000249,COMPREHENSIVE SCHEME FOR THE STRENGHTENING OF THE TRANSMISSION AND DISTRIBUTION SYSTEM IN A P,PGCIL,,PETROLEUM,,2014-12,2014-12,2018-12,2025-03,,4754.42,9129.32,6841.94,77.5,Ongoing,2024-10
OCMS-N18000250,,N18000250,NORTH EASTERN REGION POWER SYSTEM IMPROVEMENT PROJECT (NERPSIP) FOR SIX (6) STATES,PGCIL,,PETROLEUM,,2014-12,2014-12,2018-12,2025-03,,5111.33,6700.0,4954.66,95.2,Ongoing,2024-10
OCMS-N18000264,,N18000264,HVDC BIPOLE LINK BETWEEN WR AND SR -NORTH TRICHUR - SCHEME -II AC SYSTEM STRENGTHENING AT PUGALUR EN,PGCIL,,PETROLEUM,,2017-08,2017-08,2020-02,2025-09,,1931.39,2635.55,1964.44,99.0,Ongoing,2024-10
OCMS-N18000272,,N18000272,KHURJA SUPER THERMAL POWER PROJECT,THDCIL,,POWER,,2019-03,2019-03,2023-09,2025-03,,11089.42,13129.25,11283.16,92.7,Ongoing,2024-10
OCMS-N18000275,,N18000275,PATRATU STPP-I (3X800MW),NTPC,,POWER,,2017-11,2017-11,2023-03,2025-11,,17112.0,17112.0,13151.45,68.0,Ongoing,2024-10
OCMS-N18000277,,N18000277,DURGAPUR PP-III (2X20 MW) - NSPCL,NTPC,,POWER,,2016-12,2016-12,2018-11,2024-03,,529.68,679.0,558.39,89.0,Ongoing,2024-10
OCMS-N18000278,,N18000278,KIRU HYDRO ELECTRIC PROJECT,CVPPPL,,POWER,,2019-03,2019-03,2024-08,2026-09,,4287.59,4287.59,1926.64,44.73,Ongoing,2024-10
OCMS-N18000279,,N18000279,LUHRI HYDROELECTRIC PROJECT,STAGE1,,POWER,,2020-11,2020-11,2026-01,2027-06,,1810.56,3060.71,1531.81,50.99,Ongoing,2024-10
OCMS-N18000286,,N18000286,SAMBHU KI BHURJ-II SOLAR 300MW,NTPC,,COAL,,2020-03,2020-03,2021-09,2025-03,,1782.0,1782.0,1336.5,95.0,Ongoing,2024-10
OCMS-N18000291,,N18000291,DHAULASIDH HYDROELECTRIC PROJECT (66 MW),SJVN,,POWER,,2020-10,2020-10,2025-11,2026-05,,687.97,1426.0,716.94,60.73,Ongoing,2024-10
OCMS-N18000292,,N18000292,ANTA SOLAR 90 MW,NTPC,,COAL,,2021-01,2021-01,2022-03,2022-03,,382.22,382.22,497.17,100.0,Ongoing,2024-10
OCMS-N18000293,,N18000293,BHENSARA 320 MW,NTPC,,COAL,,2021-01,2021-01,2022-07,2025-03,,1221.73,1221.73,973.44,0.0,Ongoing,2024-10
OCMS-N18000294,,N18000294,CHHATTARGARH 150 MW,NTPC,,COAL,,2021-02,2021-02,2022-07,2024-03,,599.99,599.99,599.99,100.0,Ongoing,2024-10
OCMS-N18000295,,N18000295,GUJARAT 200 MW (GUVNL TENDER),NTPC,,ROAD TRANSPORT AND HIGHWAYS,,2021-01,2021-01,2022-07,2025-03,,842.27,842.27,668.86,30.0,Ongoing,2024-10
OCMS-N18000296,,N18000296,"150 MW SOLAR PV PROJECT IN GUJARAT (LIMBDI, MESANKA AND RADHANPUR)",NTPC,,ROAD TRANSPORT AND HIGHWAYS,,2021-05,2021-05,2022-09,2025-01,,674.92,674.92,540.9,91.0,Ongoing,2024-10
OCMS-N18000297,,N18000297,Bagodara Solar Power Project,SJVN,,ROAD TRANSPORT AND HIGHWAYS,,2021-05,2021-05,2022-10,2025-03,,339.35,339.35,335.65,51.0,Ongoing,2024-10
OCMS-N18000306,,N18000306,TRANSMISSION SYSTEM STRENGTHENING SCHEME FOR EVACUATION OF POWER FROM SOLAR ENERGY ZONES IN RAJASTHA,PGCIL,,COAL,,2021-06,2021-06,2022-12,2024-12,,1562.0,1562.0,1240.25,98.0,Ongoing,2024-10
OCMS-N18000307,,N18000307,TRANSMISSION SYSTEM STRENGTHENING SCHEME FOR EVACUATION OF POWER FROM SOLAR ENERGY ZONES IN RAJASTHA,PGCIL,,COAL,,2021-06,2021-06,2022-12,2024-10,,1006.0,1006.0,884.11,100.0,Ongoing,2024-10
OCMS-N18000316,,N18000316,NORTH EASTERN REGION STRENGTHENING SCHEME-XII,PGCIL,,PETROLEUM,,2021-05,2021-05,2023-03,2024-08,,576.42,576.42,419.96,100.0,Ongoing,2024-10
OCMS-N18000319,,N18000319,DAYAPAR WIND ENERGY PROJECT 150MW,NTPC,,ROAD TRANSPORT AND HIGHWAYS,,2021-11,2021-11,2023-05,2024-12,,937.8,937.8,773.34,98.0,Ongoing,2024-10
OCMS-N18000320,,N18000320,NOKH PLOT-1 SOLAR PV PROJECT 245MW,NTPC,,COAL,,2022-03,2022-03,2023-08,2025-03,,1352.71,1352.71,849.99,45.0,Ongoing,2024-10
OCMS-N18000321,,N18000321,NOKH PLOT-2 SOLAR PV PROJECT 245MW,NTPC,,COAL,,2022-03,2022-03,2023-08,2025-03,,1409.52,1409.52,1295.38,95.0,Ongoing,2024-10
OCMS-N18000322,,N18000322,NOKH PLOT-3 SOLAR PV PROJECT 245MW,NTPC,,COAL,,2022-03,2022-03,2023-08,2025-03,,1426.94,1426.94,953.0,80.0,Ongoing,2024-10
OCMS-N18000323,,N18000323,KALPI SOLAR POWER PROJECT,NHPC,,POWER,,2020-07,2020-07,2022-03,2024-03,,314.64,350.46,325.57,92.0,Ongoing,2024-10
OCMS-N18000324,,N18000324,RATLE HE PROJECT,NHPC,,POWER,,2021-02,2021-02,2026-02,2026-12,,5281.94,5281.94,811.57,16.5,Ongoing,2024-10
OCMS-N18000325,,N18000325,TEESTA VI HE PROJECT,NHPC,,POWER,,2019-03,2019-03,2024-03,2027-12,,5748.04,5748.04,3807.48,63.56,Ongoing,2024-10
OCMS-N18000326,,N18000326,RANGIT IV HE PROJECT,NHPC,,POWER,,2021-03,2021-03,2024-05,2025-05,,938.29,1871.23,1247.61,80.24,Ongoing,2024-10
OCMS-N18000328,,N18000328,TS FOR EVACUATION OF POWER FROM PAKALDUL HEP IN CHENAB VALLEY HEPS - LTA SYSTEM,PGCIL,,PETROLEUM,,2022-02,2022-02,2025-04,2025-04,,318.12,318.12,143.75,85.0,Ongoing,2024-10
OCMS-N18000330,,N18000330,TRANSMISSION SYSTEM STRENGTHENING FOR SRINAGAR- LEH TRANSMISSION SYSTEM,PGCIL,,PETROLEUM,,2022-03,2022-03,2024-12,2025-09,,288.71,288.71,128.79,44.0,Ongoing,2024-10
OCMS-N18000331,,N18000331,TRANSMISSION SYSTEM STRENGTHENING SCHEME FOR EVACUATION OF POWER FROM SOLAR ENERGY ZONES IN RAJASTHA,PGCIL,,PETROLEUM,,2022-02,2022-02,2023-09,2024-12,,359.47,359.47,225.97,66.0,Ongoing,2024-10
OCMS-N18000332,,N18000332,TRANSMISSION SYSTEM STRENGTHENING SCHEME FOR EVACUATION OF POWER FROM SOLAR ENERGY ZONES IN RAJASTHA,PGCIL,,PETROLEUM,,2022-05,2022-05,2023-11,2024-12,,1666.0,1666.0,1339.62,81.0,Ongoing,2024-10
OCMS-N18000335,,N18000335,BIKANER SOLAR POWER PROJECT,SJVN,,POWER,,2022-04,2022-04,2024-05,2025-07,,5491.89,5491.89,2701.37,62.0,Ongoing,2024-10
OCMS-N18000337,,N18000337,TRANSMISSION NETWORK EXPANSION IN GUJARAT TO INCREASE ATC FROM ISTS: PART B,PGCIL,,PETROLEUM,,2022-07,2022-07,2023-06,2024-12,,4546.26,4546.26,2255.35,70.0,Ongoing,2024-10
OCMS-N18000338,,N18000338,TRANSMISSION NETWORK EXPANSION IN GUJARAT TO INCREASE ATC FROM ISTS: PART C,PGCIL,,PETROLEUM,,2022-07,2022-07,2025-03,2025-03,,186.19,186.19,66.53,68.0,Ongoing,2024-10
OCMS-N18000342,,N18000342,OMKARESHWAR FLOATING SOLAR POWER PROJECT (90 MW),SJVN,,POWER,,,,2024-04,2024-04,,646.17,646.17,600.77,100.0,Completed,2024-10
OCMS-N18000343,,N18000343,SYSTEM STRENGTHENING SCHEME FOR EASTERN AND NORTH EASTERN REGION,PGCIL,,PETROLEUM,,2022-10,2022-10,2025-10,2025-10,,307.87,307.87,88.31,52.0,Ongoing,2024-10
OCMS-N18000344,,N18000344,SUNNI DAM HYDRO ELECTRIC PROJECT,SJVN,,POWER,,2023-01,2023-01,2028-04,2028-04,,2614.51,2614.51,803.18,26.0,Ongoing,2024-10
OCMS-N18000345,,N18000345,DAYAPAR WIND ENERGY PROJECT 200MW,NTPC,,ROAD TRANSPORT AND HIGHWAYS,,2022-07,2022-07,2025-03,2026-01,,1316.02,1316.02,267.77,23.0,Ongoing,2024-10
OCMS-N18000346,,N18000346,KHAWDA 1255MW SOLAR PROJECT,KHAWDA SOLAR PARK,,ROAD TRANSPORT AND HIGHWAYS,,2022-09,2022-09,2024-09,2026-01,,7179.54,7179.54,2137.13,61.0,Ongoing,2024-10
OCMS-N18000347,,N18000347,BHADLA-II 500MW SOLAR PV PROJECT,NTPC,,COAL,,2022-06,2022-06,2024-03,2024-12,,2598.92,2598.92,1304.43,12.0,Ongoing,2024-10
OCMS-N18000348,,N18000348,SHAJAPUR 325MW SOLAR PV PROJECT,NTPC,,PETROLEUM,,2022-06,2022-06,2024-03,2025-03,,1530.49,1530.49,1129.94,70.0,Ongoing,2024-10
OCMS-N18000349,,N18000349,BHUJ SOLAR 300MW (TRANCHE-IV WIND SOLAR HYBRID),NTPC,,ROAD TRANSPORT AND HIGHWAYS,,2022-11,2022-11,2024-03,2025-03,,1442.6,1442.6,711.35,2.0,Ongoing,2024-10
OCMS-N18000350,,N18000350,WESTERN REGION EXPANSION SCHEME XXV,PGCIL,,PETROLEUM,,2023-02,2023-02,2023-11,2025-01,,385.84,385.84,171.71,62.0,Ongoing,2024-10
OCMS-N18000351,,N18000351,EASTERN REGION EXPANSION SCHEME XXIX,PGCIL,,POWER,,2023-03,2023-03,2025-11,2025-11,,524.04,524.04,312.97,58.0,Ongoing,2024-10
OCMS-N18000352,,N18000352,TRANSMISSION SYSTEM FOR KURNOOL WIND ENERGY ZONE SOLAR ENERGY ZONE (AP) PART-A PART B,PGCIL,,PETROLEUM,,2023-03,2023-03,2024-11,2025-03,,3546.94,3546.94,1465.14,57.0,Ongoing,2024-10
OCMS-N18000353,,N18000353,ER WR TRANSMISSION LIMITED,PGCIL,,PETROLEUM,,2023-03,2023-03,2025-03,2025-03,,281.16,281.16,35.14,31.0,Ongoing,2024-10
OCMS-N18000354,,N18000354,TRANSMISSION SYSTEM ASSOCIATED WITH WESTERN REGION EXPANSION SCHEME XXVII,PGCIL,,PETROLEUM,,2023-03,2023-03,2024-09,2024-12,,271.69,271.69,277.04,57.0,Ongoing,2024-10
OCMS-N18000355,,N18000355,TRANSMISSION SYSTEM ASSOCIATED WITH WESTERN REGION EXPANSION SCHEME- XXVIII AND XXIX,PGCIL,,PETROLEUM,,2023-03,2023-03,2025-03,2025-03,,260.3,260.3,117.79,84.0,Ongoing,2024-10
OCMS-N18000356,,N18000356,TRANSMISSION SYSTEM SCHEME FOR EVACUATION OF POWER FROM REZ RAJASTHAN (8.1 GW) UNDER PHASE-II PART,PGCIL,,COAL,,2023-03,2023-03,2024-09,2024-12,,1433.28,1433.28,605.47,44.0,Ongoing,2024-10
OCMS-N18000357,,N18000357,ESTABLISHMENT OF KHAVDA POOLING STATION 3 (KPS3) IN KHAVDA RE PARK,PGCIL,,ROAD TRANSPORT AND HIGHWAYS,,2023-03,2023-03,2024-12,2025-02,,922.3,922.3,327.67,43.0,Ongoing,2024-10
OCMS-N18000358,,N18000358,TRANSMISSION NETWORK EXPANSION IN GUJARAT ASSOCIATED WITH INTEGRATION OF RE PROJECTS FROM KHAVDA POT,PGCIL,,ROAD TRANSPORT AND HIGHWAYS,,2023-03,2023-03,2025-03,2025-03,,815.12,815.12,7.99,35.0,Ongoing,2024-10
OCMS-N18000359,,N18000359,"KHAVDA-2, GUJARAT- ESTABLISHMENT OF KHAVDA POOLING STATION-2 (KPS2) IN KHAVDA RE PARK",PGCIL,,ROAD TRANSPORT AND HIGHWAYS,,2023-03,2023-03,2024-12,2025-02,,966.79,966.79,159.22,48.0,Ongoing,2024-10
OCMS-N18000360,,N18000360,"KHAVDA PHASE-II-PART B, GUJARAT- TRANSMISSION SCHEME FOR EVACUATION OF 4.5 GW RE INJECTION AT KHAVDA",PGCIL,,ROAD TRANSPORT AND HIGHWAYS,,2023-03,2023-03,2025-03,2025-03,,1167.55,1167.55,521.14,26.0,Ongoing,2024-10
OCMS-N18000361,,N18000361,"KHAVDA PHASE-II-PART C, GUJARAT- TRANSMISSION SCHEME FOR EVACUATION OF 4.5 GW RE INJECTION AT KHAVDA",PGCIL,,ROAD TRANSPORT AND HIGHWAYS,,2023-03,2023-03,2025-03,2025-03,,2820.99,2820.99,1858.46,22.0,Ongoing,2024-10
OCMS-N18000362,,N18000362,DIBANG MULTIPURPOSE PROJECT 2880 MW ARUNACHAL PRADESH,NHPC,,POWER,,2023-02,2023-02,2032-02,2032-02,,31876.39,31876.39,2628.95,12.95,Ongoing,2024-10
OCMS-N18000363,,N18000363,KWAR HE PROJECT,CVPPPL,,POWER,,2022-05,2022-05,2026-11,2027-12,,4526.12,4526.12,768.93,12.13,Ongoing,2024-10
OCMS-N18000364,,N18000364,TALCHER THERMAL POWER PROJECT STAGE III(2X660 MW),NTPC,,POWER,,2022-08,2022-08,2027-05,2027-05,,11844.0,11844.0,1405.09,8.0,Ongoing,2024-10
OCMS-N18000365,,N18000365,KHAVDA 1200MW (4X300MW) IN KHAVDA RE PARK,NTPC,,ROAD TRANSPORT AND HIGHWAYS,,2023-06,2023-06,2024-12,2026-01,,6283.81,6283.81,967.79,15.0,Ongoing,2024-10
OCMS-N18000366,,N18000366,DAYAPAR WIND- III (HYBRID TRANCHE-V),NTPC,,ROAD TRANSPORT AND HIGHWAYS,,2023-05,2023-05,2025-01,2025-05,,1095.01,1095.01,297.33,0.0,Ongoing,2024-10
OCMS-N18000367,,N18000367,BADAM COAL MINING PROJECT,NTPC,,POWER,,2019-02,2019-02,2024-10,2024-10,,501.79,501.79,40.35,0.0,Ongoing,2024-10
OCMS-N18000368,,N18000368,300 MW SOLAR POWER PROJECT UNDER CPSU SCHEME,NHPC,,COAL,,2022-05,2022-05,2023-11,2025-03,,1677.12,1677.12,729.12,64.0,Ongoing,2024-10
OCMS-N18000370,,N18000370,KERANDARI COAL MINING PROJECT,NTPC,,POWER,,2015-09,2015-09,2019-11,2019-11,,1553.0,2804.0,0.0,0.0,Ongoing,2024-10
OCMS-N18000372,,N18000372,TRANSMISSION SYSTEM FOR EVACUATION OF POWER FROM RAJASTHAN REZ PHASE-IV PART-I (BIKANER COMPLEX) PAR,PGCIL,,COAL,,2023-06,2023-06,2025-01,2024-12,,202.39,202.39,20.04,70.0,Ongoing,2024-10
OCMS-N18000373,,N18000373,"TS FOR EVACUATION OF POWER FROM REZ IN RAJASTHAN (20GW) UNDER PHASE-III, PART E1",PGCIL,,COAL,,2023-08,2023-08,2025-02,2025-02,,688.74,688.74,121.1,23.0,Ongoing,2024-10
OCMS-N18000374,,N18000374,TS FOR EVACUATION POWER FROM REZ IN RAJASTHAN (20GW) UNDER PHASE-III PART H,PGCIL,,COAL,,2023-10,2023-10,2025-04,2025-04,,2211.0,2211.0,230.63,17.0,Ongoing,2024-10
OCMS-N18000375,,N18000375,TS FOR EVACUATION POWER FROM REZ IN RAJASTHAN (20GW) UNDER PHASE-III PART C1,PGCIL,,COAL,,2023-10,2023-10,2025-04,2025-04,,1796.0,1796.0,405.48,18.0,Ongoing,2024-10
OCMS-N18000376,,N18000376,TS FOR EVACUATION POWER FROM REZ IN RAJASTHAN (20GW) UNDER PHASE-III PART B1,PGCIL,,COAL,,2023-09,2023-09,2025-04,2025-04,,2191.0,2191.0,457.26,22.0,Ongoing,2024-10
OCMS-N18000377,,N18000377,TS FOR EVACUATION OF 7GW RE INJECTION AT KHAVDA PS UNDER PHASE-IV PART E4,PGCIL,,POWER,,2023-11,2023-11,2025-07,2025-07,,224.0,224.0,0.0,0.0,Ongoing,2024-10
OCMS-N18000378,,N18000378,TS FOR EVACUATION POWER FROM REZ IN RAJASTHAN (20GW) UNDER PHASE-III PART J,PGCIL,,COAL,,2022-12,2022-12,2025-03,2025-08,,331.0,331.0,7.66,26.0,Ongoing,2024-10
OCMS-N18000379,,N18000379,TS FOR EVACUATION POWER FROM REZ IN RAJASTHAN (20GW) UNDER PHASE-III PART E2,PGCIL,,COAL,,2023-11,2023-11,2025-06,2025-06,,428.0,428.0,0.0,2.0,Ongoing,2024-10
OCMS-N18000380,,N18000380,TRANSMISSION SCHEME FOR SOLAR ENERGY ZONE IN ANANTHPURAM (2500MW) AND KURNOOL (1000MW),PGCIL,,POWER,,2023-09,2023-09,2025-03,2025-09,,1249.0,1249.0,117.81,24.0,Ongoing,2024-10
OCMS-N18000381,,N18000381,"LARA SUPER THERMAL POWER PROJECT, STAGE-II (2X800 MW)",BHEL,,PETROLEUM,,2023-08,2023-08,2028-06,2028-06,,15530.0,15530.0,709.38,0.0,Ongoing,2024-10
OCMS-N18000382,,N18000382,"SINGRAULI SUPER THERMAL POWER PROJECT, STAGE-III (2X800 MW)",BHEL,,POWER,,2024-03,2024-03,2030-02,2030-02,,17195.31,17195.31,531.0,0.0,Ongoing,2024-10
OCMS-N18000383,,N18000383,TS FOR EVACUATION OF POWER FROM POTENTIAL RE ZONE IN KHAVDA AREA OF GUJARAT UNDER PH-IV PART E3,PGCIL,,ROAD TRANSPORT AND HIGHWAYS,,2023-07,2023-07,2025-07,2025-07,,334.0,334.0,0.0,0.0,Ongoing,2024-10
OCMS-N18000384,,N18000384,TS FOR EVACUATION OF ADDITIONAL 7GW RE POWER FROM KHAVDA RE PARK UNDER PHASE-III PART B [VATAMAN TRA,PGCIL,,ROAD TRANSPORT AND HIGHWAYS,,2023-12,2023-12,2025-12,2025-12,,3752.0,3752.0,241.02,1.5,Ongoing,2024-10
OCMS-N18000385,,N18000385,TS FOR INTRGRATION OF RE ZONE (PHASE II) IN KOPPAL II (PHASE A and B) AND GADAG II (PHASE A) IN KARN,PGCIL,,POWER,,2023-12,2023-12,2025-12,2025-12,,2889.0,2889.0,5.0,2.5,Ongoing,2024-10
OCMS-N18000386,,N18000386,TS FOR EVACUATION OF POWER FROM RAJASTHAN REZ PH-IV (PART-1) [BIKANER COMPLEX] PART A [BIKANER III N,PGCIL,,COAL,,2023-12,2023-12,2025-12,2025-12,,2998.0,2998.0,126.98,4.0,Ongoing,2024-10
OCMS-N18000387,,N18000387,TS FOR EVACUATION OF POWER FROM RAJASTHAN REZ PH-IV (PART-1) [BIKANER COMPLEX] PART D [NEEMRANA II B,PGCIL,,COAL,,2023-12,2023-12,2025-12,2025-12,,2056.0,2056.0,180.0,10.0,Ongoing,2024-10
OCMS-N18000388,,N18000388,"TS FOR SOLAR ENERGY ZONE IN BIDAR (2500MW), KARNATAKA [BIDAR TRANSMISSION LTD]",PGCIL,,POWER,,2024-02,2024-02,2026-02,2026-02,,2148.0,2148.0,0.0,6.0,Ongoing,2024-10
OCMS-N18000389,,N18000389,TS FOR EVACUATION OF POWER FROM REZ IN RAJASTHAN (20GW) UNDER PH-III PART D [SIKAR KHETRI TRANSMISSI,PGCIL,,COAL,,2024-02,2024-02,2025-08,2025-08,,2000.0,2000.0,0.0,8.0,Ongoing,2024-10
OCMS-N18000390,,N18000390,TS FOR EVACUATION OF POWER FROM 7GW REZ IN KHAVDA AREA UNDER PHASE-IV PART E2,PGCIL,,ROAD TRANSPORT AND HIGHWAYS,,2024-05,2024-05,2026-05,2026-05,,679.0,679.0,0.0,0.0,Ongoing,2024-10
OCMS-N18000391,,N18000391,TS FOR EVACUATION POWER FROM RAJASTHAN REZ PH-IV (PART-2:5.5GW) PART-B,JAISALMER/BARMER COMPLEX,,COAL,,2024-08,2024-08,2026-08,2026-08,,3279.0,3279.0,0.0,0.0,Ongoing,2024-10
OCMS-N18000392,,N18000392,TS FOR EVACUATION POWER RAJASTHAN REZ PH-IV (PART- 2:5.5GW) (JAISALMER/BARMER COMPLEX): PART-C,PGCIL,,PETROLEUM,,2024-08,2024-08,2026-08,2026-08,,2708.0,2708.0,0.0,0.0,Ongoing,2024-10
OCMS-N18000393,,N18000393,TS FOR EVACUATION POWER FROM RAJASTHAN REZ PH-IV,PART-2:5.5GW,,COAL,,2024-08,2024-08,2026-08,2026-08,,2227.0,2227.0,0.0,0.0,Ongoing,2024-10
OCMS-N18000394,,N18000394,TS FOR EVACUATION POWER FROM RAJASTHAN REZ PH-IV,PART-2:5.5GW,,COAL,,2024-08,2024-08,2026-08,2026-08,,3251.0,3251.0,0.0,0.0,Ongoing,2024-10
OCMS-N18000395,,N18000395,AUGMENTATION OF 1500MVA 3RD 765/400KV TRANSFORMATION CAPACITY AT KURNOOL NEW SUBSTATION,PGCIL,,POWER,,2023-05,2023-05,2025-09,2025-09,,164.0,164.0,0.0,0.0,Ongoing,2024-10
OCMS-N21000027,,N21000027,"ALL INDIA INSTITUTE OF MEDICAL SCIENCE AT GUWAHATI, ASSAM",HITES,,HEALTH AND FAMILY WELFARE,,2017-05,2017-05,2021-05,2024-11,,875.0,860.0,769.3,99.07,Ongoing,2024-10
OCMS-N21000029,,N21000029,"CONSTRUCTION OF AIIMS AT JAMMU VIJAYPUR, SAMBA JAMMU AND KASHMIR",CPWD FOR HEALTH,,HEALTH AND FAMILY WELFARE,,2019-03,2019-03,2023-09,2024-11,,1404.0,1642.0,1446.12,99.6,Ongoing,2024-10
OCMS-N21000031,,N21000031,"COMPREHENSIVE PLANNING, DESIGNING, EXECUTION OF ALL INDIA INSTITUTE OF MEDICAL SCIENCES AT BIBINAGAR",HITES,,HEALTH AND FAMILY WELFARE,,2018-12,2018-12,2024-07,2025-03,,1110.55,1110.55,623.74,0.0,Ongoing,2024-10
OCMS-N21000032,,N21000032,"ALL INDIA INSTITUTE OF MEDICAL SCIENCES AT MANETHI, HARYANA.",HITES,,HEALTH AND FAMILY WELFARE,,2019-03,2019-03,2023-03,2026-03,,1294.34,1294.34,118.14,4.01,Ongoing,2024-10
OCMS-N21000033,,N21000033,500 BEDDED HOSPITAL INCLUDING 50 SUPERSPECIALITY BEDS FOR ESIC AT PUNE,CPWD,,HEALTH AND FAMILY WELFARE,,2022-07,2022-07,2025-09,2025-09,,429.25,429.25,27.16,0.0,Ongoing,2024-10
OCMS-N22000028,,N22000028,"EXTENSION OF MRTS FROM VELACHERY TO STN. THOMAS, MTP",MRTP,,RAILWAYS,,2006-04,2006-04,2013-06,2024-12,,495.74,734.01,631.34,98.0,Ongoing,2024-10
OCMS-N22000032,,N22000032,MANOHARABAD-KOTHPALL NEW LINE(SCR),SCR,,RAILWAYS,,2006-04,2006-04,2010-03,2025-03,,1160.48,3014.0,1344.94,0.0,Ongoing,2024-10
OCMS-N22000079,,N22000079,MAYLADUTHURAI-THIRUVARUR-KARAIKUDI-THIRU 'PONDI'-AGASTIYAMPALLI,SR,,POWER,,,,2019-02,2019-02,,724.69,724.69,1931.12,100.0,Completed,2024-10
OCMS-N22000085,,N22000085,TIDIVANAM-NAGARI (NL),SR,,RAILWAYS,,2006-09,2006-09,,2027-03,,582.83,3631.34,779.31,10.0,Ongoing,2024-10
OCMS-N22000087,,N22000087,"NEW B.G. LINE FROM ARARIA TO GALGALIA (THAKURGUNG), NEFR",NFR,,POWER,,2006-09,2006-09,2019-03,2025-06,,532.87,4415.08,2913.58,81.0,Ongoing,2024-10
OCMS-N22000092,,N22000092,MUMBAI URBAN TRANSPORT PROJECT PHASE-II,MRTP,,POWER,,2008-04,2008-04,2014-03,2014-03,,5300.0,918.53,7135.77,21.0,Ongoing,2024-10
OCMS-N22000100,,N22000100,"BHAIRABI SAIRONG, NL, NEFR",NFR,,RAILWAYS,,2008-04,2008-04,2014-03,2025-07,,2393.47,8213.72,7562.76,93.0,Ongoing,2024-10
OCMS-N22000102,,N22000102,"SEVOK RANGPO, NEFR",NFR,,RAILWAYS,,2008-04,2008-04,2015-12,2023-12,,1339.48,7876.92,3290.96,39.8,Ongoing,2024-10
OCMS-N22000108,,N22000108,NEW WORK FOR CONSTRUCTION OF METRO RAILWAY FROM NOAPARA-BARASAI VIA BIMANBANDER (MTP),KOMRCL,,POWER,,2010-04,2010-04,2016-03,2016-03,,2397.72,2397.72,197.2,17.0,Ongoing,2024-10
OCMS-N22000109,,N22000109,NEW WORK FOR CONSTRUCTION OF METRO RAILWAY FROM BARANAGAR TO BARRACKPORE AND DAKSHINESHWAR (MTP),RVNL,,POWER,,2010-04,2010-04,2014-03,2025-12,,2298.42,2733.86,392.98,0.0,Ongoing,2024-10
OCMS-N22000110,,N22000110,NEW WORK FOR CONSTRUCTION OF METRO RAILWAY FROM NSCB AIRPORT TO NEW GARIA VIA RAJARHAT (MTP),RVNL,,POWER,,2010-04,2010-04,2016-03,2026-03,,3951.98,8964.35,7387.4,0.0,Ongoing,2024-10
OCMS-N22000111,,N22000111,NEW WORK FOR CONSTRUCTION OF METRO RAILWAY FROM JOKA TO BINOY BADAL DINESH BAGH.,RVNL,,POWER,,2010-04,2010-04,2016-03,2026-12,,2913.51,4834.54,3918.86,0.0,Ongoing,2024-10
OCMS-N22000120,,N22000120,RATLAM-MHOW-KHANDWA-AKOLA,GC,,RAILWAYS,,2008-04,2008-04,2022-03,2027-02,,3503.69,6203.51,3937.49,80.0,Ongoing,2024-10
OCMS-N22000123,,N22000123,BHUJ-NALIYA(GC) WITH EXTENSION FROM NALIYA TO VAYOR (WR),WR,,POWER,,,,2012-03,2012-03,,318.24,318.24,1317.64,100.0,Completed,2024-10
OCMS-N22000124,,N22000124,NEW LINE FROM DIMAPUR TO ZUBZA(KOHIMA) NATIONAL PROJECT,NEFR,,RAILWAYS,,2006-04,2006-04,2015-03,2029-12,,2326.52,6663.2,3846.75,60.0,Ongoing,2024-10
OCMS-N22000134,,N22000134,CHHAPRA-BALLIA UP,NER,,PETROLEUM,,2013-03,2013-03,2019-01,2025-02,,295.0,995.82,987.32,95.0,Ongoing,2024-10
OCMS-N22000138,,N22000138,CHOTTAUDEPUR-DHAR(NL),WR,,PETROLEUM,,2007-04,2007-04,2022-03,2027-12,,1347.26,1793.63,1485.12,58.0,Ongoing,2024-10
OCMS-N22000139,,N22000139,"DAHOD-INDORE VIA SARDARPUR, JHABUA AND DHAR (NL)",WR,,PETROLEUM,,2007-04,2007-04,2022-03,2027-02,,1640.04,2873.11,2145.2,58.0,Ongoing,2024-10
OCMS-N22000142,,N22000142,MIYAGAM-KARJAN-DABHOI- SAMLAYA (GC),WR,,ROAD TRANSPORT AND HIGHWAYS,,2011-04,2011-04,,2025-10,,844.1,844.1,574.54,41.0,Ongoing,2024-10
OCMS-N22000148,,N22000148,GWALIOR-SEOPURKALA WITH EXTENSION TO KOTA (GC),NCR,,PETROLEUM,,2011-04,2011-04,2022-03,2024-12,,2912.96,3845.6,1024.32,0.0,Ongoing,2024-10
OCMS-N22000158,,N22000158,DHOLPUR-SIRMUTTRA WITH EXTENSION TO GANGAPURCITY AND MOHARI-TANTPUR AND TANPUR-BANSI PAHARPUR,NCR,,PETROLEUM,,2010-04,2010-04,,2026-12,,2030.5,746.83,81.25,19.0,Ongoing,2024-10
OCMS-N22000171,,N22000171,SAKRI-HASANPUR ROAD (NL),ECR,,POWER,,1999-04,1999-04,,2027-03,,325.0,735.2,579.54,78.0,Ongoing,2024-10
OCMS-N22000177,,N22000177,ARARIA-SUPAUL (NL),ECR,,POWER,,2008-04,2008-04,,2025-01,,1605.17,1605.17,1390.28,26.0,Ongoing,2024-10
OCMS-N22000180,,N22000180,SAKRI-NIRMALI AND JHANJHARPUR- LAUKAHABAZAR AND SAHARSA-FORBESGANJ (GC),ECR,,POWER,,,,,,,372.14,372.14,2538.48,100.0,Completed,2024-10
OCMS-N22000181,,N22000181,JAYNAGAR-BIJALPURA INCLUDING EXTENSION BIJALPURA- BARDIBAS(NEPAL) GC,ECR,,POWER,,2009-04,2009-04,2020-03,2026-03,,548.0,783.83,544.31,78.0,Ongoing,2024-10
OCMS-N22000183,,N22000183,NEW BONGAIGAON-RANGIA- KAMAKGHYA DOUBLING,NFR,,PETROLEUM,,2013-04,2013-04,2019-03,2024-10,,1798.0,2832.35,3188.0,99.0,Ongoing,2024-10
OCMS-N22000195,,N22000195,AGARTALA-AKHAURA NL,NFR,,POWER,,,,2020-03,2020-03,,569.63,569.63,380.92,100.0,Completed,2024-10
OCMS-N22000206,,N22000206,NEW BG LINE FROM BALURGHAT TO HILLY NFR,NFR,,PETROLEUM,,2010-04,2010-04,2020-03,2027-03,,242.22,1195.95,389.33,5.0,Ongoing,2024-10
OCMS-N22000207,,N22000207,NEW BG LINE FROM JAGBANI TO BIRATNAGAR,NFR,,PETROLEUM,,2010-04,2010-04,,2023-03,,241.52,401.65,343.3,85.42,Ongoing,2024-10
OCMS-N22000208,,N22000208,MURKONGSELEK-PASIGHAT NL,NFR,,PETROLEUM,,2011-04,2011-04,2020-03,2025-05,,414.84,1265.16,608.04,35.0,Ongoing,2024-10
OCMS-N22000219,,N22000219,PIRPAINTI-JASIDIH,ER,,PETROLEUM,,2013-04,2013-04,2022-03,2028-03,,915.98,2610.84,809.34,45.0,Ongoing,2024-10
OCMS-N22000231,,N22000231,WARDHA-NANDED MAHARASHTRA,CR,,POWER,,2008-04,2008-04,2023-03,2026-12,,3168.29,3445.48,2797.79,47.0,Ongoing,2024-10
OCMS-N22000233,,N22000233,KALYAN-KASARA 3RD LINE,CR,,POWER,,2011-04,2011-04,2021-03,2025-12,,792.89,1432.61,796.09,50.0,Ongoing,2024-10
OCMS-N22000250,,N22000250,WARDHA-SEWAGRAM NGP 3RD LINE,CR,,POWER,,2012-04,2012-04,2022-03,2025-05,,540.02,540.02,655.76,72.0,Ongoing,2024-10
OCMS-N22000256,,N22000256,TUMKUR-CHITRADURGA- DAVENGERE NL,SWR,,POWER,,2011-04,2011-04,,2027-12,,1801.01,1801.01,479.33,12.0,Ongoing,2024-10
OCMS-N22000258,,N22000258,BAGALKOT-KUDACHI NL,SWR,,POWER,,2010-04,2010-04,2016-03,2026-12,,986.3,1378.0,553.26,34.0,Ongoing,2024-10
OCMS-N22000261,,N22000261,KAZIPET-VIJAYAWADA 3RD LINE WITH ELECTRIFICATION,SCR,,PETROLEUM,,2012-04,2012-04,2023-03,2025-03,,1856.95,1952.68,1413.19,0.0,Ongoing,2024-10
OCMS-N22000273,,N22000273,BHANUPALI-BILASPUR BERI NL,RVNL,,RAILWAYS,,2008-04,2008-04,2026-12,2025-03,,2966.99,6753.42,5369.57,0.0,Ongoing,2024-10
OCMS-N22000274,,N22000274,DEOBAND (MUZAFFARNAGAR)- ROORKEE NL,NR,,PETROLEUM,,2007-04,2007-04,,2024-02,,336.91,791.39,572.99,40.0,Ongoing,2024-10
OCMS-N22000279,,N22000279,RAYADURGA-TUMKUR NL,SWR,,PETROLEUM,,2007-04,2007-04,,2027-02,,2062.3,2495.59,1413.42,60.0,Ongoing,2024-10
OCMS-N22000281,,N22000281,ANAND VIHAR-TILAK BRIDGE 3RD AND 4TH LINE,NR,,RAILWAYS,,2012-04,2012-04,,2023-09,,295.68,419.0,133.78,30.0,Ongoing,2024-10
OCMS-N22000286,,N22000286,NADIKUDE-SRI KALAHASTI,SCR,,POWER,,2011-04,2011-04,2021-03,2027-05,,2288.7,3122.35,1730.9,0.0,Ongoing,2024-10
OCMS-N22000297,,N22000297,HOSPET-HUBLI-LONDA- VASCODAGAMA DL,RVNL,,POWER,,2010-04,2010-04,2023-03,2026-12,,2127.0,3692.6,3505.49,0.0,Ongoing,2024-10
OCMS-N22000299,,N22000299,GADAG-WADI NL,SWR,,POWER,,2013-04,2013-04,2018-12,2027-12,,2841.84,2841.84,1203.98,28.0,Ongoing,2024-10
OCMS-N22000308,,N22000308,MARIKUPPAM - KUPPAM,SWR,,POWER,,2012-04,2012-04,2016-03,2026-12,,279.54,296.72,99.49,14.0,Ongoing,2024-10
OCMS-N22000316,,N22000316,BHADRAK - NERGUNDI 3RD LINE,ECOR,,POWER,,2013-03,2013-03,2020-10,2025-10,,843.04,1284.39,1138.09,75.0,Ongoing,2024-10
OCMS-N22000318,,N22000318,KIRANDUL - JAGDALPUR DOUBLING,ECOR,,PETROLEUM,,2012-12,2012-12,2020-03,2024-03,,1160.0,1440.0,1449.46,88.5,Ongoing,2024-10
OCMS-N22000326,,N22000326,PHULERA - DIGANA DOUBLING,NWR,,POWER,,,,2020-03,2020-03,,600.0,600.0,765.54,100.0,Completed,2024-10
OCMS-N22000329,,N22000329,SAMASTIPUR-DARBANGHA,ECR,,POWER,,2015-05,2015-05,,2025-03,,380.0,519.33,550.2,62.0,Ongoing,2024-10
OCMS-N22000333,,N22000333,HOTGI-KUDGI-GADAG,SWR,,PETROLEUM,,2015-03,2015-03,2019-03,2025-06,,1614.59,2458.87,2408.17,89.0,Ongoing,2024-10
OCMS-N22000349,,N22000349,KIUL - GAYA DOUBLING PROJECT,ECR,,POWER,,2015-12,2015-12,2020-03,2024-11,,1200.2,1771.07,1758.88,96.0,Ongoing,2024-10
OCMS-N22000350,,N22000350,RAMPUR DUMRA - TAL - RAJENDRAPUL DOUBLING INCLUDING GANGA BRIDGE,ECR,,POWER,,2015-12,2015-12,2020-03,2025-05,,1491.47,1600.0,1647.46,77.0,Ongoing,2024-10
OCMS-N22000351,,N22000351,KATNI - SINGRAULI DOUBLING PROJECT,WCR,,RAILWAYS,,2015-12,2015-12,2020-03,2024-10,,1763.93,2445.3,2857.25,100.0,Ongoing,2024-10
OCMS-N22000356,,N22000356,WARDHA-BALHARSHAH - 3RD LINE,132 KM,,POWER,,2015-02,2015-02,2022-03,2025-08,,1272.19,1384.72,1226.29,67.0,Ongoing,2024-10
OCMS-N22000358,,N22000358,ITARSI-NAGPUR (BAL.) - 3RD LINE,267 KM,,POWER,,2015-02,2015-02,2023-03,2027-03,,2449.91,2449.91,1466.41,42.0,Ongoing,2024-10
OCMS-N22000359,,N22000359,PUNE-MIRAJ-LONDA (467 KM),CR,,POWER,,2015-02,2015-02,2024-03,2025-01,,3627.47,6463.49,4166.41,84.0,Ongoing,2024-10
OCMS-N22000360,,N22000360,DAUND - MANMAD (236 KM),CR,,POWER,,2016-02,2016-02,2023-03,2024-12,,1876.0,2081.27,2361.34,87.0,Ongoing,2024-10
OCMS-N22000361,,N22000361,MANMAD - JALGAON - 3RD LINE,160 KM,,POWER,,2016-02,2016-02,2022-03,2025-03,,1035.16,1552.24,1405.99,75.0,Ongoing,2024-10
OCMS-N22000362,,N22000362,WARDHA - NAGPUR - 4TH LINE (76 KM),CR,,POWER,,2016-02,2016-02,2023-03,2025-05,,637.95,637.95,816.61,70.0,Ongoing,2024-10
OCMS-N22000367,,N22000367,KAZIPET-BALHRSHA,SCR,,PETROLEUM,,2015-04,2015-04,2021-03,2025-01,,2063.03,2909.0,2627.09,0.0,Ongoing,2024-10
OCMS-N22000368,,N22000368,GUNTUR-GUNTAKAL,SCR,,POWER,,2016-04,2016-04,2022-03,2025-12,,3631.0,3887.48,3179.18,0.0,Ongoing,2024-10
OCMS-N22000369,,N22000369,VIJAYAWADA-GUDUR,RVNL,,POWER,,2015-04,2015-04,2023-12,2024-12,,3246.26,6238.67,5883.89,0.0,Ongoing,2024-10
OCMS-N22000376,,N22000376,JAGADALPUR-KORAPUT DOUBLING,ECOR,,POWER,,2015-04,2015-04,2022-03,2022-03,,1547.38,1547.38,1211.47,88.5,Ongoing,2024-10
OCMS-N22000377,,N22000377,KOTTAVALSA - KORAPUT DOUBLING,ECOR,,POWER,,2015-04,2015-04,2022-03,2022-03,,2499.71,2499.71,1747.39,68.0,Ongoing,2024-10
OCMS-N22000379,,N22000379,KORAPUT - SINGAPUR ROAD DOUBLING,ECOR,,POWER,,2015-04,2015-04,2022-03,2026-03,,2361.74,2361.74,1576.71,69.0,Ongoing,2024-10
OCMS-N22000380,,N22000380,JARAPADA - BUDHAPANK WITH FLY OVER AT TALCHER ROAD 3RD AND 4TH LINE,ECOR,,POWER,,2015-04,2015-04,2018-11,2026-08,,701.61,810.02,547.64,75.0,Ongoing,2024-10
OCMS-N22000381,,N22000381,BUDHAPANK - SALEGAON VIA RAJATGARH 3RD AND 4TH LINE.,ECOR,,POWER,,2015-04,2015-04,2018-12,2025-07,,1172.92,2022.75,1615.89,72.0,Ongoing,2024-10
OCMS-N22000388,,N22000388,BONGAIGAON-GOALPARA-GUWAHATI (176 KM),NFR,,RAILWAYS,,2015-04,2015-04,2022-03,2027-03,,2232.32,4983.94,3494.15,92.0,Ongoing,2024-10
OCMS-N22000396,,N22000396,BONDAMUNDA RANCHI DOUBLING,SER,,POWER,,2016-03,2016-03,2021-03,2026-06,,1724.2,3029.04,2183.61,80.0,Ongoing,2024-10
OCMS-N22000399,,N22000399,TRIVANDRUM-KANYAKUMARI DOUBLING,SR,,RAILWAYS,,2015-02,2015-02,,2026-12,,1431.9,3785.45,3097.41,40.0,Ongoing,2024-10
OCMS-N22000401,,N22000401,VARANASI-MODHOSINGH- ALLAHABAD DOUBLING,RVNL,,POWER,,2015-04,2015-04,2022-03,2024-12,,943.6,2018.23,1780.22,0.0,Ongoing,2024-10
OCMS-N22000406,,N22000406,RISHIKESH - KARNAPRAYAG NEW LINE,RVNL,,RAILWAYS,,2011-04,2011-04,2024-12,2025-03,,16216.0,24659.0,18820.04,0.0,Ongoing,2024-10
OCMS-N22000409,,N22000409,VIZIANAGARAM -SAMABALPUR 3RD LINE,RVNL,,POWER,,1991-01,1991-01,2024-12,2026-12,,2335.67,4803.16,4691.52,0.0,Ongoing,2024-10
OCMS-N22000415,,N22000415,KATNI-BINA 3RD LINE (263 KM),WCR,,POWER,,,,2022-03,2022-03,,2478.23,2478.23,1279.35,100.0,Completed,2024-10
OCMS-N22000416,,N22000416,KATNI GRADE SEPARATOR/BYE PASS,WCR,,RAILWAYS,,2016-08,2016-08,2022-03,2024-09,,582.13,1247.64,1180.23,75.0,Ongoing,2024-10
OCMS-N22000417,,N22000417,RAMNA - SINGRAULI DOUBLING,ECR,,POWER,,2015-08,2015-08,2020-03,2024-09,,2436.21,2880.4,2930.49,90.0,Ongoing,2024-10
OCMS-N22000418,,N22000418,EXECUTION OF RAIL CONNECTIVITY PROJECT FOR COAL TRANSPORTATION IN ODISHA FOR MCRL,IRCON,,POWER,,2016-04,2016-04,2020-03,2025-12,,5200.0,5200.0,0.0,17.4,Ongoing,2024-10
OCMS-N22000419,,N22000419,KARAILA ROAD - SHAKTINAGAR DOUBLING,ECR,,POWER,,2015-08,2015-08,2019-03,2024-08,,528.57,762.97,780.34,90.0,Ongoing,2024-10
OCMS-N22000420,,N22000420,RAJNANDGAON - NAGPUR - 3RD LINE (SECR),SECR,,POWER,,2016-09,2016-09,2023-03,2025-12,,1908.51,3544.25,2828.26,80.0,Ongoing,2024-10
OCMS-N22000432,,N22000432,MANMAD-PARBHANI-NANDED-SECUNDERABAD- GADWAL-DHONE- GUNTAKAL - TRAIN COLLISION AVOIDANCE SYSTEM (958 K,SCR,,POWER,,,,2022-03,2022-03,,119.73,119.73,54.15,100.0,Completed,2024-10
OCMS-N22000434,,N22000434,MUMBAI CENTRAL VIRAR VADODARA AHMEDABAAD TRAIN PROTECTION SYSTEM 500 RKM,WR,,POWER,,2010-03,2010-03,,2024-03,,265.88,311.36,0.0,0.0,Ongoing,2024-10
OCMS-N22000463,,N22000463,MUMBAI AHMEDABAD HIGH SPEED RAIL PROJECT,NHSRCL,,PETROLEUM,,2015-12,2015-12,2023-12,2027-08,,108000.0,108000.0,67486.0,47.17,Ongoing,2024-10
OCMS-N22000464,,N22000464,WESTERN DEDICATED FREIGHT CORRIDOR,DFCC,,PETROLEUM,,2007-11,2007-11,2020-03,2020-03,,16592.0,51101.0,47476.0,83.0,Ongoing,2024-10
OCMS-N22000467,,N22000467,CHANDIGARH-BADDI,NR,,PETROLEUM,,2007-04,2007-04,2023-03,2025-06,,328.14,1540.14,482.67,10.0,Ongoing,2024-10
OCMS-N22000468,,N22000468,BURHWAL - GONDA - 3RD RUNNING LINE.,NER,,POWER,,2016-04,2016-04,,2025-09,,602.5,1015.59,906.06,48.0,Ongoing,2024-10
OCMS-N22000470,,N22000470,"SHAHGANJ-BHATNI-PHEPHNA- INDARA, MAU-SHAHGANJ (EXCL. MAU-INDARA) PATCH DOUBLING.",NER,,POWER,,2016-04,2016-04,2019-12,2024-12,,1177.96,1777.39,1734.71,76.0,Ongoing,2024-10
OCMS-N22000472,,N22000472,SAGAULI VALMIKINAGAR DOUBLING 109.7 KM,ECR,,POWER,,2016-04,2016-04,2021-03,2024-12,,744.04,1215.54,1426.74,85.0,Ongoing,2024-10
OCMS-N22000473,,N22000473,MUZAFFARPUR SAGAULI DOUBLING 100.60 KM,ECR,,POWER,,2016-04,2016-04,2021-03,2024-12,,731.64,1300.0,1403.88,80.0,Ongoing,2024-10
OCMS-N22000476,,N22000476,"FATUHA-ISLAMPUR INCL. MM FOR EXTENSION OF NEW LINE FORM BIHARSHARIF-BARBIGHA, DANIYAWAN-BIHARSHARIF,",ECR,,POWER,,1991-04,1991-04,,2024-12,,329.39,2722.16,2589.76,90.0,Ongoing,2024-10
OCMS-N22000480,,N22000480,WADSA-GADHCHIROLI NEW LINE,52.36 KM,,POWER,,2018-06,2018-06,2021-12,2026-12,,229.0,1886.05,511.88,22.0,Ongoing,2024-10
OCMS-N22000484,,N22000484,JHARSUGUDA-BILASPUR 4TH LINE,SECR,,PETROLEUM,,2015-04,2015-04,2021-03,2025-08,,1973.0,2135.34,2069.5,80.0,Ongoing,2024-10
OCMS-N22000485,,N22000485,ANUPPUR-KATNI,SECR,,RAILWAYS,,2015-04,2015-04,2021-12,2024-12,,1370.0,2311.02,1660.04,74.0,Ongoing,2024-10
OCMS-N22000486,,N22000486,KADUR CHIKMAGALUR SAKLESHPUR NEW LINE (93 KM),SWR,,POWER,,1996-03,1996-03,2017-03,2025-12,,644.78,825.31,615.15,66.0,Ongoing,2024-10
OCMS-N22000489,,N22000489,KHARSIA DHARAMJAIGARH WITH SPUR LINE EAST CORRIDOR- PHASE I,IRCON,,PETROLEUM,,2013-04,2013-04,2018-09,2024-12,,3055.0,3438.39,3041.21,93.0,Ongoing,2024-10
OCMS-N22000495,,N22000495,JHANSI MANIKPUR AND KHAIRAR BHIMSEN DOUBLING,NCR,,POWER,,2018-03,2018-03,2023-03,2027-03,,4329.53,4329.53,1291.69,32.0,Ongoing,2024-10
OCMS-N22000496,,N22000496,JHANSI BINA DOUBLING,NCR,,POWER,,2016-09,2016-09,2021-03,2027-03,,2001.0,2001.0,1671.51,85.0,Ongoing,2024-10
OCMS-N22000501,,N22000501,MATHURA-JHANSI-3RD LINE (273.80 KM),RVNL,,POWER,,2016-06,2016-06,2023-12,2024-12,,3677.76,5190.26,5046.07,0.0,Ongoing,2024-10
OCMS-N22000502,,N22000502,"MANSA-BHATINDA (PHASE-I), INCL. NEW MATERIAL MODIFICATION FOR RAMA MANDI (RAMAN) - SADA SINGHWALA VI",NR,,RAILWAYS,,2009-06,2009-06,2016-08,2025-08,,404.0,404.0,190.0,60.0,Ongoing,2024-10
OCMS-N22000503,,N22000503,NIMACH BADI SADRI NEW LINE PROJECT,WR,,RAILWAYS,,2017-04,2017-04,2022-03,2026-03,,495.18,495.18,181.72,10.0,Ongoing,2024-10
OCMS-N22000504,,N22000504,ANAND GODHRA DOUBLING PROJECT 79 KMS,WR,,ROAD TRANSPORT AND HIGHWAYS,,2017-04,2017-04,2020-03,2024-12,,692.25,692.26,576.46,93.0,Ongoing,2024-10
OCMS-N22000505,,N22000505,MEHSANA PALANPUR DOUBLING PROJECT 65.10 KMS,WR,,ROAD TRANSPORT AND HIGHWAYS,,2018-04,2018-04,2024-03,2024-10,,537.31,537.31,679.54,97.0,Ongoing,2024-10
OCMS-N22000506,,N22000506,NARAYANGARH TO BHADRAK 3RD LINE (155 KM),SER,,PETROLEUM,,2019-03,2019-03,2023-05,2025-12,,1866.31,1866.31,1660.96,55.0,Ongoing,2024-10
OCMS-N22000508,,N22000508,LODHMA TO PISKA LINK LINE BY PASSING HATIA/RANCHI WITH Y CONNECTION (17.2 KM),SER,,POWER,,2018-04,2018-04,2022-06,2026-06,,428.65,472.5,272.61,2.0,Ongoing,2024-10
OCMS-N22000510,,N22000510,PURULIA TO KOTSHILA DOUBLING,39.1 KM,,POWER,,2018-04,2018-04,2022-06,2024-12,,338.0,393.83,198.67,60.0,Ongoing,2024-10
OCMS-N22000511,,N22000511,PACHORA-JAMNER WITH EXTENSION UPTO MALKAPUR NG TO BG,CR,,POWER,,2022-08,2022-08,2027-08,2029-03,,955.0,2093.82,60.57,0.0,Ongoing,2024-10
OCMS-N22000513,,N22000513,SOLAPUR-TULJAPUR-OSMANABAD,UMBRELLA WORK,,POWER,,2019-01,2019-01,2028-03,2027-10,,904.92,3295.74,1026.38,5.0,Ongoing,2024-10
OCMS-N22000514,,N22000514,DHULE (BORVIHIR)-NARDANA,UMBRELLA WORK,,POWER,,2019-01,2019-01,2026-03,2027-09,,492.76,1102.5,151.37,5.0,Ongoing,2024-10
OCMS-N22000515,,N22000515,KALYAN-MURBAD VIA ULHASNAGAR (UMBRELLA WORK),CR,,POWER,,2023-02,2023-02,2027-03,2027-03,,836.12,836.12,8.32,0.0,Ongoing,2024-10
OCMS-N22000516,,N22000516,JEYPORE MALKANGIRI NEW LINE,ECOR,,POWER,,2018-02,2018-02,2033-07,2033-07,,642.69,642.69,164.45,0.1,Ongoing,2024-10
OCMS-N22000517,,N22000517,JEYPORE NABARANGPUR NEWLINE,ECOR,,POWER,,2017-07,2017-07,2028-07,2028-07,,499.99,747.91,0.0,0.0,Ongoing,2024-10
OCMS-N22000518,,N22000518,TALCHER - ANGUL NEW LINE WITH Y CONNECTION AT TALCHER,ECOR,,POWER,,2018-07,2018-07,2026-12,2026-12,,278.96,494.62,29.5,0.0,Ongoing,2024-10
OCMS-N22000519,,N22000519,KODINGAMALI BAUXITE MINES TO SINGARAM RAILWAY STATION,ECOR,,POWER,,2022-08,2022-08,2027-08,2027-08,,190.9,190.9,10.0,0.0,Ongoing,2024-10
OCMS-N22000520,,N22000520,GANDHAMARDAN IRON ORE MINES TO GOALDIH STATION,ECOR,,POWER,,2022-09,2022-09,2027-09,2027-09,,189.93,189.93,5.14,0.0,Ongoing,2024-10
OCMS-N22000521,,N22000521,BRUNDAMAL-JHARSUGUDA- FLYOVER CONNECTION FOR JOINING DN LINE,ECOR,,POWER,,2009-12,2009-12,2026-12,2026-12,,48.44,297.0,146.95,10.0,Ongoing,2024-10
OCMS-N22000522,,N22000522,BAGHUAPAL FLY OVER (20 KM),ECOR,,POWER,,2019-08,2019-08,2027-08,2027-08,,183.0,257.97,0.25,0.0,Ongoing,2024-10
OCMS-N22000523,,N22000523,DARBHANGA - BYPASS LINE CONNECTING SHISHO HALT AND KAKARGHATI EXCL DARBHANGA YARD (7.64 KM),ECR,,POWER,,2019-06,2019-06,2025-06,2024-09,,983.62,415.0,386.22,80.0,Ongoing,2024-10
OCMS-N22000524,,N22000524,BARAUNI- BACHWARA 3RD AND 4TH LINE,ECR,,POWER,,2022-07,2022-07,2027-07,2025-06,,486.0,486.0,102.42,30.0,Ongoing,2024-10
OCMS-N22000525,,N22000525,SURFACE TRIANGLE LINE BETWEEN BHADURA STATION AND NEW CROSSING STN KARMA DOUBLING,ECR,,POWER,,2022-10,2022-10,2027-10,2027-10,,199.96,199.96,55.09,0.0,Ongoing,2024-10
OCMS-N22000526,,N22000526,JHAJHA - BATIA (UMBRELLA WORK PB#23/2018-19/NR),ECR,,POWER,,2019-02,2019-02,2028-06,2027-03,,496.47,496.47,2.53,0.0,Ongoing,2024-10
OCMS-N22000528,,N22000528,SONENAGAR BYE PASS LINE FROM CHIRALAPOTHU TO BAGHA BISHUNPUR,ECR,,POWER,,2022-10,2022-10,2027-10,2025-06,,234.0,223.69,15.22,0.0,Ongoing,2024-10
OCMS-N22000529,,N22000529,DOUBLING OF PRADHANKHUNTA JN -PATHERDIH BAZAR-BHOJUDIH,ECR,,POWER,,2022-11,2022-11,2027-11,2027-11,,202.0,349.22,9.54,0.0,Ongoing,2024-10
OCMS-N22000532,,N22000532,4TH LINE BETWEEN BAREJADI NANDEJ (GERATPUR)- SANAND (38.20 KM) (AHMEDABAD BYPASS).,WR,,ROAD TRANSPORT AND HIGHWAYS,,2023-02,2023-02,2027-03,2027-02,,961.67,961.67,39.5,2.0,Ongoing,2024-10
OCMS-N22000533,,N22000533,QUADRUPLING BETWEEN GANDHIDHAM - ADIPUR WITH Y CONNECTION AT ADIPUR FOR PROVIDING DIRECT ENTRY TOWAR,WR,,ROAD TRANSPORT AND HIGHWAYS,,2023-02,2023-02,2025-12,2025-10,,152.44,152.44,32.85,6.0,Ongoing,2024-10
OCMS-N22000535,,N22000535,RAJKOT-KANALUS (111.20 KM),WR,,ROAD TRANSPORT AND HIGHWAYS,,2021-10,2021-10,2026-10,2025-12,,1011.72,1080.58,1013.64,62.0,Ongoing,2024-10
OCMS-N22000536,,N22000536,NIMACH-RATLAM (133 KM),WR,,RAILWAYS,,2021-10,2021-10,2027-10,2025-03,,910.0,1095.88,795.26,87.0,Ongoing,2024-10
OCMS-N22000537,,N22000537,HIMMATNAGAR-KHEDBRAHMA,54.83 KM,,ROAD TRANSPORT AND HIGHWAYS,,2022-06,2022-06,2030-02,2025-02,,354.99,482.42,554.24,56.0,Ongoing,2024-10
OCMS-N22000538,,N22000538,PETLAD-BHADRAN (22.5 KM),WR,,ROAD TRANSPORT AND HIGHWAYS,,2022-05,2022-05,2030-05,2025-12,,202.5,307.12,47.3,7.0,Ongoing,2024-10
OCMS-N22000539,,N22000539,NADIAD-PETLAD (37.26 KM),WR,,ROAD TRANSPORT AND HIGHWAYS,,2022-05,2022-05,2030-06,2025-12,,335.34,461.91,58.96,7.0,Ongoing,2024-10
OCMS-N22000540,,N22000540,SAMLAYA-TIMBA ROAD (53.53 KM),WR,,ROAD TRANSPORT AND HIGHWAYS,,2023-02,2023-02,2030-03,2027-01,,401.48,670.17,72.05,9.0,Ongoing,2024-10
OCMS-N22000541,,N22000541,SAMNI-JAMBUSAR (24.08 KM),WR,,ROAD TRANSPORT AND HIGHWAYS,,2022-05,2022-05,2030-03,2026-04,,216.72,349.93,66.38,25.0,Ongoing,2024-10
OCMS-N22000542,,N22000542,BAIYYAPPANAHALLI-HOSUR (48 KM),NCRTC,,POWER,,2019-04,2019-04,2026-03,2026-03,,375.67,375.67,0.0,0.0,Ongoing,2024-10
OCMS-N22000543,,N22000543,YESHVANTHPUR-CHANNASANDRA,21.7 KM,,POWER,,2019-04,2019-04,2026-03,2026-03,,169.65,169.65,71.75,0.0,Ongoing,2024-10
OCMS-N22000544,,N22000544,MUGHALSARAI - ALLAHABAD - 3RD LINE,NCR,,POWER,,2019-08,2019-08,2026-12,2026-12,,2390.0,2390.0,83.1,55.0,Ongoing,2024-10
OCMS-N22000545,,N22000545,ALIGARH-HARDUAGANJ FLYOVER,22 KM,,POWER,,2020-04,2020-04,2026-06,2026-06,,1456.89,1456.89,0.0,8.0,Ongoing,2024-10
OCMS-N22000546,,N22000546,LALITPUR - BIRARI WITH FLYOVER AT LALITPUR,NCR,,POWER,,2017-03,2017-03,2024-12,2025-06,,260.0,356.0,147.52,45.0,Ongoing,2024-10
OCMS-N22000547,,N22000547,VIJAPUR-AMBLIYASAN (41.53 KM),WR,,ROAD TRANSPORT AND HIGHWAYS,,2022-05,2022-05,2030-03,2025-02,,309.81,415.38,467.95,75.0,Ongoing,2024-10
OCMS-N22000548,,N22000548,ADRAJ MOTI-VIAJAPUR (39.75 KM),WR,,ROAD TRANSPORT AND HIGHWAYS,,2022-05,2022-05,2030-05,2030-05,,296.54,296.54,0.0,0.0,Ongoing,2024-10
OCMS-N22000549,,N22000549,KALOL-KADI-KATOSAN ROAD (37.23 KM),WR,,POWER,,,,2027-06,2027-06,,279.23,279.23,397.87,100.0,Completed,2024-10
OCMS-N22000550,,N22000550,NEW BG LINE BETWEEN NALIYA- JAKHAU PORT,WR,,ROAD TRANSPORT AND HIGHWAYS,,2023-02,2023-02,2028-01,2026-09,,410.46,410.46,27.8,2.0,Ongoing,2024-10
OCMS-N22000551,,N22000551,NEW BG LINE INTERSECTION (5 NOS) BETWEEN GERATPUR- SANAND & BOTAD-AHMEDABAD (16.51 KM) (PB#29/NR/202,WR,,ROAD TRANSPORT AND HIGHWAYS,,2022-10,2022-10,2027-10,2027-10,,437.21,437.21,0.0,0.0,Ongoing,2024-10
OCMS-N22000552,,N22000552,POWARKHEDA - JUJHARPUR - SINGLE LINE FLYOVER IN UP DIRECTION (15.89 KM),WCR,,POWER,,,,2024-03,2024-03,,199.63,199.63,150.0,100.0,Completed,2024-10
OCMS-N22000553,,N22000553,AGRA FORT-BANDIKUI,NCR,,COAL,,2022-06,2022-06,2027-06,2026-05,,1389.81,987.83,4.1,11.0,Ongoing,2024-10
OCMS-N22000554,,N22000554,SATNA - REWA (50 KM),WCR,,RAILWAYS,,2015-11,2015-11,2026-03,2026-03,,500.0,500.0,1.41,80.0,Ongoing,2024-10
OCMS-N22000555,,N22000555,"PENUKONDA-DHARMAVARAM, EXCL. DHARMAVARAM (41.5 KM)",SWR,,POWER,,2019-04,2019-04,2026-03,2025-02,,294.67,307.66,141.3,41.0,Ongoing,2024-10
OCMS-N22000556,,N22000556,MALUGUR-PALASAMUDRAM (17.98 KM) (PB#29/NR/2022-23),SWR,,POWER,,2022-09,2022-09,2025-12,2026-12,,323.14,342.41,39.46,12.0,Ongoing,2024-10
OCMS-N22000557,,N22000557,BELGAUM-DHARWAD VIA KITTUR (73.10 KM) (UMBRELLA WORK PB#22/2019-20/NR),SWR,,POWER,,2020-09,2020-09,2026-03,2027-12,,1590.8,927.42,0.39,0.0,Ongoing,2024-10
OCMS-N22000558,,N22000558,HASSAN (ALUR) - BELUR (32 KM) (UMBRELLA WORK PB#23/2018- 19/NR),SWR,,POWER,,2019-06,2019-06,2028-04,2027-12,,663.03,748.85,0.34,1.0,Ongoing,2024-10
OCMS-N22000559,,N22000559,SHIMOGA-SHIKARIPURA- RANEBENNUR (UMBRELLA WORK PB#23/2018-19/NR),SWR,,POWER,,2019-09,2019-09,2027-12,2027-12,,1453.73,994.47,66.02,7.0,Ongoing,2024-10
OCMS-N22000562,,N22000562,ALIGARH-DAUD KHAN - 3RD LINE 6.9 KM AND CONSTRUCTION OF FLYOVER AT DAUD KHAN,NCR,,POWER,,2019-04,2019-04,2025-12,2025-12,,451.99,779.49,0.0,30.0,Ongoing,2024-10
OCMS-N22000563,,N22000563,ALLAHABAD-BAMHRAULI - 4TH LINE (10 KM) WITH FLY-OVER AT SUBEDARGANJ,NCR,,POWER,,2019-04,2019-04,2026-03,2026-03,,494.11,494.11,0.0,42.0,Ongoing,2024-10
OCMS-N22000564,,N22000564,BHANDAI - FLYOVER FOR ETAWAH BOUND DOWN TRAINS,NCR,,POWER,,2019-04,2019-04,2025-12,2026-03,,187.21,250.17,1.75,0.0,Ongoing,2024-10
OCMS-N22000565,,N22000565,SAHJANWA - DOHRIGHAT,NER,,POWER,,2019-08,2019-08,2029-03,2027-06,,371.77,1319.75,409.88,1.0,Ongoing,2024-10
OCMS-N22000566,,N22000566,BAHRAICH - NANPARA -NEPALGANJ,56.15 KM,,POWER,,2020-07,2020-07,2024-12,2025-06,,950.0,341.66,126.04,18.0,Ongoing,2024-10
OCMS-N22000567,,N22000567,Chinnasalem-Kallakurichi New Line (MM of cuddalore- Salem 191 KM),SR,,POWER,,,,2025-03,2025-03,,417.5,417.5,184.32,100.0,Completed,2024-10
OCMS-N22000568,,N22000568,CHENNAI BEACH-CHENNAI EGMORE (4.3 KM) (UMBRELLA WORK PB#57/2019-20/NR),SR,,RAILWAYS,,2022-03,2022-03,2026-03,2024-12,,359.6,274.2,231.05,80.0,Ongoing,2024-10
OCMS-N22000569,,N22000569,BAHRAICH SRAVASTI BALRAMPUR,TULSIPUR,,POWER,,2018-10,2018-10,2030-10,2026-12,,1600.0,4939.78,997.61,5.0,Ongoing,2024-10
OCMS-N22000570,,N22000570,KATIHAR-KUMEDPUR & KATIHAR- MUKURIA (64.5 KM) (UMBRELLA WORK PB#57/2019-20/NR),NFR,,POWER,,2022-08,2022-08,2027-08,2027-08,,745.0,745.0,0.0,0.0,Ongoing,2024-10
OCMS-N22000571,,N22000571,ROURKELA-BONDAMUNDA A-CABIN 5TH LINE (10 KM) (UMBRELLA WORK PB#57/2019-20/NR),SER,,POWER,,2022-09,2022-09,2026-09,2026-03,,209.75,244.99,45.45,8.0,Ongoing,2024-10
OCMS-N22000572,,N22000572,Gauge conversion of Raipur(Kendri)- Dhamtari and Abhanpur-Rajim branch,67.20 km,,PETROLEUM,,2011-07,2011-07,2024-10,2025-02,,1171.3,1171.3,497.45,45.0,Ongoing,2024-10
OCMS-N22000573,,N22000573,NIPANIA-BHATAPRA (14.4 KM) 4TH LINE (PB#72/NR/2022-23),SECR,,PETROLEUM,,2022-09,2022-09,2026-12,2026-12,,170.49,170.49,0.1,0.0,Ongoing,2024-10
OCMS-N22000574,,N22000574,4TH LINE - BHATAPARA-HATHBAND,8.8 KM) (PB#72/NR/2022-23,,PETROLEUM,,2022-12,2022-12,2026-12,2026-12,,177.03,177.03,0.21,0.0,Ongoing,2024-10
OCMS-N22000575,,N22000575,4TH LINE - BHILAI-BHILAI NAGAR,8.8 KM) (PB#72/NR/2022-23,,PETROLEUM,,2022-09,2022-09,2026-09,2026-09,,169.06,177.34,1.17,0.0,Ongoing,2024-10
OCMS-N22000576,,N22000576,4TH LINE - DADHAPARA-BELHA (9.2 KM) (PB#72/NR/2022-23),SECR,,PETROLEUM,,2022-09,2022-09,2026-09,2026-09,,169.06,169.06,0.22,0.0,Ongoing,2024-10
OCMS-N22000577,,N22000577,4TH LINE - RAJNANDGAON- DONGARHGARH (31.2 KM),PB#72/NR/2022-23,,PETROLEUM,,2022-09,2022-09,2026-09,2026-09,,328.34,328.34,3.17,2.0,Ongoing,2024-10
OCMS-N22000578,,N22000578,BARABANKI AKBARPUR DOUBLING,NR,,POWER,,,,2025-03,2025-03,,1200.0,1200.0,1650.0,100.0,Completed,2024-10
OCMS-N22000579,,N22000579,3RD AND 4TH LINE - SARAGBUNDIA AND MADWARANI,SECR,,PETROLEUM,,2022-09,2022-09,2026-09,2026-09,,167.64,167.64,0.0,0.0,Ongoing,2024-10
OCMS-N22000580,,N22000580,DOUBLING OF BORIDAND - AMBIKAPUR ( SURAJPUR),SECR,,PETROLEUM,,2022-06,2022-06,2030-06,2030-06,,1376.2,775.82,59.4,5.0,Ongoing,2024-10
OCMS-N22000582,,N22000582,JAUNPUR AKBARPUR (TANDA) DOUBLING,NR,,POWER,,,,2025-03,2025-03,,515.5,515.5,670.0,100.0,Completed,2024-10
OCMS-N22000583,,N22000583,JANGHAI PRATAPGARH AMETHI DOUBLING,NR,,POWER,,2017-11,2017-11,2025-03,2025-03,,701.98,1100.0,0.0,0.0,Ongoing,2024-10
OCMS-N22000584,,N22000584,LUDHIANA KILA RAIPUR (19 KMS) WITH FREIGHT LINE AT GILL STATION ON LDH-JHL SECTION,NR,,RAILWAYS,,2019-03,2019-03,2025-03,2025-03,,235.72,235.72,42.62,0.0,Ongoing,2024-10
OCMS-N22000585,,N22000585,DOUBLING BETWEEN GOOTY- PENDAKALLU (29.225),SCR,,POWER,,2023-03,2023-03,2027-03,2027-03,,351.83,351.83,0.0,0.0,Ongoing,2024-10
OCMS-N22000586,,N22000586,VIJAYAWADA KAZIPET BYEPASS LINE,SCR,,POWER,,2016-04,2016-04,2025-12,2025-12,,226.72,226.72,170.77,0.0,Ongoing,2024-10
OCMS-N22000587,,N22000587,RENIGUNTA WADI GOOTY - BYPASS,SCR,,POWER,,2016-04,2016-04,2025-12,2025-12,,302.0,302.0,160.25,50.0,Ongoing,2024-10
OCMS-N22000589,,N22000589,LUDHIANA MULLANPUR DOUBLING,NR,,RAILWAYS,,2020-09,2020-09,2025-03,2025-03,,82.99,235.0,0.0,0.0,Ongoing,2024-10
OCMS-N22000590,,N22000590,BARABANKI-MALHAUR - 3RD & 4TH LINE (32.84 KM),NR,,POWER,,2019-01,2019-01,2025-03,2025-03,,323.85,323.85,0.0,0.0,Ongoing,2024-10
OCMS-N22000591,,N22000591,DOUBLING BETWEEN JAUNPUR JN- ZAFFARABAD (6.28 KM),NR,,POWER,,2023-03,2023-03,2026-12,2026-12,,177.33,177.33,0.0,0.0,Ongoing,2024-10
OCMS-N22000592,,N22000592,TARANGA HILL ABU ROAD VIA AMBAJI NEW LINE,NWR,,ROAD TRANSPORT AND HIGHWAYS,,2022-07,2022-07,2030-07,2026-12,,1695.82,2798.16,798.17,10.0,Ongoing,2024-10
OCMS-N22000593,,N22000593,GUDHA THATHANA MITHRI TEST TRACK FOR RDSO,NWR,,COAL,,2019-04,2019-04,2025-03,2025-03,,528.48,528.48,331.74,70.0,Ongoing,2024-10
OCMS-N22000594,,N22000594,DEDICATED TEST TRACK FOR RDSO (PHASE II),NWR,,COAL,,2021-11,2021-11,2026-11,2024-12,,466.42,466.42,582.74,72.0,Ongoing,2024-10
OCMS-N22000595,,N22000595,KHARAGPUR-ADITYAPUR - 3RD LINE (132 KM),RVNL,,POWER,,2015-12,2015-12,2025-03,2025-03,,1116.0,3270.07,2899.45,0.0,Ongoing,2024-10
OCMS-N22000596,,N22000596,JANGHAI-PHAPHAMAU - DOUBLING WITH ELECTRIFICATION (46.79 KM),RVNL,,POWER,,2018-11,2018-11,2025-03,2025-03,,357.48,409.38,362.09,0.0,Ongoing,2024-10
OCMS-N22000597,,N22000597,RAJPURA-BHATINDA (172.64 KM),MEGA,,POWER,,,,2024-03,2024-03,,1775.73,1775.73,1750.0,100.0,Completed,2024-10
OCMS-N22000598,,N22000598,BHATNI - AUNRIHAR WITH ELECTRIFICATION (125 KM) (EXCL INDARA - MAU (116.95 KM)),RVNL,,POWER,,2018-05,2018-05,2024-03,2025-02,,1177.96,2529.46,1636.33,0.0,Ongoing,2024-10
OCMS-N22000599,,N22000599,3RD LINE BETWEEN DHANBAD SONNAGAR,RVNL,,POWER,,2016-11,2016-11,2026-03,2026-03,,8975.0,7906.38,4705.38,0.0,Ongoing,2024-10
OCMS-N22000600,,N22000600,JUNAGARH -VISAVADAR (42.28) KM,RVNL,,ROAD TRANSPORT AND HIGHWAYS,,2022-06,2022-06,2026-12,2026-12,,492.83,492.83,0.0,0.0,Ongoing,2024-10
OCMS-N22000601,,N22000601,INDORE BUDNI (INDORE JABALPUR),RVNL,,RAILWAYS,,2018-09,2018-09,2030-09,2030-09,,4340.0,7393.75,1004.86,0.0,Ongoing,2024-10
OCMS-N22000602,,N22000602,DALLIRAJHARA - ROWGHAT (95 KM) {PART OF DALLIRAJHARA- JAGDALPUR (235 KM)},RVNL,,PETROLEUM,,2008-03,2008-03,2025-06,2025-06,,631.78,1627.56,1349.09,0.0,Ongoing,2024-10
OCMS-N22000604,,N22000604,DOUBLING BETWEEN BHIWANI- DOBH BAHALI,NWR,,PETROLEUM,,2023-02,2023-02,2028-02,2026-02,,471.06,471.06,45.43,27.0,Ongoing,2024-10
OCMS-N22000605,,N22000605,DOUBLING BETWEEN CHURU- RATANGARH (42.81 KM),NWR,,COAL,,2023-02,2023-02,2028-02,2026-01,,422.6,422.6,124.09,38.0,Ongoing,2024-10
OCMS-N22000606,,N22000606,DOUBLING BETWEEN REWARI- KATHUWAS (27.73 KM),NWR,,PETROLEUM,,2023-02,2023-02,2027-06,2025-06,,352.41,352.41,39.27,15.0,Ongoing,2024-10
OCMS-N22000607,,N22000607,SAWAIMADHOPUR - BYPASS LINE (6.98 KM) (UMBRELLA WORK PB#57/2019-20/NR),NWR,,COAL,,2022-12,2022-12,2026-06,2025-12,,304.0,239.54,78.96,20.0,Ongoing,2024-10
OCMS-N22000608,,N22000608,GC OF NATHDWARA - DEVGARH MADARIYA (82.5KM),NWR,,COAL,,2023-01,2023-01,2028-06,2027-01,,968.92,968.92,231.11,18.0,Ongoing,2024-10
OCMS-N22000609,,N22000609,AZIMGANJ-MURSHIDABAD (JIYAGANJ) INCL. RLY. BRIDGE OVER RIVER BHAGIRATHI,ER,,POWER,,2001-10,2001-10,2024-02,2024-02,,164.33,187.05,157.27,100.0,Ongoing,2024-10
OCMS-N22000610,,N22000610,GARHWA ROAD - RAIL OVER RAIL,ECR,,POWER,,2017-03,2017-03,2024-03,2025-03,,262.71,262.71,197.22,73.0,Ongoing,2024-10
OCMS-N22000611,,N22000611,GOMOH - FLYOVER FOR DOWN TRAINS,ECR,,POWER,,2018-01,2018-01,2025-12,2025-12,,487.73,487.73,308.8,16.0,Ongoing,2024-10
OCMS-N22000612,,N22000612,MATHURA - VRINDAVAN (11 KM),NCR,,POWER,,2022-08,2022-08,2025-06,2025-06,,402.88,402.88,0.0,0.0,Ongoing,2024-10
OCMS-N22000613,,N22000613,DOMINGARH - GORAKHPUR - GORAKHPUR CANTT - KUSUMHI - 3RD RUNNING LINE (21.15 KM),NER,,POWER,,2016-11,2016-11,2024-06,2025-05,,186.85,470.47,442.9,85.0,Ongoing,2024-10
OCMS-N22000614,,N22000614,FEROZPUR - PATTI (25.72 KM),NR,,RAILWAYS,,2017-04,2017-04,2027-03,2027-03,,299.74,299.74,0.0,0.0,Ongoing,2024-10
OCMS-N22000615,,N22000615,BARAMATI - LONAND,CR,,POWER,,1999-02,1999-02,2027-03,2026-02,,736.44,1843.9,569.32,50.0,Ongoing,2024-10
OCMS-N22000616,,N22000616,CHIRIMIRI-NAGPUR HALT,SECR,,PETROLEUM,,2018-10,2018-10,2030-06,2030-06,,241.0,241.0,0.0,0.0,Ongoing,2024-10
OCMS-N22000618,,N22000618,MORAPPUR-DHARMAPURI,SR,,RAILWAYS,,2019-02,2019-02,2028-03,2027-03,,358.95,358.95,37.7,1.0,Ongoing,2024-10
OCMS-N22000619,,N22000619,ERNAKULAM-KUMBALAM - PATCH DOUBLING (7.71 KM),SR,,RAILWAYS,,2010-12,2010-12,2028-03,2026-11,,600.82,595.39,270.57,5.0,Ongoing,2024-10
OCMS-N22000620,,N22000620,KUMBALAM-THURAVUR - PATCH DOUBLING (15.59 KM),SR,,RAILWAYS,,2011-12,2011-12,2023-08,2026-12,,812.85,802.8,258.69,2.0,Ongoing,2024-10
OCMS-N22000621,,N22000621,BANGALORE-WHITEFIELD- BANGALORE CITY- KRISHNARAJAPURAM QUADRUPLING,SWR,,POWER,,2018-03,2018-03,2025-03,2025-06,,492.87,492.87,169.03,46.0,Ongoing,2024-10
OCMS-N22000622,,N22000622,MODASA- SHAMLAJI NEW LINE ( MM OF AHMEDABAD- HIMMATNAGAR-UDAIPUR (299.2 KM)),WR,,ROAD TRANSPORT AND HIGHWAYS,,2012-09,2012-09,2027-03,2026-03,,261.68,261.68,479.71,42.0,Ongoing,2024-10
OCMS-N22000623,,N22000623,NATHDWARA-NEW NATHDWARA NEW LINE ( MM OF AJMER-CHITTAURGARH-UDAIPUR),WR,,POWER,,,,2025-06,2025-06,,166.33,166.33,55.81,100.0,Completed,2024-10
OCMS-N22000624,,N22000624,NAHATI - RANAGHAT 3RD LINE (MM OF KALINARAYANPUR - KRISHNANAGAR),ER,,POWER,,2015-07,2015-07,2025-03,2026-03,,283.54,283.54,159.3,44.0,Ongoing,2024-10
OCMS-N22000625,,N22000625,KARAIKAL PERALAM(23KM)-NEW LINE PROJECT,SR,,RAILWAYS,,2019-01,2019-01,2026-03,2024-12,,304.22,373.42,232.47,75.0,Ongoing,2024-10
OCMS-N22000626,,N22000626,NAGAPATTINAM THIRUTURAIPUNDI (38KM)- NEW LINE PROJECT,SR,,RAILWAYS,,2008-07,2008-07,2026-03,2027-03,,677.12,788.05,129.22,18.0,Ongoing,2024-10
OCMS-N22000627,,N22000627,MUMBAI URBAN TRANSPORT PROJECT IIIA,MRVC,,POWER,,2019-04,2019-04,2025-03,2027-12,,33690.0,33690.0,846.83,0.0,Ongoing,2024-10
OCMS-N22000628,,N22000628,EAST WEST METRO CORRIDOR KOLKATA,KOMRCL,,POWER,,2009-02,2009-02,2016-09,2024-06,,4874.58,10442.41,0.0,0.0,Ongoing,2024-10
OCMS-N22000629,,N22000629,NAGPUR- NAGBHIR RAILWAY LINE GAUGE CONVERSION PROJECT,MRIDC,,POWER,,2019-10,2019-10,2024-06,2024-06,,1400.0,1400.0,0.0,77.0,Ongoing,2024-10
OCMS-N24000165,,N24000165,PATNA-MUZZAFFARPUR,NHAI,,POWER,,2010-08,2010-08,2013-02,2024-12,,671.3,671.3,1830.13,97.15,Ongoing,2024-10
OCMS-N24000182,,N24000182,VARANASI-AURANGABAD KM.786 TO KM.978.40,NHAI,,PETROLEUM,,2011-09,2011-09,2014-03,2024-09,,2848.0,3241.56,3901.66,86.01,Ongoing,2024-10
OCMS-N24000187,,N24000187,4-LANNING OF CHAPRA-HAJIPUR,NHAI,,POWER,,2011-01,2011-01,2013-07,2024-12,,575.0,575.0,552.79,86.41,Ongoing,2024-10
OCMS-N24000245,,N24000245,REHABILITATION AND UPGRADATION OF NH -565 FROM KM 1.00 TO 86.057 (NAKREKAL TO NAGARJUNSAGAR DAM SECT,MoRTH,,RAILWAYS,,2014-01,2014-01,2016-03,2019-09,,270.0,270.0,0.0,72.15,Ongoing,2024-10
OCMS-N24000247,,N24000247,REHABILITATION AND UPGRADATION OF NH-221 FROM KM 121/0 TO 165/00 (OF VIJAYAWADA-JAGDALPUR RUDRAMPUR,MoRTH,,RAILWAYS,,2014-10,2014-10,2017-02,2025-03,,295.47,295.47,224.42,98.51,Ongoing,2024-10
OCMS-N24000248,,N24000248,EPC- CORRIDOR APPROACH WORKS - NH (O): WIDENING EXISTING 2 LANE TO 2 LANE WITH PAVED SHOULDERS IN KM,MoRTH,,RAILWAYS,,2015-03,2015-03,2017-01,2023-12,,153.21,153.21,101.15,93.11,Ongoing,2024-10
OCMS-N24000282,,N24000282,REHABILITATION AND UPGRADATION OF EXISTING NH-565 FROM KM.86.057 TO 133.922 OF NAGARJUNASAGAR DAM T,MoRTH,,POWER,,,,2014-11,2014-11,,195.45,195.45,294.47,100.0,Completed,2024-10
OCMS-N24000301,,N24000301,REHABILITATION AND UPGRADATION OF NH-219 FROM KM 58-600 TO KM 140-750 IN THE STATE OF ANDHRA PRADES,MoRTH,,POWER,,2015-03,2015-03,2015-10,2021-05,,271.45,271.45,238.23,100.0,Ongoing,2024-10
OCMS-N24000319,,N24000319,4 LANING OF JORHAT TO JHANJI SECTION FROM KM. 453.00 TO KM. 491.08 (DESIGN KM 403.200 TO KM 454.240),NHIDCL,,RAILWAYS,,2015-06,2015-06,2023-08,2024-12,,437.39,437.39,335.9,26.59,Ongoing,2024-10
OCMS-N24000320,,N24000320,FOUR LANING OF JHANJHI JN TO DEMOW SECTION FROM KM. 491.050 TO KM. 535.250(DESIGN KM 490.800 TO KM 5,NHIDCL,,RAILWAYS,,2015-06,2015-06,2024-03,2025-10,,463.49,463.49,368.62,1.43,Ongoing,2024-10
OCMS-N24000331,,N24000331,CONSTRUCTION OF RING ROAD FOR RAEBARELI CITY (PHASE -I) ON EASTERN SIDE OF NH 24B,MoRTH,,POWER,,2019-12,2019-12,2022-04,2024-12,,282.41,319.96,271.03,83.0,Ongoing,2024-10
OCMS-N24000332,,N24000332,REHABILITATION AND UPGRADATION OF END OF AHMEDNAGAR BYPASS TO KHARWANDI KASAR SECTION OF NH-222 FROM,MoRTH,,POWER,,2015-01,2015-01,,,,225.81,225.81,167.96,96.0,Ongoing,2024-10
OCMS-N24000334,,N24000334,STRENGTHENING AND WIDENING TO TWO LANE WITH PAVED SHOULDERS FROM KM.106.00 TO 153.00 OF NH-218 BIJAP,MoRTH,,POWER,,2015-03,2015-03,2015-11,2024-08,,165.67,165.67,126.47,99.0,Ongoing,2024-10
OCMS-N24000382,,N24000382,REHABILITATION AND UPGRADING TO 2 LANES/2 LANE WITH PAVED SHOULDERS CONFIGURATION OF BIRPUR - BIHPUR,MoRTH,,POWER,,2014-01,2014-01,2019-10,2024-12,,675.0,780.77,702.2,88.0,Ongoing,2024-10
OCMS-N24000422,,N24000422,REHABILITATION AND UPGRADATION OF NH-42 FROM KM 4-350 TO KM 75-600,MoRTH,,POWER,,2015-03,2015-03,2015-09,2018-05,,309.01,309.01,0.0,100.0,Ongoing,2024-10
OCMS-N24000431,,N24000431,4 LANING FROM JAMUGURI TO BISWANATH CHARIALI FROM KM 182 TO KM 208 OF NH- 52,NHIDCL,,RAILWAYS,,1991-01,1991-01,2019-06,2025-03,,520.01,520.01,304.8,90.01,Ongoing,2024-10
OCMS-N24000438,,N24000438,4 LANING FROM RANGAGARA TO KALIABHOR TINALI FROM KM 297.00 TO KM 315.315 OF NH-37 ON EPC BASIS.,NHIDCL,,RAILWAYS,,2015-12,2015-12,2018-12,2025-03,,289.99,289.99,232.66,87.62,Ongoing,2024-10
OCMS-N24000442,,N24000442,"CONSTRUCTION OF FLYOVER AT KM.544.650 INCLUDING ROB ,SERVICE ROADS ,FOOTPATH FOR RCC DRAINS ON URBAN",NHAI,,POWER,,2015-12,2015-12,2019-03,2024-12,,649.5,649.5,585.49,88.67,Ongoing,2024-10
OCMS-N24000444,,N24000444,CONSTRUCTION OF BRIDGE INCLUDING APPROACHES ACROSS RIVER ZUARI ON NH-17 (NH- 66) ON PANJIM-MANGALORE,MoRTH,,POWER,,,,,,,936.4,936.4,770.9,100.0,Completed,2024-10
OCMS-N24000462,,N24000462,4-LANING OF GOA/KARNATAKA BORDER-KUNDAPUR SECTION,NHAI,,POWER,,2014-05,2014-05,2016-08,2024-12,,1655.01,2639.0,1803.36,97.8,Ongoing,2024-10
OCMS-N24000463,,N24000463,4 LANING OF NH-31D FROM GHOSHPUKUR - SALSALABARI ( KM 0.00 TO KM . 83.785),NHAI,,POWER,,2015-12,2015-12,2018-06,2023-08,,1083.0,1414.01,1080.05,100.0,Ongoing,2024-10
OCMS-N24000465,,N24000465,4-LANING OF KASHIPUR- SITARGANJ SECTION,MEGA,,RAILWAYS,,2012-11,2012-11,2016-08,2016-08,,605.84,605.84,0.0,0.0,Ongoing,2024-10
OCMS-N24000480,,N24000480,FOUR OF SIMARIA - KHAGARIA SECTION OF NH-31,NHAI,,POWER,,2015-12,2015-12,2019-04,2025-03,,1041.1,639.58,553.73,97.27,Ongoing,2024-10
OCMS-N24000488,,N24000488,FOUR LANING OF UDHAMBUR - RAMBAN SECTION OF NH-1A,NHAI,,RAILWAYS,,2015-12,2015-12,2018-12,2024-11,,2136.97,2644.0,2377.88,99.5,Ongoing,2024-10
OCMS-N24000507,,N24000507,FOUR LANING OF BAKHTIYARPUR - MOKAMA SECTION OF NH-31,NHAI,,POWER,,2015-12,2015-12,2019-12,2024-12,,1167.45,1182.94,735.99,94.25,Ongoing,2024-10
OCMS-N24000513,,N24000513,UMARIYA TO SHAHDOL SECTION OF NH-78 IN MADYA PRADESH KM 68/4 TO 142/200,MoRTH,,RAILWAYS,,2015-03,2015-03,2017-08,2024-12,,511.83,511.83,485.18,93.06,Ongoing,2024-10
OCMS-N24000515,,N24000515,SIX-LANING OF BARWA ADDA- PANAGARH,NHAI,,POWER,,2014-04,2014-04,2016-09,2024-12,,1665.0,4920.68,4920.68,93.4,Ongoing,2024-10
OCMS-N24000516,,N24000516,WIDENING TO 4/6/8 LANES OF EXISTING NH-17 FROM KM 522/615 (NEAR GMC) TO KM 530/850 JOINING NEW ZUIAR,MoRTH,,POWER,,,,,,,819.95,819.95,504.65,100.0,Completed,2024-10
OCMS-N24000531,,N24000531,REHABILITATION AND UPGRADING TO 2 LANES/2 LANE WITH PAVED SHOULDERS (KM 40 TO KM 219.945) OF NH-104,MoRTH,,POWER,,2016-02,2016-02,2018-11,2024-09,,319.68,503.28,430.14,99.0,Ongoing,2024-10
OCMS-N24000551,,N24000551,4-LANNING OF VARANASI GORAKHPUR SECTION OF NH-29 FROM 148.00 208.300 KM [PACKAGE- IV],NHAI,,POWER,,2016-03,2016-03,2019-04,2024-12,,1587.49,3500.0,3356.11,95.75,Ongoing,2024-10
OCMS-N24000552,,N24000552,4-LANNING EXISTING KM 189.700 TO 237.00] HASSAN TO MARANAHALLY,NHAI,,POWER,,2016-03,2016-03,2019-03,2025-03,,701.4,701.4,461.05,80.0,Ongoing,2024-10
OCMS-N24000556,,N24000556,FOUR LANNING OF RAMPUR- KATHGODAM SECTION OF NH-87 FROM KM 0.000 (KM. 190.000 OF NH- 24) TO KM 42.791,NHAI,,POWER,,2016-03,2016-03,2019-04,2024-11,,899.0,1623.88,1134.4,92.15,Ongoing,2024-10
OCMS-N24000558,,N24000558,NAGPUR RING ROAD PACKAGE-1,NHAI,,POWER,,2016-03,2016-03,2019-07,2024-09,,546.0,546.0,528.35,100.0,Ongoing,2024-10
OCMS-N24000559,,N24000559,FOUR LANNING OF RAMPUR- KATHGODAM SECTION OF NH-87 FROM KM 42.791 (DESIGN CHAINAGE 43.446) TO KM 88,NHAI,,RAILWAYS,,2016-03,2016-03,2019-10,2024-11,,720.0,1150.0,644.24,94.56,Ongoing,2024-10
OCMS-N24000560,,N24000560,NAGPUR RING ROAD PACKAGE-2,NHAI,,POWER,,2016-03,2016-03,2019-07,2024-12,,591.66,591.66,617.7,91.8,Ongoing,2024-10
OCMS-N24000564,,N24000564,4-LANNING OF HARIDWAR-NAGINA SECTION OF NH 74 FROM (KM 204.300 OF NH 58) TO KM 73.00,NHAI,,POWER,,2016-03,2016-03,2020-07,2025-03,,1408.0,1659.12,1207.12,80.38,Ongoing,2024-10
OCMS-N24000567,,N24000567,FOUR LANING OF BHAVNAGAR- TALAJA SECTION OF NH-8E FROM KM. 7.090 TO KM. 53.585 (DESIGN CH FROM KM. 6.,NHAI,,ROAD TRANSPORT AND HIGHWAYS,,2016-05,2016-05,2019-08,2024-02,,998.18,998.18,802.04,100.0,Ongoing,2024-10
OCMS-N24000569,,N24000569,FOUR LANING OF KAGAVADAR - UNA SECTION OF NH-8E FROM KM 139.915 TO KM 180.478 (PACKAGE- IV) IN THE ST,NHAI,,ROAD TRANSPORT AND HIGHWAYS,,2016-05,2016-05,2019-09,2024-11,,723.64,723.64,559.55,96.0,Ongoing,2024-10
OCMS-N24000570,,N24000570,FOUR LANING OF UNA TO KODINAR OF NH-8E FROM KM. 180.478 TO KM 221.610 (PACKAGE-V) IN THE STATE OF GU,NHAI,,ROAD TRANSPORT AND HIGHWAYS,,2016-05,2016-05,2019-08,2024-11,,763.08,763.08,512.85,95.91,Ongoing,2024-10
OCMS-N24000576,,N24000576,CONSTRUCTION OF REHABILITATION AND UPGRADING TO 2 LANES/2 LANE(FOR LOT-I-KM 40.00 TO KM 65.400 AND K,MoRTH,,POWER,,2016-02,2016-02,2016-05,2024-09,,178.85,278.54,232.61,98.0,Ongoing,2024-10
OCMS-N24000578,,N24000578,"PROCUREMENT, AND CONSTRUCTION OF REHABILITATION AND UPGRADING TO 2 LANES/2 LANE(FOR LOT-III-KM 156.5",MoRTH,,POWER,,2016-02,2016-02,2016-05,2024-09,,553.3,706.39,607.49,98.0,Ongoing,2024-10
OCMS-N24000579,,N24000579,FOUR LANING OF GAYA-HISUA- RAJGIRI-NALANDA-BIHARSHARIF SECTION (KM0.00 TO 92.935) ON NH- 82 IN BIHAR,MoRTH,,POWER,,2014-01,2014-01,2016-10,2024-12,,1408.85,2138.16,1703.04,96.0,Ongoing,2024-10
OCMS-N24000582,,N24000582,4 LANING OF NH-37 SECTION BETWEEN DEMOW TO END OF MORAN BYPASS (FROM KM. 534.800 TO KM. 561.700) O,NHIDCL,,RAILWAYS,,2016-01,2016-01,2016-01,2024-12,,294.17,294.17,296.22,46.44,Ongoing,2024-10
OCMS-N24000583,,N24000583,4 LANING OF NH 37 SECTION BETWEEN END OF MORAN BYPASS TO BOGIBEEL JUNCTION NEAR LAPETKETA (KM. 561,NHIDCL,,RAILWAYS,,2016-01,2016-01,2021-12,2025-03,,252.0,330.3,146.28,12.19,Ongoing,2024-10
OCMS-N24000584,,N24000584,4-LANNING OF NH17 AND NEW NO. NH66 FROM KM 161/600 TO 205/400 UNDER HYBRID ANNUITY MODE,MoRTH,,POWER,,2016-03,2016-03,,2023-12,,1142.62,1142.62,1056.08,95.17,Ongoing,2024-10
OCMS-N24000585,,N24000585,4-LANNING OF NH17 AND NEW NO. NH66 FROM KM 241/300 TO 281/300 UNDER HYBRID ANNUITY MODE,MoRTH,,POWER,,2016-03,2016-03,,,,1101.58,1101.58,608.53,0.0,Ongoing,2024-10
OCMS-N24000592,,N24000592,4-LANNING OF KODINAR TO VERAVAL SECTION OF NH-8E FROM KM 221.610 TO KM 263.000,NHAI,,ROAD TRANSPORT AND HIGHWAYS,,2016-07,2016-07,2020-07,2024-10,,829.97,829.97,465.75,92.23,Ongoing,2024-10
OCMS-N24000603,,N24000603,HOSPET-BELLARY-KARNATAKA AP BORDER,NHAI,,POWER,,2016-08,2016-08,2019-03,2025-05,,1167.42,1224.01,821.77,78.97,Ongoing,2024-10
OCMS-N24000613,,N24000613,FOUR LANNING OF NERCHOWK- PANDOH BYPASS SECTION OF NH- 21(PACKAGE-I KM 190.000 TO KM 221.305) UNDER NH,NHAI,,RAILWAYS,,2016-09,2016-09,2020-07,2024-08,,1273.71,1478.61,1383.76,92.6,Ongoing,2024-10
OCMS-N24000619,,N24000619,DEVELOPMENT OF FOUR LANNING OF ANGUL-SAMBALPUR SECTION OF NATIONAL HIGHWAY NH-42 (NEW NH-55 IN THE S,NHAI,,POWER,,2016-09,2016-09,2019-08,2024-12,,2510.04,2510.04,1104.98,98.0,Ongoing,2024-10
OCMS-N24000622,,N24000622,TWO/FOUR LANNING OF BRT TIGER RESERVE BOUNDARY TO BANGALORE SECTION OF NH- 209(EXISTING CHAINAGE FROM,NHAI,,POWER,,2016-09,2016-09,2019-08,2024-12,,950.69,2525.02,1913.36,99.3,Ongoing,2024-10
OCMS-N24000649,,N24000649,SIX LANNING FROM KM. 401.200 TO 494.410 OF NH-8 ON HYBRID ANNUITY MODE UNDER NHDP- V(PKG VI)REG.,NHAI,,ROAD TRANSPORT AND HIGHWAYS,,2017-01,2017-01,2020-12,2025-06,,1251.11,1527.75,684.13,83.84,Ongoing,2024-10
OCMS-N24000652,,N24000652,FOUR LANNING OF VIKRAVANDI- SETHIYAHOPU FROM KM 0.000 TO KM 60.250(DESIGN CHAINAGE KM 0.000 TO KM 65.,NHAI,,RAILWAYS,,2017-03,2017-03,2020-03,2024-05,,848.45,848.45,303.04,48.26,Ongoing,2024-10
OCMS-N24000655,,N24000655,CONSTRUCTION OF NEW 4-LANE BRIDGE ACROSS VARSOVA CREEK AND ITS APPROACHES WITH INTERCHANGE IN THE ST,NHAI,,POWER,,2017-03,2017-03,2020-03,2024-11,,247.02,157.49,91.81,98.9,Ongoing,2024-10
OCMS-N24000656,,N24000656,4-LANNING OF BODHRE-DHULE SECTION(KM 390.000 TO 452.800),NHAI,,POWER,,2017-03,2017-03,2020-03,2024-07,,744.64,1007.0,380.66,74.89,Ongoing,2024-10
OCMS-N24000659,,N24000659,4-LANNING OF WARANGA- MAHAGAON SECTION(KM 253.7000 TO 320.580),NHAI,,POWER,,2017-03,2017-03,2017-03,2024-10,,1059.73,1071.0,878.19,82.04,Ongoing,2024-10
OCMS-N24000665,,N24000665,TWO-LANNING WITH PAVED SHOULDER OF MAHSHKUNT- SAHARSA-PURNEA SECTION FROM EXISTING KM.89.020 (DESIGN,NHAI,,POWER,,2017-03,2017-03,2020-03,2025-03,,672.89,830.31,616.15,76.19,Ongoing,2024-10
OCMS-N24000683,,N24000683,TWO LANING OF JORAM KOLORIANG ROAD (NH 713) ON EPC BASIS FROM DESIGN KM. 138+000 TO KM. 154+036 [EX,NHIDCL,,POWER,,2017-02,2017-02,2023-11,2024-11,,180.57,180.57,154.17,90.01,Ongoing,2024-10
OCMS-N24000685,,N24000685,CONSTRUCTION OF TWO LANE WITH PAVED SHOULDERS OF JORAM KOLORIANG ROAD (NH 713) ON EPC BASIS FROM EXI,NHIDCL,,POWER,,2017-02,2017-02,2022-04,2023-11,,167.28,167.28,144.91,100.0,Ongoing,2024-10
OCMS-N24000686,,N24000686,FOUR LANING OF DIMAPUR KOHIMA ROAD FROM DESIGN KM 123.840 TO KM 138.775 (EXISTING KM 124.100 TO KM 1,NHIDCL,,RAILWAYS,,2016-03,2016-03,2019-09,2024-12,,373.07,534.41,382.5,99.81,Ongoing,2024-10
OCMS-N24000688,,N24000688,FOUR LANING OF EXISTING DIMAPUR KOHIMA ROAD FROM DESIGN KM 152.490 TO KM 166.700 (EXISTING KM 156.00,NHIDCL,,RAILWAYS,,2016-03,2016-03,2022-08,2025-09,,429.52,794.74,291.85,83.66,Ongoing,2024-10
OCMS-N24000696,,N24000696,SIX LANNING OF AUNTA- SIMARIA(GANGA BRIDGE WITH APPROACH ROADS) SECTION OF NH-31,NHAI,,POWER,,2017-08,2017-08,2022-02,2025-03,,950.64,1168.33,1010.99,87.08,Ongoing,2024-10
OCMS-N24000697,,N24000697,FOUR LANNING OF CHOLOPURAM- THANJAVUR,NHAI,,RAILWAYS,,2017-08,2017-08,2020-09,2024-09,,1176.37,1176.37,1325.06,97.5,Ongoing,2024-10
OCMS-N24000704,,N24000704,4-LANNING OF THALSERRY -MAHE BYPASS,NHAI,,RAILWAYS,,2017-09,2017-09,2020-05,2024-02,,1124.11,1573.18,1522.66,100.0,Ongoing,2024-10
OCMS-N24000708,,N24000708,4-LANNING OF STHIYATHOPU- CHOLOPURAM,NHAI,,RAILWAYS,,2017-09,2017-09,2020-08,2024-11,,1227.87,1227.87,1333.76,91.05,Ongoing,2024-10
OCMS-N24000709,,N24000709,BALANCE WORK FOR FOUR LANING OF ITARSI TO BETUL SECTION OF NH69 FROM KM 63.000 TO KM 137.00 (DESIGN,NHAI,,RAILWAYS,,2017-12,2017-12,2020-02,2024-09,,950.27,786.43,627.68,98.44,Ongoing,2024-10
OCMS-N24000714,,N24000714,CONSTRUCTION OF NEW LINK (NH- 133B) FROM KM 0/00 (KM 200/87 OF SAHIBANJ BYPASS) IN JHARKHAND TO KM 15,NHAI,,POWER,,2017-12,2017-12,2024-10,2025-06,,2598.0,1962.5,1249.32,68.57,Ongoing,2024-10
OCMS-N24000715,,N24000715,REHABILITATION AND UPGRADATION OF CUTTACK ANGUL SECTION OF NH-42 (NEW NH-55) TO 4 LANE (KM. 0+400 TO,NHAI,,POWER,,2017-12,2017-12,2020-07,2024-12,,686.65,686.65,574.26,86.5,Ongoing,2024-10
OCMS-N24000717,,N24000717,CONSTRUCTION OF STAND ALONE RING ROAD/ BYPASS AROUND JAMMU CITY IN THE STATE OF J AND K ON EPC MODE,NHAI,,RAILWAYS,,2017-12,2017-12,2021-07,2024-11,,1471.75,1903.98,1613.41,97.3,Ongoing,2024-10
OCMS-N24000723,,N24000723,REHABILITATION AND UPGRADATION OF TWO LANING OF MAHESHKHUNT - SAHARSA - PURNEA SECTION PKG - I,NHAI,,POWER,,2018-01,2018-01,2021-12,2025-03,,573.7,726.99,468.93,75.75,Ongoing,2024-10
OCMS-N24000725,,N24000725,FOUR LANING OF BARHI - KODERMA SECTION OF NH - 31,NHAI,,POWER,,2018-01,2018-01,2021-11,2024-10,,273.46,276.17,255.63,98.0,Ongoing,2024-10
OCMS-N24000726,,N24000726,SIX LANING OF BIHAR - JHARKHAND BORDER (CHORDAHA) TO GORHAR SECTION,NHAI,,POWER,,2018-01,2018-01,2021-11,2025-06,,1155.16,950.49,629.74,69.0,Ongoing,2024-10
OCMS-N24000733,,N24000733,REHABILITATION AND UP- GRADATION OF EXISTING 2-LANE TO 4 LANE OF DUBURI (KM 388.376) TO CHANDIKHOLE (,NHAI,,POWER,,2018-01,2018-01,2022-08,2025-02,,633.68,633.68,560.38,81.0,Ongoing,2024-10
OCMS-N24000734,,N24000734,REHABILITATION AND UP- GRADATION OF EXISTING 2-LANE TO FOUR LANE FROM TALCHAR TO END OF KAMAKHYANAG,NHAI,,POWER,,2018-01,2018-01,2021-08,2024-11,,614.48,757.12,664.48,99.0,Ongoing,2024-10
OCMS-N24000736,,N24000736,REHABILITATION AND UPGRADATION OF CUTTACK- ANGUL SECTION TO 4 LANE (KM 60.20) TO (KM 112.0) PKG II ON,NHAI,,POWER,,2018-01,2018-01,2020-09,2024-12,,686.65,1015.16,435.85,82.0,Ongoing,2024-10
OCMS-N24000738,,N24000738,REHABILITATION AND UPGRADATION OF SIX LANING OF BHADRAK BALESHWAR SECTION (KM 136.50) TO (KM 199.141,NHAI,,POWER,,2018-01,2018-01,2021-09,2025-03,,999.0,1152.7,387.08,78.28,Ongoing,2024-10
OCMS-N24000739,,N24000739,REHABILITATION AND UP- GRADATION TO 4-LANING OF RAJAMUNDA-BARKOTE SECTION OF NH-23 (NEW NH NO. 143) (,NHAI,,POWER,,2018-01,2018-01,2021-06,2024-12,,503.88,609.03,536.89,95.0,Ongoing,2024-10
OCMS-N24000741,,N24000741,CONSTRUCTION AND UPGRADATION OF EXISTING ROAD TO 2 LANE WITH PAVED SHOULDER FROM KM 368.00 TO KM 399,NHIDCL,,RAILWAYS,,2018-03,2018-03,2020-11,2024-03,,274.31,274.31,251.61,99.0,Ongoing,2024-10
OCMS-N24000742,,N24000742,2 LANE WITH PAVED SHOULDER FROM KM 399.00 TO KM 430.00 OF KARANPARYAG TO CHAMOLI UNDER CHARDHAM PARI,NHIDCL,,RAILWAYS,,2018-03,2018-03,2020-11,2024-03,,403.36,403.36,337.72,95.91,Ongoing,2024-10
OCMS-N24000743,,N24000743,2 LANE WITH PAVED SHOULDER FROM KM 430.00 TO KM 468.00 OF CHAMOLI TO PAINI UNDER CHARDHAM PARIYOJNA,NHIDCL,,RAILWAYS,,2018-03,2018-03,2020-11,2024-03,,417.24,417.24,344.2,98.72,Ongoing,2024-10
OCMS-N24000744,,N24000744,CONSTRUCTION OF MAJOR BRIDGE OVER MIDDLE STRAIT CREEK BETWEEN KM. 106.590 TO KM. 107.762 OF NH 223 (,NHIDCL,,RAILWAYS,,2015-03,2015-03,2022-01,2026-02,,262.97,262.97,92.73,41.55,Ongoing,2024-10
OCMS-N24000745,,N24000745,"2 LANE WITH HARD SHOLDER , REHABILITATION AND UP GRADATION OF SECTION FROM KM 242.0 TO KM 298.0 OF N",NHIDCL,,RAILWAYS,,2017-03,2017-03,2019-12,2024-09,,409.85,409.85,214.23,94.59,Ongoing,2024-10
OCMS-N24000748,,N24000748,REHABILITATION AND UP GRADATION OF SECTION FROM KM 107.760 TO KM 129.445 (AFTER MIDDLE STRAIT TO HUM,NHIDCL,,RAILWAYS,,2018-02,2018-02,2020-09,2025-08,,391.0,391.0,170.37,57.55,Ongoing,2024-10
OCMS-N24000749,,N24000749,REHABILITATION AND UP GRADATION OF SECTION FROM KM 206.00 TO KM 242.00 (NIMBUTALA TO AUSTIN CREEK) O,NHIDCL,,RAILWAYS,,2018-03,2018-03,2020-09,2024-12,,234.27,234.27,126.5,80.26,Ongoing,2024-10
OCMS-N24000752,,N24000752,(I) CONSTRUCTION OF FOUR/SIX LANING FROM KM 132.375 TO KM 158.058 (TOTAL NEW ALIGNMENT LENGTH OF 20.,NHIDCL,,RAILWAYS,,2017-02,2017-02,2020-09,2024-12,,387.0,688.12,387.5,99.32,Ongoing,2024-10
OCMS-N24000753,,N24000753,(II) CONSTRUCTION OF DIMAPUR BYPASS (ASSAM PORTION) OF 4/6 LANE PAVEMENT ON EPC BASIS FROM EXISTING,NHIDCL,,RAILWAYS,,2018-03,2018-03,2022-11,2024-12,,500.09,698.81,373.62,95.65,Ongoing,2024-10
OCMS-N24000756,,N24000756,CONSTRUCTION OF TWO LANE WITH HARD SHOULDERS OF CHAKABAMA- ZUNHEBOTO ROAD FROM EXISTING KM 52.370 TO,NHIDCL,,RAILWAYS,,2018-03,2018-03,2022-09,2024-07,,285.68,285.68,174.28,99.9,Ongoing,2024-10
OCMS-N24000763,,N24000763,CONSTRUCTION OF TWO LANE WITH HARD SHOULDERS OF MERANGKONG-TAMLU- MON ROAD FROM EXISTING KM 20.456 TO,NHIDCL,,RAILWAYS,,2018-03,2018-03,2021-12,2025-08,,215.79,215.79,110.43,38.55,Ongoing,2024-10
OCMS-N24000765,,N24000765,CONSTRUCTION OF TWO LANE WITH HARD SHOULDERS OF MERANGKONG-TAMLU- MON ROAD FROM EXISTING KM 60.345 TO,NHIDCL,,RAILWAYS,,2018-03,2018-03,2018-09,2025-09,,323.98,323.98,85.56,21.85,Ongoing,2024-10
OCMS-N24000767,,N24000767,CONSTRUCTION OF 2-LANE WITH PAVED SHOULDER INCLUDING GEOMETRIC IMPROVEMENT FROM KM 0.000 TO KM 16.00,NHIDCL,,RAILWAYS,,2017-03,2017-03,2022-04,2023-12,,375.8,375.8,287.54,95.26,Ongoing,2024-10
OCMS-N24000768,,N24000768,CONSTRUCTION OF 2-LANE WITH PAVED SHOULDER INCLUDING GEOMETRIC IMPROVEMENT FROM KM 16.000 TO KM 32.5,NHIDCL,,RAILWAYS,,2017-11,2017-11,2020-10,2024-04,,290.05,290.05,218.36,100.0,Ongoing,2024-10
OCMS-N24000771,,N24000771,WIDENING TO 2-LANE WITH GEOMETRIC IMPROVEMENTS OF TURA DALU ROAD UNDER JICA FUNDING FROM KM 85.000 T,NHIDCL,,DONER,,2017-04,2017-04,2021-09,2025-03,,553.51,553.51,344.9,67.41,Ongoing,2024-10
OCMS-N24000772,,N24000772,RECONSTRUCTION WITH GEOMETRIC IMPROVEMENT OF EXISTING 2 LANE/INTERMEDIATE LANE TO 2LANE WITH PAVED S,MoRTH,,RAILWAYS,,2017-12,2017-12,2019-12,2019-12,,257.34,257.34,232.69,100.0,Ongoing,2024-10
OCMS-N24000773,,N24000773,RECONSTRUCTION WITH GEOMETRIC IMPROVEMENT OF EXISTING 2 LANE/INTERMEDIATE LANE TO 2LANE WITH PAVED S,MoRTH,,RAILWAYS,,2017-12,2017-12,2019-12,2019-12,,200.34,200.34,227.98,100.0,Ongoing,2024-10
OCMS-N24000774,,N24000774,WIDENING OF EXISTING SINGLE LANE ROAD TO TWO LANE WITH PAVED SHOULDERS CONFIGURATION FROM KM. 235.00,MoRTH,,RAILWAYS,,2017-12,2017-12,2019-12,2019-12,,248.22,248.22,236.8,100.0,Ongoing,2024-10
OCMS-N24000775,,N24000775,RECONSTRUCTION WITH GEOMETRIC IMPROVEMENT OF EXISTING 2 LANE/INTERMEDIATE LANE TO 2LANE WITH PAVED S,MoRTH,,RAILWAYS,,2017-06,2017-06,2019-06,2023-03,,282.08,282.08,234.97,100.0,Ongoing,2024-10
OCMS-N24000776,,N24000776,RECONSTRUCTION WITH GEOMETIC IMPROVEMENT OF EXISTING TWO LANE TO 2- LANE WITH PAVED SHOULDERS CONFIG,MoRTH,,RAILWAYS,,2017-11,2017-11,2019-11,2019-11,,232.81,232.81,201.58,100.0,Ongoing,2024-10
OCMS-N24000777,,N24000777,RECONSTRUCTION WITH GEOMETIC IMPROVEMENT OF SINGLE LANE TO 2- LANE WITH PAVED SHOULDER CONFIGURATION,MoRTH,,RAILWAYS,,2017-11,2017-11,2019-11,2019-11,,283.51,283.51,278.51,100.0,Ongoing,2024-10
OCMS-N24000778,,N24000778,RECONSTRUCTION WITH GEOMETRIC IMPROVEMENT OF EXISTING SINGLE/INTERMEDIATE LANE TO 2LANE WITH PAVED S,MoRTH,,RAILWAYS,,2017-11,2017-11,2019-11,2019-11,,266.52,266.52,250.34,100.0,Ongoing,2024-10
OCMS-N24000779,,N24000779,RECONSTRUCTION WITH GEOMETRIC IMPROVEMENT OF EXISTING SINGLE/INTERMEDIATE LANE TO 2 LANE WITH EAR,MoRTH,,RAILWAYS,,2018-02,2018-02,2020-02,2023-03,,418.88,418.88,339.71,94.0,Ongoing,2024-10
OCMS-N24000780,,N24000780,REHABILITATION AND UP GRADATION OF 2 LANE/ 2 LANE WITH PAVED SHOULDER FROM EXISTING KM. 172.900 TO K,MoRTH,,RAILWAYS,,2018-02,2018-02,,2023-04,,293.68,293.68,244.25,100.0,Ongoing,2024-10
OCMS-N24000781,,N24000781,CONSTRUCTION OF KUND BYPASS FROM EXISTING KM 33+130 TO KM 41+260 (EXISTING LENGTH: 8.130 KM); DESIGN,MoRTH,,RAILWAYS,,2018-05,2018-05,2020-05,2023-12,,248.0,248.0,120.5,65.56,Ongoing,2024-10
OCMS-N24000782,,N24000782,REHABILITATION AND UPGRADATION OF 2 LANE WITH PAVED SHOULDER FROM EXISTING KM. 195.175 TO KM. 220.00,MoRTH,,RAILWAYS,,2018-03,2018-03,,,,460.73,461.0,0.0,0.0,Ongoing,2024-10
OCMS-N24000784,,N24000784,6-LANING OF KOZHIKODE BYPASS (CALICUT BYPASS) (I.E. VENGALAM JN. TO RAMANATTUKARA JN.) SECTION OF NH,NHAI,,RAILWAYS,,2018-02,2018-02,2023-02,2025-03,,1424.77,2065.95,778.68,78.35,Ongoing,2024-10
OCMS-N24000788,,N24000788,REHABILITATION AND UP GRADATION OF EXISTING ROAD TO 2-LANE WITH PAVED SHOULDER CONFIGURATION IN PURU,NHAI,,POWER,,2018-03,2018-03,2022-09,2025-03,,841.57,708.3,7093.85,93.25,Ongoing,2024-10
OCMS-N24000795,,N24000795,CONSTRUCTION/ UP-GRATION OF FOUR/TWO LANE WITH PAVED SHOULDER OF NH68 FROM TANOT- RAMGARH BHADASAR-JA,NHAI,,COAL,,2018-02,2018-02,2021-04,2024-12,,741.86,649.0,672.53,96.0,Ongoing,2024-10
OCMS-N24000796,,N24000796,CONSTRUCTION OF NH-24 EXTENSION 4-LANE BYPASS STARTING FROM BEHTA ROAD AND TERMINATING AT SITAPUR RO,NHAI,,POWER,,2018-03,2018-03,2021-12,2024-07,,1117.84,1203.92,1198.22,99.66,Ongoing,2024-10
OCMS-N24000798,,N24000798,SIX LANING OF HAPUR BYPASS TO MORADABAD SECTION INCLUDING HAPUR BYPASS FROM KM 50.000 (DESIGN CHAINA,NHAI,,POWER,,2018-03,2018-03,2021-11,2024-12,,2140.93,2140.93,2063.06,97.94,Ongoing,2024-10
OCMS-N24000811,,N24000811,CONSTRUCTION OF SIX LANING OF DEDICATED PORT ROAD TO KRISHNAPATNAM PORT (PACKAGE- I) KM 0+000 TO KM 1,NHAI,,POWER,,2018-03,2018-03,2020-12,2024-12,,314.43,348.72,85.61,64.74,Ongoing,2024-10
OCMS-N24000813,,N24000813,DEVELOPMENT OF NEWLY DECLARED NH-527C FROM MAJHAULI TO CHAROUT SECTION TO 2 LANE WITH PAVED SHOULDER,NHAI,,POWER,,2018-03,2018-03,2021-11,2024-12,,496.2,537.17,379.06,95.46,Ongoing,2024-10
OCMS-N24000820,,N24000820,Rehabilitation and up gradation to 2 lane with paved shoulder configuration from existing km. 122.00,MoRTH,,RAILWAYS,,2017-11,2017-11,2019-11,2019-11,,237.8,238.0,222.13,97.46,Ongoing,2024-10
OCMS-N24000821,,N24000821,RECONSTRUCTION WITH GEOMETRIC IMPROVEMENT OF EXISTING 2 LANE/INTERMEDIATE LANE TO 2LANE WITH PAVED S,MoRTH,,RAILWAYS,,2017-11,2017-11,2019-11,2019-11,,257.34,238.0,214.9,100.0,Ongoing,2024-10
OCMS-N24000826,,N24000826,FOUR LANINIG OF CHETTIKULAM TO NATHAM SECTION OF NH-785 FROM CHETTIKULUM (KM 7.300) TO NATHAM (KM. 3,NHAI,,RAILWAYS,,2018-03,2018-03,2022-10,2024-01,,505.35,837.69,376.61,99.75,Ongoing,2024-10
OCMS-N24000827,,N24000827,FOUR LANING OF MADURAI- CHETTIKULAM SECTION OF NH-785 FROM MADURAI (KM 0/000) TO CHETTICULAM (7/300),NHAI,,RAILWAYS,,2018-03,2018-03,2020-11,2023-04,,628.71,756.13,583.02,100.0,Ongoing,2024-10
OCMS-N24000834,,N24000834,CONSTRUCTION OF EIGHT LANE VADODARA KIM EXPRESSWAY FROM KM 254.430 TO KM 279.000 (KIM TO ANKLESHWAR,NHAI,,ROAD TRANSPORT AND HIGHWAYS,,2018-03,2018-03,2021-10,2024-09,,1161.39,1404.0,418.51,39.17,Ongoing,2024-10
OCMS-N24000835,,N24000835,CONSTRUCTION OF 8 LANE DWARKA EXPRESSWAY (NH-248BB PACKAGE IV FROM RAIL OVER BRIDGE (ROB) TILL END P,NHAI,,PETROLEUM,,2018-03,2018-03,2020-12,2024-03,,1484.3,2182.41,1237.02,100.0,Ongoing,2024-10
OCMS-N24000851,,N24000851,CONSTRUCTION OF 8 LANING OF EXISTING 4 LANE VADAPE TO THANE FROM KM 539.202 TO KM 563.000 SECTION OF,NHAI,,POWER,,2018-03,2018-03,2021-07,2025-06,,1162.92,1182.87,371.48,55.0,Ongoing,2024-10
OCMS-N24000852,,N24000852,"FOUR LANING OF SOLAN- KAITHLIGHAT SECTION OF NH-22 (NOW NH-5) FROM KM 106.139 TO KM 129.050, ON EPC M",NHAI,,RAILWAYS,,2018-03,2018-03,2021-05,2024-12,,478.74,1514.46,1349.59,83.0,Ongoing,2024-10
OCMS-N24000854,,N24000854,4-LANING OF LOHA - WARANGA SECTION OF NH- 361 FROM KM. 187.800 TO KM. 244.369 (DESIGN LENGTH 56.569 K,NHAI,,POWER,,,,2021-03,2021-03,,1005.08,1005.08,699.05,100.0,Completed,2024-10
OCMS-N24000855,,N24000855,CONSTRUCTION OF 4.5 KM LONG SILKYARA TUNNEL BETWEEN KM 25.40 TO 50.25 KM (TUNNEL WORK),NHIDCL,,RAILWAYS,,2018-03,2018-03,2022-07,2026-01,,1383.78,1383.78,597.48,61.66,Ongoing,2024-10
OCMS-N24000857,,N24000857,WIDENING AND UP-GRADATION TO 2-LANE WITH PAVED SHOULDER CONFIGURATION AND GEOMETRIC IMPROVEMENTS FRO,NHIDCL,,RAILWAYS,,2017-04,2017-04,2023-04,2025-01,,519.09,785.65,649.83,90.0,Ongoing,2024-10
OCMS-N24000858,,N24000858,WIDENING AND UP-GRADATION TO 2-LANE WITH PAVED SHOULDER CONFIGURATION AND GEOMETRIC IMPROVEMENTS FRO,NHIDCL,,RAILWAYS,,2017-04,2017-04,2023-07,2024-07,,640.07,1286.35,1217.65,98.9,Ongoing,2024-10
OCMS-N24000859,,N24000859,WIDENING AND UP-GRADATION TO 2-LANE WITH PAVED SHOULDER CONFIGURATION AND GEOMETRIC IMPROVEMENTS FRO,NHIDCL,,RAILWAYS,,2017-04,2017-04,2023-06,2024-03,,642.96,988.23,729.84,99.34,Ongoing,2024-10
OCMS-N24000861,,N24000861,WIDENING AND UP-GRADATION TO 2-LANE WITH PAVED SHOULDER CONFIGURATION AND GEOMETRIC IMPROVEMENTS FRO,NHIDCL,,RAILWAYS,,2017-04,2017-04,2023-04,2025-02,,473.18,688.25,520.26,84.88,Ongoing,2024-10
OCMS-N24000862,,N24000862,WIDENING AND UP-GRADATION TO 2-LANE WITH PAVED SHOULDER CONFIGURATION AND GEOMETRIC IMPROVEMENTS FRO,NHIDCL,,RAILWAYS,,2017-04,2017-04,2023-04,2025-02,,537.82,789.05,747.56,91.6,Ongoing,2024-10
OCMS-N24000863,,N24000863,WIDENING AND UP-GRADATION TO 2-LANE WITH PAVED SHOULDER CONFIGURATION AND GEOMETRIC IMPROVEMENTS FRO,NHIDCL,,RAILWAYS,,2017-04,2017-04,2023-06,2025-03,,518.53,906.76,791.68,89.25,Ongoing,2024-10
OCMS-N24000864,,N24000864,WIDENING AND UP-GRADATION TO 2-LANE WITH PAVED SHOULDER CONFIGURATION AND GEOMETRIC IMPROVEMENTS FRO,NHIDCL,,RAILWAYS,,2017-04,2017-04,2024-04,2025-03,,404.29,750.32,593.23,84.4,Ongoing,2024-10
OCMS-N24000865,,N24000865,WIDENING AND UP-GRADATION TO 2-LANE WITH PAVED SHOULDER CONFIGURATION AND GEOMETRIC IMPROVEMENTS FRO,NHIDCL,,RAILWAYS,,2017-04,2017-04,2023-09,2025-03,,428.11,746.39,579.7,87.3,Ongoing,2024-10
OCMS-N24000868,,N24000868,UP-GRADATION TO 4-LANE WITH PAVED SHOULDER OF JAMMU- AKHNOOR ROAD SECTION OF NH- 144A FROM GANESH VIHA,NHIDCL,,RAILWAYS,,2018-03,2018-03,2021-07,2024-12,,253.44,253.44,180.32,78.28,Ongoing,2024-10
OCMS-N24000874,,N24000874,CONSTRUCTION OF NEW ROAD AT THE MISSING LINK PORTION OF NH- 81 ALONG THE APPROVED ALIGNMENT BETWEEN H,MoRTH,,POWER,,2016-03,2016-03,2018-11,2024-12,,271.17,291.2,180.63,76.9,Ongoing,2024-10
OCMS-N24000880,,N24000880,UPGRADATION OF NH-81 WITH A MINIMUM OF 2-LANE WITH PAVED SHOULDER CONFIGURATION STARTING FROM KM 19.,MoRTH,,POWER,,2018-02,2018-02,2020-09,2024-11,,426.18,426.18,364.92,90.29,Ongoing,2024-10
OCMS-N24000885,,N24000885,CONSTRUCTION OF ROB AND ITS APPROACHES IN LIEU OF UNMANNED LEVEL CROSSING AT KM 303.9 ON NH-60 (PAND,MoRTH,,POWER,,2016-03,2016-03,2023-09,2024-07,,160.27,213.97,144.31,100.0,Ongoing,2024-10
OCMS-N24000887,,N24000887,CONSTRUCTION OF TWINS 2-LANE ROB AND ITS APPROACHES IN REPLACEMENT OF EXISTING LEVEL CROSSING GATE N,MoRTH,,POWER,,2016-06,2016-06,2021-09,2024-11,,236.78,263.26,232.54,99.79,Ongoing,2024-10
OCMS-N24000892,,N24000892,2L+PS OF THIKRI ANJAD SECTION OF NH-347B,MoRTH,,RAILWAYS,,2017-11,2017-11,2018-07,2023-09,,249.05,249.05,221.19,100.0,Ongoing,2024-10
OCMS-N24000902,,N24000902,FOUR LANING OF BALACHERA- HARANGAJAO SECTION OF NH-54 (EXT) FROM KM 275.00 TO KM 244.000 IN THE STATE,NHIDCL,,RAILWAYS,,2017-10,2017-10,2020-06,2024-04,,818.0,887.68,874.3,100.0,Ongoing,2024-10
OCMS-N24000903,,N24000903,IMPROVEMENT/WIDENING TO 2-LANE WITH EARTHEN SHOULDERS FROM RANIKOR TO NONGJRI EXISTING CHAINAGE FROM,NHIDCL,,POWER,,,,2022-03,2022-03,,306.28,306.28,233.49,100.0,Completed,2024-10
OCMS-N24000907,,N24000907,WIDENING AND PAVED SHOULDER OF TOHANA (IN HARYANA) PUNJAB/HARYANA BORDER TO MOONAK-JAKHAL-BUDHLADA,MoRTH,,RAILWAYS,,2018-03,2018-03,2020-08,2024-07,,293.1,315.0,306.6,100.0,Ongoing,2024-10
OCMS-N24000909,,N24000909,JALANDHAR-HOSHIARPUR SECTION OF NH-70 [NEW NH NO. 3] FROM EXISTING KM 11.400 TO KM 49.200,MoRTH,,RAILWAYS,,2017-10,2017-10,2019-10,2025-12,,1069.59,1069.59,739.08,44.0,Ongoing,2024-10
OCMS-N24000910,,N24000910,REHABILITATION AND UP GRADATION TO 2 LANE WITH PAVED SHOULDER OF NH-703A FROM MAKHU (DESIGN CH 0 000,MoRTH,,RAILWAYS,,2018-03,2018-03,2020-11,2024-06,,170.57,150.0,104.98,79.0,Ongoing,2024-10
OCMS-N24000912,,N24000912,WIDENING TO 2LPS FROM 0/0 TO 119/0 OF NH-157 IN THE STATE OF ODISHA.,MoRTH,,POWER,,2016-08,2016-08,2017-02,2024-12,,287.7,293.66,272.95,98.66,Ongoing,2024-10
OCMS-N24000914,,N24000914,WIDENING TO 2LPS FROM 239/9 TO 294/3 OF NH-57 (NAYAGARH TO KHURDA) IN THE STATE OF ODISHA,MoRTH,,POWER,,2016-12,2016-12,2018-08,2025-03,,223.5,223.5,220.5,92.0,Ongoing,2024-10
OCMS-N24000917,,N24000917,WIDENING TO 2LPS FROM 269/30 TO 328/20 OF NH-49 IN THE STATE OF ODISHA,MoRTH,,POWER,,2018-03,2018-03,2018-08,2024-12,,199.16,199.16,155.44,98.0,Ongoing,2024-10
OCMS-N24000925,,N24000925,CONSTRUCTION OF MISSING LINKS (SINGLE LANE) IN LAKHPAT GADULI HAJIPIR ODMA KHAVDA DHOLAVIRA MAUVANA,MoRTH,,ROAD TRANSPORT AND HIGHWAYS,,2018-10,2018-10,2020-11,2024-09,,400.76,394.44,287.39,87.0,Ongoing,2024-10
OCMS-N24000928,,N24000928,FOUR LANING OF 5.122 KM OF NH9(NEW NH 65) FROM KM 269.900(DESIGN CH0.0) TO KM 275/622(DESIGN CH 5.12,MoRTH,,POWER,,,,2015-12,2015-12,,333.21,333.21,342.71,100.0,Completed,2024-10
OCMS-N24000929,,N24000929,REHABILITATION AND UPGRADATION OF NH219(NEW NH42) FROM KM 244.930 TO 299.775 (MADANAPALLI PUNGANURU,MoRTH,,POWER,,,,2017-02,2017-02,,372.68,372.68,274.76,100.0,Completed,2024-10
OCMS-N24000931,,N24000931,REHABILITATION AND UPGRADATION OF EXISTING NH- 167 FROM KM 14.900 TO KM 70.00 (DESIGN CH.14.900 TO 69,MoRTH,,POWER,,2016-11,2016-11,2017-05,2024-11,,290.15,236.16,205.02,0.0,Ongoing,2024-10
OCMS-N24000932,,N24000932,REHABILITATION AND UPGRADATION OF NH-340 FROM KM 0/0 TO KM 60/380 (DESIGN CH. 0/000 TO 60/025 EXCLUD,MoRTH,,POWER,,,,2017-08,2017-08,,319.28,319.28,245.55,100.0,Completed,2024-10
OCMS-N24000937,,N24000937,REHABILITATION AND UPGRADATION OF NEW NH-544DD FROM DESIGN CHAINAGE KM 56.00 TO 102.20 OF KALYANDURG,MoRTH,,POWER,,2018-03,2018-03,2018-08,2024-11,,289.67,285.29,254.19,98.5,Ongoing,2024-10
OCMS-N24000941,,N24000941,REHABILITATION AND UPGRADATION TO 2 LANE WITH PAVED SHOULDER OF MOGA (DESIGN CH 0.000) TO MAKHU (DES,MoRTH,,RAILWAYS,,2018-03,2018-03,2020-08,2020-08,,293.64,293.64,295.46,100.0,Ongoing,2024-10
OCMS-N24000943,,N24000943,CONSTRUCTION OF A NEW 4 LANE MAJOR BRIDGE ACROSS RIVER KOSI AT PHULAUT INCLUDING RHABILITATION AND,MoRTH,,POWER,,2018-09,2018-09,2024-06,2026-02,,1478.4,1478.4,806.35,58.0,Ongoing,2024-10
OCMS-N24000946,,N24000946,CONSTRUCTION OF 2-LANE ROAD WITH PAVED SHOULDERS FROM KM16.00 OF ROING-HUNLI SECTION TO KM 21.500 OF,NHIDCL,,POWER,,2017-03,2017-03,2022-03,2025-06,,1718.59,1718.59,683.02,69.07,Ongoing,2024-10
OCMS-N24000948,,N24000948,CONSTRUCTION OF 2 LANING OF EXISTING HUNLI-ANINI ROAD ON EPC BASIS FROM DESIGN KM 53.500 TO KM 92.50,NHIDCL,,POWER,,2016-09,2016-09,2019-12,2024-09,,568.92,568.92,508.65,100.0,Ongoing,2024-10
OCMS-N24000963,,N24000963,REHABILITATION AND UPGRADATION OF NH565 FROM EXISTING KM 361.330(DORNALA T JUNCTION) TO KM 420.800(P,MoRTH,,POWER,,,,2018-08,2018-08,,418.03,418.03,370.55,100.0,Completed,2024-10
OCMS-N24000964,,N24000964,CONSTRUCTION OF TIMMAPURAM TO GURJANAPALLE SECTION FROM KM 26.150 TO 41.161 OF NH- 214(NH216)(KAKINAD,MoRTH,,POWER,,2016-08,2016-08,2017-01,2025-05,,350.61,411.18,457.55,98.2,Ongoing,2024-10
OCMS-N24000969,,N24000969,CONSTRUCTION OF 2L+PS FROM PASARLAPUDI-DHINDI (105/700 TO 127.500 OF NH-214) OF NH-216,MoRTH,,POWER,,2017-01,2017-01,2017-09,2025-03,,263.45,263.45,246.85,85.0,Ongoing,2024-10
OCMS-N24000979,,N24000979,TWO-LANING OF HAYULIANG? HAWAI BYPASS ROAD ON EPC BASIS FROM DESIGN KM. 51.825 TO KM. 63.131 EXISTI,NHIDCL,,POWER,,2017-01,2017-01,2023-05,2025-03,,256.66,256.66,0.0,63.59,Ongoing,2024-10
OCMS-N24000980,,N24000980,WIDEINING TO TWO/FOUR LANE WITH PAVED SHOULDERS FROM EXISTING KM 182.120 TO KM 227.600 OF NH-167 ON,MoRTH,,RAILWAYS,,2016-10,2016-10,2019-02,2024-08,,298.32,298.32,178.47,98.0,Ongoing,2024-10
OCMS-N24000981,,N24000981,WIDEINING TO TWO/FOUR LANE WITH PAVED SHOULDERS FROM EXISTING KM 180.60 TO KM 223.00 OF NH-63 ON NIZ,MoRTH,,RAILWAYS,,2016-10,2016-10,2019-03,2024-08,,248.83,248.83,173.82,100.0,Ongoing,2024-10
OCMS-N24000982,,N24000982,WIDENING TO TWO LANE WITH PAVED SHOULDERS FROM KM 40/410 TO KM 84/037OF THIRUMALAGIRI TO SURYAPET SE,MoRTH,,RAILWAYS,,2017-01,2017-01,2019-05,2019-08,,244.54,244.54,176.32,99.9,Ongoing,2024-10
OCMS-N24000983,,N24000983,WIDENING TO TWO LANE WITH PAVED SHOULDERS FROM KM 0/970 TO KM 40/410 OF JANAGAON- THIRUMALAGIRI OF NH,MoRTH,,RAILWAYS,,2017-01,2017-01,2019-10,2024-02,,196.52,196.52,125.53,95.7,Ongoing,2024-10
OCMS-N24000984,,N24000984,WIDENING TO TWO LANE WITH PAVED SHOULDERS FROM KM 15.525 TO KM 62.880 OF JADCHERLA-KALWAKURTHY SECTI,MoRTH,,RAILWAYS,,2017-01,2017-01,2019-12,2019-12,,283.0,283.0,259.15,99.3,Ongoing,2024-10
OCMS-N24000986,,N24000986,WIDENING TO TWO LANE WITH PAVED SHOULDERS FROM KM 67.00 TO 114.425 OF KALWAKURTHY-MALLEPALLY SECTION,MoRTH,,RAILWAYS,,2017-01,2017-01,2019-05,2024-01,,300.0,300.0,242.86,96.05,Ongoing,2024-10
OCMS-N24000987,,N24000987,6 LANING FROM KM 9.90 TO KM 19.948 (ARAMGARH-SAMSHABAD SECTION) OF HYDERABAD- SAMSHABAD SECTION OF NH,MoRTH,,RAILWAYS,,2018-01,2018-01,2020-05,2024-08,,283.15,283.15,278.69,92.59,Ongoing,2024-10
OCMS-N24000988,,N24000988,WIDENING AND STRENGTHENING OF EXISTING 2-LANE TO 2-LANE WITH PAVED SHOULDERS FROM KM.159/0 TO 165/4,MoRTH,,RAILWAYS,,2018-01,2018-01,2019-12,2020-11,,230.03,230.03,231.34,99.9,Ongoing,2024-10
OCMS-N24000989,,N24000989,WIDENING AND STRENGTHENING OF EXISTING CARRIAGEWAY IN 2 LANE WITH PAVED SHOULDERS FROM KM.25/0 TO 59,MoRTH,,RAILWAYS,,2018-02,2018-02,2020-06,2021-01,,206.13,206.13,190.94,98.36,Ongoing,2024-10
OCMS-N24000990,,N24000990,REHABILITATION AND UPGRADATION OF NH-167 FROM DESIGN KM.113.900 TO 154.479 (MALLEPALLY - HALIYA SECT,MoRTH,,RAILWAYS,,2018-02,2018-02,2019-11,2024-01,,294.13,294.13,200.1,87.44,Ongoing,2024-10
OCMS-N24000993,,N24000993,REHABILITATION AND UPGRADATION OF NH-167 FROM DESIGN KM.187.723 TO 234.434 (MIRYALAGUDA TO KODAD SEC,MoRTH,,RAILWAYS,,2018-03,2018-03,2020-09,2023-06,,322.81,322.81,317.05,98.09,Ongoing,2024-10
OCMS-N24000994,,N24000994,CONSTRUCTION OF SIX LANE ELEVATED CORRIDOR FROM KM.7.950 (UPPAL) TO KM.14.200 OF NH-163 TO DE-CONGES,MoRTH,,RAILWAYS,,2018-03,2018-03,2020-07,2026-02,,626.76,626.76,282.78,44.3,Ongoing,2024-10
OCMS-N24000996,,N24000996,REHABILITATION AND UP- GRADATION TO TWO LANE WITH PAVED SHOULDERS FROM KM 0/0 TO 72/6 OF NH-365 (NAKR,MoRTH,,RAILWAYS,,2017-01,2017-01,2019-10,2021-06,,605.08,605.08,416.32,99.84,Ongoing,2024-10
OCMS-N24000997,,N24000997,REHABILITATION AND UP GRADATION FROM KM. 121/0 TO 154/0 OF NAKAREKAL ? MALLAMPALLY SECTION OF NH-365,MoRTH,,RAILWAYS,,2018-03,2018-03,2019-07,2024-08,,192.67,192.67,176.37,92.0,Ongoing,2024-10
OCMS-N24000998,,N24000998,WIDENING AND STRENGTHENING/ RECONSTRUCTION OF EXISTING PAVEMENT TO FOUR ALNE WITH PAVED SHOULDERS FR,MoRTH,,RAILWAYS,,2019-01,2019-01,,2024-08,,193.19,249.72,224.1,95.0,Ongoing,2024-10
OCMS-N24001002,,N24001002,SARSAM TO KOTHARI,MoRTH,,POWER,,2016-02,2016-02,2019-07,2023-12,,545.64,545.64,232.64,93.68,Ongoing,2024-10
OCMS-N24001003,,N24001003,AKOLA TO AKOT,MoRTH,,POWER,,2017-01,2017-01,2019-06,2023-12,,313.95,313.95,270.26,99.0,Ongoing,2024-10
OCMS-N24001008,,N24001008,AJANTHA TO BULDHANA,MoRTH,,RAILWAYS,,2017-02,2017-02,2019-07,2023-12,,401.0,401.0,260.08,97.0,Ongoing,2024-10
OCMS-N24001013,,N24001013,DIGRAS DARWAH KARANJA,MoRTH,,POWER,,2017-01,2017-01,2019-06,2023-12,,391.06,391.06,287.6,92.76,Ongoing,2024-10
OCMS-N24001017,,N24001017,DAHEGAON TO KUHI,MoRTH,,POWER,,2017-01,2017-01,2019-06,2023-12,,228.89,228.89,154.82,99.0,Ongoing,2024-10
OCMS-N24001018,,N24001018,BHANDARA TO GHOTITOK,MoRTH,,POWER,,2017-01,2017-01,2019-06,2019-06,,392.83,392.83,274.75,100.0,Ongoing,2024-10
OCMS-N24001021,,N24001021,AMDI TO SAONER,MoRTH,,POWER,,2017-01,2017-01,2019-06,2023-12,,396.91,396.91,289.79,98.69,Ongoing,2024-10
OCMS-N24001022,,N24001022,WADI TO ASOLA,MoRTH,,POWER,,2017-01,2017-01,2019-09,2023-12,,363.82,363.82,154.65,93.15,Ongoing,2024-10
OCMS-N24001026,,N24001026,WAKAN PALI KHOPOLI,MoRTH,,POWER,,,,2019-05,2019-05,,376.19,376.19,118.74,100.0,Completed,2024-10
OCMS-N24001027,,N24001027,SHAHPUR PATGAON SECTION I,MoRTH,,POWER,,2018-01,2018-01,2019-12,2024-03,,150.79,150.79,81.14,70.66,Ongoing,2024-10
OCMS-N24001029,,N24001029,AHMADPUR TO PIMPLA,MoRTH,,POWER,,,,2019-08,2019-08,,422.38,422.38,269.59,100.0,Completed,2024-10
OCMS-N24001030,,N24001030,PIMPLA TO MANJARSUMBHA,MoRTH,,POWER,,,,2019-08,2019-08,,595.77,595.77,357.73,100.0,Completed,2024-10
OCMS-N24001035,,N24001035,MANSAR TO SALAIKHURD,MoRTH,,POWER,,,,2019-12,2019-12,,418.36,418.36,263.13,100.0,Completed,2024-10
OCMS-N24001039,,N24001039,JINTUR TO PARBHANI,MoRTH,,POWER,,2017-01,2017-01,,2023-12,,356.66,356.66,209.48,80.48,Ongoing,2024-10
OCMS-N24001040,,N24001040,JAHIRABAD TO LATUR,MoRTH,,POWER,,,,2019-11,2019-11,,461.96,461.96,329.59,100.0,Completed,2024-10
OCMS-N24001041,,N24001041,SHIROD SHAHPURER TO NANDED,MoRTH,,POWER,,,,2019-07,2019-07,,211.34,211.34,136.33,100.0,Completed,2024-10
OCMS-N24001042,,N24001042,SALAIKHURD TO TIRORA,MoRTH,,POWER,,,,2019-12,2019-12,,415.25,415.25,274.02,100.0,Completed,2024-10
OCMS-N24001043,,N24001043,NILAJPHATA TO BHANDARA,MoRTH,,POWER,,,,2020-05,2020-05,,420.63,420.63,219.4,100.0,Completed,2024-10
OCMS-N24001046,,N24001046,RALEGAON TO RAMTIRTH,MoRTH,,POWER,,2017-01,2017-01,2019-07,2023-08,,210.81,210.81,210.81,97.0,Ongoing,2024-10
OCMS-N24001048,,N24001048,MEHKAR TO AJISPUR,MoRTH,,POWER,,,,2019-07,2019-07,,232.77,232.77,151.6,100.0,Completed,2024-10
OCMS-N24001050,,N24001050,VITA TO NAGAJ,MoRTH,,POWER,,2018-03,2018-03,2019-12,2023-12,,304.58,304.58,154.68,68.39,Ongoing,2024-10
OCMS-N24001057,,N24001057,KARAD PATAN CHIPLUN GUHAGAR,MoRTH,,POWER,,2017-02,2017-02,2019-06,2023-10,,407.19,407.19,323.02,89.97,Ongoing,2024-10
OCMS-N24001058,,N24001058,KARWANDI TO RAJURI,MoRTH,,POWER,,2018-03,2018-03,2019-12,2024-03,,276.95,276.95,160.94,92.06,Ongoing,2024-10
OCMS-N24001060,,N24001060,PALPHATA TO PHULAMBARI,MoRTH,,POWER,,2018-03,2018-03,2019-12,2023-12,,227.19,227.19,141.92,95.0,Ongoing,2024-10
OCMS-N24001061,,N24001061,CHIKALI TO DHAD,MoRTH,,POWER,,,,2019-12,2019-12,,189.46,189.46,133.07,100.0,Completed,2024-10
OCMS-N24001062,,N24001062,DHAD BHOKARDAN TO BHOKARDHAN SILLOD,MoRTH,,POWER,,,,2019-12,2019-12,,336.21,336.21,236.11,100.0,Completed,2024-10
OCMS-N24001065,,N24001065,PARBHANI TO GANGKHED,MoRTH,,POWER,,,,2019-12,2019-12,,238.19,238.19,194.54,100.0,Completed,2024-10
OCMS-N24001069,,N24001069,NANDED TO JALKOT,MoRTH,,POWER,,2017-12,2017-12,2019-09,2019-09,,456.93,456.93,278.22,0.0,Ongoing,2024-10
OCMS-N24001073,,N24001073,KOTHARI TO DHANORA,MoRTH,,POWER,,,,2020-08,2020-08,,301.38,301.38,240.32,100.0,Completed,2024-10
OCMS-N24001075,,N24001075,OSMANNAGAR TO KUNDRAL,MoRTH,,POWER,,,,2020-08,2020-08,,344.25,344.25,194.72,100.0,Completed,2024-10
OCMS-N24001078,,N24001078,PUNE TO MALE VILLAGE,MoRTH,,POWER,,2018-03,2018-03,2019-12,2023-12,,228.31,228.31,100.97,93.83,Ongoing,2024-10
OCMS-N24001079,,N24001079,ARDHAPUR TO HIMAYATNAGAR,MoRTH,,POWER,,2017-12,2017-12,2020-06,2023-12,,426.06,426.06,271.4,96.25,Ongoing,2024-10
OCMS-N24001080,,N24001080,MALE VILLAGE TO PUNE RAIGARH DISTRICT BORDER,MoRTH,,POWER,,2018-03,2018-03,2019-12,2023-10,,256.15,256.15,126.62,98.0,Ongoing,2024-10
OCMS-N24001081,,N24001081,HIMAYATNAGAR TO PHULSAWANGI,MoRTH,,POWER,,2018-03,2018-03,2019-12,2023-12,,294.87,294.87,183.17,90.0,Ongoing,2024-10
OCMS-N24001082,,N24001082,PUNE RAIGARH DISTRICT BORDER TO MANGAON,MoRTH,,POWER,,2018-03,2018-03,2019-12,2023-12,,223.46,223.46,123.46,100.0,Ongoing,2024-10
OCMS-N24001090,,N24001090,KOLDE TO KHETIYA,MoRTH,,POWER,,2017-01,2017-01,2019-07,2023-12,,509.18,509.18,283.13,94.81,Ongoing,2024-10
OCMS-N24001092,,N24001092,SATARA TO MHASWAD,MoRTH,,POWER,,2017-01,2017-01,2019-07,2023-12,,653.46,653.46,369.62,76.76,Ongoing,2024-10
OCMS-N24001095,,N24001095,SATARA MURVAD PILLOV PANDHARPUR,MoRTH,,POWER,,2017-01,2017-01,,2024-06,,388.44,388.44,240.05,88.16,Ongoing,2024-10
OCMS-N24001097,,N24001097,SELDOH TO PANVAR,MoRTH,,POWER,,2018-07,2018-07,2020-05,2020-05,,404.33,404.33,140.65,0.0,Ongoing,2024-10
OCMS-N24001099,,N24001099,MHASWAD TO TEMBHURNI,MoRTH,,POWER,,2017-01,2017-01,2019-07,2023-12,,488.6,488.6,279.42,76.5,Ongoing,2024-10
OCMS-N24001101,,N24001101,KURUDWADI TO PANDHARPUR,MoRTH,,POWER,,2017-01,2017-01,2019-07,2023-11,,307.63,307.63,232.57,96.27,Ongoing,2024-10
OCMS-N24001102,,N24001102,PANDHARPUR TO SANGOLA,MoRTH,,POWER,,2017-07,2017-07,2019-07,2023-12,,218.38,218.38,182.63,99.78,Ongoing,2024-10
OCMS-N24001105,,N24001105,CHIMUR TO WARORA,MoRTH,,POWER,,,,2019-03,2019-03,,467.7,467.7,235.04,100.0,Completed,2024-10
OCMS-N24001106,,N24001106,PEN TO KHOPOLI,MoRTH,,POWER,,2018-03,2018-03,2018-03,2024-01,,301.39,301.39,170.12,82.07,Ongoing,2024-10
OCMS-N24001107,,N24001107,PANCHARAL TO MANDANGHAR,MoRTH,,POWER,,2018-07,2018-07,2020-05,2020-05,,381.08,381.08,45.66,0.0,Ongoing,2024-10
OCMS-N24001111,,N24001111,KOLHA TO NASRATPUR,MoRTH,,POWER,,2016-04,2016-04,2019-04,2024-08,,281.78,281.78,77.83,0.0,Ongoing,2024-10
OCMS-N24001112,,N24001112,NASRATPUR TO BARASGAON,MoRTH,,POWER,,2016-07,2016-07,2019-09,2024-03,,406.54,406.54,274.3,80.7,Ongoing,2024-10
OCMS-N24001113,,N24001113,BARASGAON TO RAHATEE,MoRTH,,POWER,,,,2018-09,2018-09,,289.11,289.11,232.56,100.0,Completed,2024-10
OCMS-N24001114,,N24001114,INDAPUR TO VADPALE,MoRTH,,POWER,,2017-01,2017-01,2019-12,2024-03,,1202.52,1202.52,1450.82,61.42,Ongoing,2024-10
OCMS-N24001122,,N24001122,PAITHAN TO SHIRUR,MoRTH,,POWER,,2017-03,2017-03,2019-06,2024-03,,341.8,341.8,226.19,78.6,Ongoing,2024-10
OCMS-N24001123,,N24001123,SHIRUR TO KHARDA,MoRTH,,POWER,,2017-02,2017-02,2019-06,2023-12,,381.77,381.77,199.48,83.93,Ongoing,2024-10
OCMS-N24001124,,N24001124,AURANGABAD TO SILLOD,MoRTH,,POWER,,2017-02,2017-02,2019-06,2023-12,,456.32,456.32,355.54,94.07,Ongoing,2024-10
OCMS-N24001125,,N24001125,SILLOD TO FARDAPUR,MoRTH,,POWER,,2017-02,2017-02,2019-06,2023-12,,337.46,337.46,335.3,91.56,Ongoing,2024-10
OCMS-N24001126,,N24001126,FARDAPUR TO JALGAON,MoRTH,,POWER,,,,2019-06,2019-06,,456.45,456.45,427.43,100.0,Completed,2024-10
OCMS-N24001127,,N24001127,KUMBHARI PHTA TO DEULGAON RAJA,MoRTH,,POWER,,2017-02,2017-02,2019-06,2024-02,,406.51,406.51,340.26,87.84,Ongoing,2024-10
OCMS-N24001130,,N24001130,RECONSTRUCTION WITH GEOMETRIC IMPROVMENT OF EXISTING INTERMEDIATE LANE TO 2 LANE WITH PAVED SHOULDER,MoRTH,,RAILWAYS,,2016-08,2016-08,2017-12,2017-12,,234.88,234.88,237.19,100.0,Ongoing,2024-10
OCMS-N24001132,,N24001132,BHOGAN KHURD TO KASHEDI,MoRTH,,POWER,,2017-09,2017-09,2021-06,2023-12,,743.21,743.21,911.64,88.69,Ongoing,2024-10
OCMS-N24001134,,N24001134,KANTE TO WAKED,MoRTH,,POWER,,2016-03,2016-03,2019-11,2024-12,,1230.02,1230.02,791.8,0.0,Ongoing,2024-10
OCMS-N24001138,,N24001138,PARLI PIMPLA DAHIGUDA,MoRTH,,POWER,,2017-02,2017-02,2019-06,2023-08,,205.72,205.72,85.71,100.0,Ongoing,2024-10
OCMS-N24001150,,N24001150,WARDHA TO ARVI,MoRTH,,POWER,,,,2020-04,2020-04,,313.58,313.58,230.41,100.0,Completed,2024-10
OCMS-N24001156,,N24001156,WIDENING TO TWO LANE WITH PAVED SHOULDER FROM KM 544.200 TO KM 594.000 OF NH-150A HOSMANE CROSS ? PA,MoRTH,,POWER,,2017-01,2017-01,2017-09,2023-05,,166.67,264.34,192.08,100.0,Ongoing,2024-10
OCMS-N24001157,,N24001157,IMPROVEMENTS AND RECONSTRUCTION TO TWO LANE WITH PAVED SHOULDERS FROM KM 243.20 TO KM 290.20 OF NH,MoRTH,,POWER,,2016-08,2016-08,2017-02,2024-07,,175.5,241.6,189.72,90.1,Ongoing,2024-10
OCMS-N24001158,,N24001158,RECONSTRUCTION TO TWO LANE WITH PAVED SHOULDERS FROM DS. CH. 442+180 (EX. KM 448.00) TO DS. CH.485+2,MoRTH,,POWER,,2018-03,2018-03,2019-06,2023-12,,159.97,242.61,113.15,100.0,Ongoing,2024-10
OCMS-N24001159,,N24001159,WIDENING TO TWO LANE WITH PAVED SHOULDERS FROM KM 20.150 TO KM 40.00 OF BC ROAD KOTTIGEHARA SECTION,MoRTH,,POWER,,2018-01,2018-01,2018-07,2022-03,,159.7,159.7,142.88,100.0,Ongoing,2024-10
OCMS-N24001160,,N24001160,WIDENING TO TWO LANE WITH PAVED SHOULDER FROM KM 194.900 TO KM 243.200 OF NH-234 BANAVARA-HULIYAR,MoRTH,,POWER,,2017-09,2017-09,2018-10,2022-04,,191.6,191.6,112.03,100.0,Ongoing,2024-10
OCMS-N24001161,,N24001161,WIDENING TO TWO LANE WITH PAVED SHOULDERS FROM 24.600 TO 70.063 OF MUDIGERE TO KADUR SECTION OF NH,MoRTH,,POWER,,2017-12,2017-12,2019-01,2022-04,,297.3,318.28,280.25,100.0,Ongoing,2024-10
OCMS-N24001162,,N24001162,IMPROVEMENT AND RECONSTRUCTION TO TWO LANE WITH PAVED SHOULDERS FROM KM 489.845 (NEW KM.58.125) AN,MoRTH,,POWER,,2018-03,2018-03,2018-10,2022-11,,325.86,386.41,356.78,100.0,Ongoing,2024-10
OCMS-N24001164,,N24001164,WIDENING TO 2 LANE WITH PAVED SHOULDERS FROM KM 0 TO 54 OF NH-50 UNDER EPC MODE IN THE STATE OF KARN,MoRTH,,POWER,,2016-10,2016-10,2017-03,2022-07,,396.96,396.96,329.58,100.0,Ongoing,2024-10
OCMS-N24001165,,N24001165,WIDENING TO 2 LANE WITH PAVED SHOULDERS FROM KM 34.00 TO 70.900 OF NH-150 UNDER EPC MODE IN THE STAT,MoRTH,,POWER,,2016-11,2016-11,2017-03,2021-10,,314.9,314.9,233.95,100.0,Ongoing,2024-10
OCMS-N24001166,,N24001166,WIDENING TWO LANE WITH PAVED SHOULDERS FROM FROM KM.56.00 TO 106.00 OF NH-218 (218-KNT-2014- 15-775),MoRTH,,POWER,,2015-03,2015-03,2016-01,2024-07,,159.12,159.12,127.72,98.0,Ongoing,2024-10
OCMS-N24001168,,N24001168,ESTIMATE FOR WIDENING TWO LANE TO FOUR LANE FROM FROM KM.129.00 TO 144.00 OF NH-63 ANKOLA-GOOTY SECT,MoRTH,,POWER,,2018-05,2018-05,2018-05,2023-12,,171.6,171.6,134.81,100.0,Ongoing,2024-10
OCMS-N24001172,,N24001172,WIDENING TO TWO LANE WITH PAVED SHOULDER FROM KM 4.40 TO KM 56.00 OF NH-218 BIJAPURA- HUBLI SECTION U,MoRTH,,POWER,,2017-01,2017-01,2017-08,2022-06,,291.49,291.49,238.77,100.0,Ongoing,2024-10
OCMS-N24001173,,N24001173,CONSTRUCTION OF MAJOR BRIDGE AT KM 180.865 ACROSS RIVER KRISHNA ON NH-167 HAGARI ? JADERCELA SECTION,MoRTH,,POWER,,2017-02,2017-02,2019-05,2025-10,,157.32,187.61,62.31,60.0,Ongoing,2024-10
OCMS-N24001179,,N24001179,CONSTRUCTION OF 2 LANE WITH PAVED SHOULDER FROM KM. 168 TO 183.783 (YESEMYONG TO UNGER) ON MOKOKCHUN,MoRTH,,RAILWAYS,,2017-03,2017-03,2020-11,2023-02,,217.35,217.35,214.18,100.0,Ongoing,2024-10
OCMS-N24001180,,N24001180,WIDENING OF EXISTING SINGLE/INTERMEDIATE LANE ROAD TO 2 LANE ROAD FROM KM. 83.00 TO KM 101.00 ON NH,MoRTH,,RAILWAYS,,2019-03,2019-03,2022-12,2023-01,,237.51,237.51,201.2,100.0,Ongoing,2024-10
OCMS-N24001185,,N24001185,SIX LANING OF CHAKERI TO ALLAHABAD SECTION OF NH-2 FROM KM 483.687 TO KM 628.753 (DESIGN LENGTH ? 14,NHAI,,POWER,,2017-11,2017-11,2021-07,2024-12,,2159.0,2262.0,2249.93,97.5,Ongoing,2024-10
OCMS-N24001201,,N24001201,CONSTRUCTION OF A NEW 4 LANE BRIDGE PARALLEL TO EXISTING MG SETU WITH ITS APPROACHES FROM KM 0.00,MoRTH,,POWER,,2019-02,2019-02,2024-09,2026-02,,2926.42,2926.42,970.95,47.0,Ongoing,2024-10
OCMS-N24001216,,N24001216,WIDENING TO 2 LANE WITH PAVED SHOULDERS AND GEOMETRIC IMPROVEMENT OF NH-114A FROM KM 141 TO KM 184 I,MoRTH,,POWER,,2016-12,2016-12,2021-09,2024-12,,196.0,196.0,164.21,90.0,Ongoing,2024-10
OCMS-N24001217,,N24001217,REHABILITATION AND UPGRADATION OF NH 43 KANKER TO BEDMA SECTION KM. 130 TO 180,MoRTH,,PETROLEUM,,2016-01,2016-01,2016-08,2024-12,,497.14,572.66,367.31,57.8,Ongoing,2024-10
OCMS-N24001221,,N24001221,REHABILITATION AND UPGRADATION OF NH 78 FROM KM 373.505 TO 469.300 AMBIKAPUR TO PATHALGAON SECTION,MoRTH,,PETROLEUM,,2016-01,2016-01,2016-10,2024-12,,624.98,731.5,607.59,99.0,Ongoing,2024-10
OCMS-N24001222,,N24001222,REHABILITATION AND UPGRADATION OF NH 78 FROM KM 469.000 TO 531.000 PATTHALGAON TO KUNKURI,MoRTH,,PETROLEUM,,2016-03,2016-03,2016-07,2025-03,,452.94,435.61,297.82,63.86,Ongoing,2024-10
OCMS-N24001227,,N24001227,CONSTRUCTION OF 4 NOS GRADE SEPARATOR BETWEEN KM. 281.000 TO KM 307.600 KM. 286.400 KUMHARI KM. 299.,MoRTH,,PETROLEUM,,2018-03,2018-03,2019-01,2024-12,,349.03,349.03,316.52,97.9,Ongoing,2024-10
OCMS-N24001228,,N24001228,UPGRADATION AND WIDENING OF BILASPUR TO MUNGELI SECTION NH-130A,MoRTH,,PETROLEUM,,2017-11,2017-11,2019-05,2024-12,,188.8,188.8,136.81,97.0,Ongoing,2024-10
OCMS-N24001241,,N24001241,UP-GRADATION TO TWO LANING WITH PAVED SHOULDER OF AJMER- NAGAUR SECTION BY EXECUTING BALANCE WORK FRO,MoRTH,,COAL,,2020-03,2020-03,2022-10,2024-12,,255.23,255.23,256.0,97.0,Ongoing,2024-10
OCMS-N24001244,,N24001244,CONSTRUCTION OF 2-LANING WITH HARD SHOULDERS OF ARROWA-KHUPA- HAYULIANG SECTION OF NH-113 FROM CH.68.,NHIDCL,,POWER,,2020-08,2020-08,2022-04,2025-02,,301.06,301.06,140.75,62.76,Ongoing,2024-10
OCMS-N24001245,,N24001245,CONSTRUCTION OF 2-LANING WITH HARD SHOULDERS OF DEMWE-BRAHMAKUND SECTION OF NH-13 FROM CH.0.00 KM TO,NHIDCL,,POWER,,2020-09,2020-09,2022-05,2024-03,,353.9,353.9,41.82,25.38,Ongoing,2024-10
OCMS-N24001246,,N24001246,4-LANING OF HAPACHARA - TULUNGIA SECTION,NHIDCL,,RAILWAYS,,2020-03,2020-03,2022-12,2024-08,,220.2,220.2,216.04,97.76,Ongoing,2024-10
OCMS-N24001248,,N24001248,WIDENING/IMPROVEMENT TO 4-LANE WITH PAVED SHOULDER FROM CH.75.330KM TO CH.88.00KM (DESIGN CH.71.800,NHIDCL,,RAILWAYS,,2020-08,2020-08,2022-04,2024-07,,208.84,208.84,193.58,100.0,Ongoing,2024-10
OCMS-N24001251,,N24001251,CONSTUCTION/UPGRADATION OF EXISTING HIGHWAY TO 2 LANE WITH PAVED SHOULDER FROM KM 0.00 TO KM 13.00 N,NHIDCL,,RAILWAYS,,2019-03,2019-03,2022-04,2025-01,,402.94,402.94,238.46,73.11,Ongoing,2024-10
OCMS-N24001252,,N24001252,CONSTUCTION/UPGRADATION OF EXISTING HIGHWAY TO 2 LANE WITH PAVED SHOULDER FROM KM 13.00 TO KM 25.600,NHIDCL,,RAILWAYS,,2020-08,2020-08,2023-04,2025-03,,295.97,295.97,243.94,93.43,Ongoing,2024-10
OCMS-N24001253,,N24001253,"CONSTRUCTION, OPERATION AND MAINTENANCE OF Z-MORH TUNNEL INCLUDING APPROACHES ON NH-01 SRINAGAR-SONA",NHIDCL,,RAILWAYS,,2019-12,2019-12,2023-12,2024-07,,2680.42,2680.42,0.0,95.05,Ongoing,2024-10
OCMS-N24001254,,N24001254,CONSTUCTION/UPGRADATION OF EXISTING HIGHWAY TO 2 LANE WITH PAVED SHOULDER FROM KM 26.10 TO KM 40.00,NHIDCL,,RAILWAYS,,2020-03,2020-03,2022-06,2024-01,,242.97,244.45,246.91,100.0,Ongoing,2024-10
OCMS-N24001255,,N24001255,CONSTRUCTION OF 2-LANE WITH PAVED SHOULDER OF KOHIMA-BYPASS ROAD FROM DESIGN KM10.500 TO 21.00KM [D,NHIDCL,,RAILWAYS,,2020-09,2020-09,2022-10,2024-09,,277.44,277.44,160.86,62.33,Ongoing,2024-10
OCMS-N24001256,,N24001256,CONSTRUCTION OF (I) CONNECTING ROAD FROM Z-MORH TUNNEL TO ZOJILA TUNNEL AND (II) 14.150 KM LONG BI-D,NHIDCL,,RAILWAYS,,2020-08,2020-08,2026-09,2026-09,,6808.69,6808.69,3013.84,49.92,Ongoing,2024-10
OCMS-N24001257,,N24001257,CONSTRUCTION OF 2-LANE WITH PAVED SHOULDER OF KOHIMA-BYPASS ROAD FROM DESIGN KM21.0 TO KM32.0 [DESIG,NHIDCL,,RAILWAYS,,2020-08,2020-08,2022-10,2025-06,,159.85,159.85,79.96,16.82,Ongoing,2024-10
OCMS-N24001258,,N24001258,CONSTRUCTION OF 2-LANE WITH PAVED SHOULDER OF KOHIMA-BYPASS ROAD FROM DSIGN KM32.0 TO KM43.454 [DES,NHIDCL,,RAILWAYS,,2020-08,2020-08,2022-04,2025-02,,202.36,202.36,72.03,26.96,Ongoing,2024-10
OCMS-N24001259,,N24001259,UPGRADATION OF EXISTING ROAD TO 2- LANE WITH PAVED SHOULDER FROM KOHIMA TO MAO FROM KM 185.540 TO KM,NHIDCL,,RAILWAYS,,2020-09,2020-09,2022-04,2025-02,,315.63,315.63,95.84,74.23,Ongoing,2024-10
OCMS-N24001261,,N24001261,CONSTRUCTION AND UPGRADATION OFEXISTINGROAD TO 2-LANE WITH PAVED SHOULDER INCLUDING GEOMETRIC IMPROV,NHIDCL,,RAILWAYS,,2020-08,2020-08,2023-04,2024-10,,311.0,273.78,240.6,93.88,Ongoing,2024-10
OCMS-N24001262,,N24001262,CONSTRUCTION AND UPGRADATION OFEXISTINGROAD TO 2-LANE WITH PAVED SHOULDER INCLUDING GEOMETRIC IMPROV,NHIDCL,,RAILWAYS,,2020-07,2020-07,2023-04,2025-03,,345.38,395.59,356.67,89.39,Ongoing,2024-10
OCMS-N24001263,,N24001263,REHABILITATION AND UPGRADATION OF ROAD FROM KM 0.00 TO KM 18.600 OF KUMARGHAT-KAILASHAHAR SECTION,NHIDCL,,PETROLEUM,,2020-06,2020-06,2022-01,2024-11,,277.5,302.02,253.5,99.2,Ongoing,2024-10
OCMS-N24001264,,N24001264,UP-GRADATION TO 2-LANE WITH PAVED SHOULDER FROM KM 12.850 TO KM20.300 OF 7.450KM LENGTH ON GOHA-KHEL,NHIDCL,,RAILWAYS,,2020-07,2020-07,2022-04,2025-10,,228.39,228.39,65.27,85.08,Ongoing,2024-10
OCMS-N24001266,,N24001266,UP-GRADATION TO 2-LANE WITH PAVED SHOULDER FROM KM 20.300 TO KM 29.030 OF 8.730 KM LENGTH ON GOHA-K,NHIDCL,,RAILWAYS,,2020-07,2020-07,2022-04,2024-12,,210.79,210.79,67.63,86.77,Ongoing,2024-10
OCMS-N24001269,,N24001269,2-LANING OF CHURACHANDPUR TUIVAI SECTION OF NH-102B (PKG- IB),NHIDCL,,RAILWAYS,,2020-03,2020-03,2022-03,2025-01,,216.49,216.49,104.36,79.48,Ongoing,2024-10
OCMS-N24001270,,N24001270,2-LANING OF CHURACHANDPUR TUIVAI SECTION OF NH-102B (PKG- 2A),NHIDCL,,RAILWAYS,,2020-03,2020-03,2022-06,2025-01,,292.24,292.24,127.86,85.33,Ongoing,2024-10
OCMS-N24001271,,N24001271,2-LANING OF CHURACHANDPUR TUIVAI SECTION OF NH-102B (PKG- 2B),NHIDCL,,RAILWAYS,,2020-06,2020-06,2022-08,2025-01,,365.53,365.53,156.31,77.36,Ongoing,2024-10
OCMS-N24001272,,N24001272,2-LANING OF CHURACHANDPUR TUIVAI SECTION OF NH-102B (PKG- 4A),NHIDCL,,RAILWAYS,,2020-03,2020-03,2022-06,2025-01,,167.95,167.95,88.05,69.89,Ongoing,2024-10
OCMS-N24001273,,N24001273,2-LANING OF CHURACHANDPUR TUIVAI SECTION OF NH-102B (PKG- 4B),NHIDCL,,RAILWAYS,,2020-07,2020-07,2022-08,2025-02,,177.76,177.76,89.67,80.53,Ongoing,2024-10
OCMS-N24001274,,N24001274,IMPROVEMENT/UPGRADATION OF EXISTING 2-LANE TO 4-LANE DIVIDED HIGHWAY FROM TAPHOU KUKI TO DAILI SECTI,NHIDCL,,RAILWAYS,,2020-08,2020-08,2022-04,2025-06,,379.39,379.39,189.86,45.88,Ongoing,2024-10
OCMS-N24001275,,N24001275,IMPROVEMENT/UPGRADATION OF EXISTING 2-LANE TO 4-LANE DIVIDED HIGHWAY FROM DAILI TO KURAOPOKPI SECTIO,NHIDCL,,RAILWAYS,,2020-08,2020-08,2022-04,2025-12,,268.98,268.98,22.08,0.0,Ongoing,2024-10
OCMS-N24001276,,N24001276,IMPROVEMENT/UPGRADATION OF EXISTING 2-LANE TO 4-LANE DIVIDED HIGHWAY FROM KURAOPOKPI TO SEKMAI SECTI,NHIDCL,,RAILWAYS,,2020-08,2020-08,2022-04,2025-12,,228.97,228.97,0.0,0.0,Ongoing,2024-10
OCMS-N24001277,,N24001277,CONSTRUCTION OF CHHIATHLANG - SERCHHIP BYPASS (PKG-1) ON AIZAWL- TUIPANG SECTION OF NH-54,NHIDCL,,RAILWAYS,,2020-09,2020-09,2022-10,2024-03,,275.02,247.25,231.19,99.73,Ongoing,2024-10
OCMS-N24001278,,N24001278,CONSTRUCTION OF TWO LANE WITH PAVED SHOULDER OF SELLING-DULTE SECTION OF NH-06 (PKG-I),NHIDCL,,RAILWAYS,,2020-03,2020-03,2022-07,2024-06,,206.88,219.33,206.58,97.01,Ongoing,2024-10
OCMS-N24001280,,N24001280,2 LANING OF KOHIMA - JESSAMI SECTION,PACKAGE I,,POWER,,,,2022-06,2022-06,,320.97,320.97,182.21,100.0,Completed,2024-10
OCMS-N24001281,,N24001281,CONSTRUCTION OF TWO LANE WITH PAVED SHOULDER OF SELLING-DULTE SECTION OF NH-06 (PKG-III),NHIDCL,,RAILWAYS,,2020-03,2020-03,2022-07,2025-07,,292.24,331.17,293.9,91.64,Ongoing,2024-10
OCMS-N24001282,,N24001282,2 LANING OF KOHIMA - JESSAMI SECTION,PACKAGE II,,RAILWAYS,,2020-03,2020-03,2022-06,2026-01,,355.79,355.79,109.24,60.49,Ongoing,2024-10
OCMS-N24001284,,N24001284,2 LANING OF KOHIMA - JESSAMI SECTION,PACKAGE III,,POWER,,,,2022-06,2022-06,,361.53,361.53,200.22,100.0,Completed,2024-10
OCMS-N24001286,,N24001286,2-LANING OF CHANGTONGYA TO LONGLENG ROAD OF NH-702 (PKG-I),NHIDCL,,RAILWAYS,,2020-03,2020-03,2022-06,2023-06,,278.95,278.95,166.29,100.0,Ongoing,2024-10
OCMS-N24001287,,N24001287,2 LANING OF KOHIMA - JESSAMI SECTION,PACKAGE V,,RAILWAYS,,2020-04,2020-04,2021-12,2025-11,,330.8,330.8,115.3,61.37,Ongoing,2024-10
OCMS-N24001288,,N24001288,CONSTRUCTION OF 2-LANE WITH PAVED SHOULDER OF KOHIMA-BYPASS ROAD FROM DESIGN KM 0.00 TO KM 10.500 [D,NHIDCL,,RAILWAYS,,2020-08,2020-08,2022-04,2026-11,,232.29,232.29,42.39,1.91,Ongoing,2024-10
OCMS-N24001291,,N24001291,CONSTRUCTION OF 2 LANE ROAD OF POTIN TO PANGIN SECTION OF NH 13 FROM KM 77.95 TO KM 117.56 (PACKAGE,MoRTH,,POWER,,2019-03,2019-03,2027-03,2027-03,,421.48,421.48,365.83,100.0,Ongoing,2024-10
OCMS-N24001292,,N24001292,CONSTRUCTION OF 2 LANE ROAD OF POTIN TO PANGIN SECTION OF NH 13 FROM KM 117.56 TO KM 163.59 (PACKAGE,MoRTH,,POWER,,2019-03,2019-03,2027-03,2027-03,,543.05,600.0,588.85,100.0,Ongoing,2024-10
OCMS-N24001293,,N24001293,CONSTRUCTION OF 2 LANE ROAD OF POTIN TO PANGIN SECTION OF NH 13 FROM KM 206.66 TO KM 247.05 (PACKAGE,MoRTH,,POWER,,2019-03,2019-03,2027-03,2027-03,,486.7,486.7,480.44,100.0,Ongoing,2024-10
OCMS-N24001297,,N24001297,CONSTRUCTION OF 2 LANE ROAD OF POTIN TO PANGIN SECTION OF NH 13 FROM KM 163.59 TO KM 206.66 (PACKAGE,MoRTH,,POWER,,2019-03,2019-03,2027-03,2027-03,,450.65,450.65,371.45,92.72,Ongoing,2024-10
OCMS-N24001301,,N24001301,6-LANING OF VIJAYAWADA BYPASS FROM GOLLAPUDI (DESIGN CH. 30+000) TO CHINNAKAKANI,DESIGN CH. 47+881,,POWER,,2019-11,2019-11,2024-01,2024-07,,1601.1,1601.1,1187.49,75.93,Ongoing,2024-10
OCMS-N24001303,,N24001303,BALANCE WORK OF 4- LANING OF PATNA-GAYA-DOBHI SECTION (KM. 0.00 TO KM. 127.217) OF NH-83 IN THE STAT,NHAI,,POWER,,2013-10,2013-10,2020-12,2024-12,,649.9,750.0,711.53,98.3,Ongoing,2024-10
OCMS-N24001304,,N24001304,BALANCE WORK OF 4- LANING OF PATNA-GAYA-DOBHI SECTION (KM. 39.00 TO KM. 83.00) OF NH-83 IN THE STATE,NHAI,,POWER,,2013-10,2013-10,2020-11,2024-12,,446.97,740.5,638.8,96.3,Ongoing,2024-10
OCMS-N24001305,,N24001305,BALANCE WORK OF 4- L ANING OF PATNA-GAYA-DOBHI SECTION (KM.83.00 TO KM. 127.217) OF NH-83 IN THE STA,NHAI,,POWER,,2013-10,2013-10,2020-11,2024-12,,464.09,765.12,698.25,97.3,Ongoing,2024-10
OCMS-N24001306,,N24001306,TWO / FOUR LANING OF RAEBARELI - JAGDISHPUR SECTION OF NH-330A FROM KM. 0.000 TO KM. 47.800 (DESIGN,NHAI,,POWER,,2020-10,2020-10,2023-03,2024-05,,724.6,724.6,569.96,84.92,Ongoing,2024-10
OCMS-N24001309,,N24001309,KAILASHAHAR TO KHOWAI PKG-4,NHIDCL,,PETROLEUM,,2020-11,2020-11,2022-06,2024-10,,159.13,171.5,81.51,99.39,Ongoing,2024-10
OCMS-N24001313,,N24001313,IMPROVEMENT/WIDENING TO 2-L WITH PAVED SHOULDER FROM (DESIGN KM 0.00 TO KM 10.670) / 4-LANING FROM (,NHIDCL,,DONER,,2020-11,2020-11,2023-12,2025-10,,351.12,351.12,232.71,29.0,Ongoing,2024-10
OCMS-N24001314,,N24001314,IMPROVEMENT/WIDENING TO 2-LANE WITH PAVED SHOULDER FROM (DESIGN KM 10.670 TO KM 37.550) BETWEEN SHIL,NHIDCL,,DONER,,2020-11,2020-11,2023-12,2026-08,,525.68,525.68,385.0,14.5,Ongoing,2024-10
OCMS-N24001315,,N24001315,TADADEGE - HENKAR,NHIDCL,,POWER,,2021-02,2021-02,2023-03,2024-09,,550.45,550.45,113.92,44.05,Ongoing,2024-10
OCMS-N24001316,,N24001316,LADDA - BASAI,NHIDCL,,POWER,,2021-02,2021-02,2023-04,2025-03,,445.96,445.96,117.91,49.63,Ongoing,2024-10
OCMS-N24001317,,N24001317,2-LANING FROM JOLAIBARI - BELONIA,NHIDCL,,PETROLEUM,,2020-06,2020-06,2022-01,2024-11,,201.99,287.47,144.07,95.5,Ongoing,2024-10
OCMS-N24001318,,N24001318,2-LANING OF KHOWAI -AGARTALA SECTION FROM DESIGN KM 31.300 TO KM 45.300 OF NH-208A PKG-3,NHIDCL,,PETROLEUM,,2020-09,2020-09,2022-04,2023-10,,173.17,173.17,93.35,100.0,Ongoing,2024-10
OCMS-N24001320,,N24001320,DOGINALA - GAU,NHIDCL,,POWER,,2020-12,2020-12,2022-09,2024-12,,242.3,242.3,21.47,17.81,Ongoing,2024-10
OCMS-N24001322,,N24001322,CONSTRUCTION OF 2-LANE ROAD WITH PAVED SHOULDER (GREENFIELD ALIGNMENT) OF EXISTING STRETCH BETWEEN L,NHIDCL,,RAILWAYS,,2020-09,2020-09,2022-05,2025-03,,183.31,439.56,351.8,46.68,Ongoing,2024-10
OCMS-N24001323,,N24001323,KHELLANI-KHANABAL PKG-1,NHIDCL,,RAILWAYS,,2021-03,2021-03,2022-09,2024-12,,486.45,486.45,120.08,95.32,Ongoing,2024-10
OCMS-N24001325,,N24001325,CONSTRUCTION OF 2-LANE SPECIFICATION ROAD WITH PAVED SHOULDER AS REALIGNMENT,GREENFIELD ALIGNMENT,,RAILWAYS,,2020-09,2020-09,2023-05,2025-03,,262.84,414.2,220.26,46.17,Ongoing,2024-10
OCMS-N24001326,,N24001326,4-L DHUBRI PHULBARI BRIDGE WITH APPROACH ROAD,NHIDCL,,RAILWAYS,,2020-11,2020-11,2028-09,2028-09,,4997.04,4997.04,2060.96,52.57,Ongoing,2024-10
OCMS-N24001327,,N24001327,REHABILITATION AND UPGRADATION OF EXISTING ROAD TO 2-LANE WITH PAVED SHOULDER INCLUDING GEOMETRIC IM,NHIDCL,,RAILWAYS,,2020-08,2020-08,2022-05,2025-03,,292.8,292.8,184.85,50.0,Ongoing,2024-10
OCMS-N24001331,,N24001331,2-LANING FROM YAINGANGPOKPI TO FINCH CORNER (PKG-I),NHIDCL,,RAILWAYS,,2020-03,2020-03,2022-06,2025-05,,261.13,261.13,64.96,54.59,Ongoing,2024-10
OCMS-N24001332,,N24001332,2-LANING FROM YAINGANGPOKPI TO FINCH CORNER (PKG-II),NHIDCL,,RAILWAYS,,2020-03,2020-03,2022-06,2025-04,,217.5,217.5,84.36,64.15,Ongoing,2024-10
OCMS-N24001334,,N24001334,IMPROVEMENT/WIDENING TO 2-LANE WITH PAVED SHOULDER FROM (DESIGN KM 45.760 TO KM 63.530) BETWEEN SHIL,NHIDCL,,DONER,,2020-11,2020-11,2023-12,2026-04,,445.51,445.51,193.78,7.0,Ongoing,2024-10
OCMS-N24001335,,N24001335,IMPROVEMENT/WIDENING TO 2-LANE WITH PAVED SHOULDER / 4-LANING FROM (DESIGN KM 63.530 TO KM 71.520) B,NHIDCL,,DONER,,2020-11,2020-11,2023-12,2026-11,,284.21,284.21,45.46,3.0,Ongoing,2024-10
OCMS-N24001336,,N24001336,CONSTRUCTION AND UPGRADATION OF EXISTING ROAD TO 2-LANE WITH PAVED SHOULDER FROM KM27.200 (END OF RO,NHIDCL,,RAILWAYS,,2020-08,2020-08,2023-04,2025-06,,230.45,244.91,200.82,77.2,Ongoing,2024-10
OCMS-N24001337,,N24001337,CONSTRUCTION AND UPGRADATION OF EXISTING ROAD TO 2-LANE WITH PAVED SHOULDER FROM NEW ROLEP BRIDGE AT,NHIDCL,,RAILWAYS,,2020-10,2020-10,2023-11,2025-07,,493.42,478.79,272.34,40.46,Ongoing,2024-10
OCMS-N24001338,,N24001338,CONSTRUCTION OF 2-LANE WITH PAVED SHOULDER OF NEW GREEN FIELD ALIGNMENT FROM CHOCHENPHERI AT KM 52.0,NHIDCL,,RAILWAYS,,2020-10,2020-10,2023-12,2025-12,,816.79,786.6,278.65,36.42,Ongoing,2024-10
OCMS-N24001339,,N24001339,RANIKOR-MAHESHKHOLA- BAGHMARA,RMB) PKG-4 (KANAI-RONGARA,,DONER,,2020-10,2020-10,2022-04,2024-12,,157.86,157.86,146.19,97.49,Ongoing,2024-10
OCMS-N24001341,,N24001341,KHELLANI-KHANABAL PKG-3,NHIDCL,,RAILWAYS,,2021-03,2021-03,2022-12,2024-11,,398.51,398.51,76.47,91.06,Ongoing,2024-10
OCMS-N24001342,,N24001342,DONIPAWA TO ASHAJIPORA BYPASS PKG-7,NHIDCL,,RAILWAYS,,2021-03,2021-03,2022-12,2024-07,,260.4,260.4,191.88,93.8,Ongoing,2024-10
OCMS-N24001343,,N24001343,KARGIL-ZANSKR PACKAGE-1,NHIDCL,,ROAD TRANSPORT AND HIGHWAYS,,2021-03,2021-03,2023-01,2025-10,,384.23,384.23,115.95,58.5,Ongoing,2024-10
OCMS-N24001344,,N24001344,KARGIL-ZANSKR PACKAGE-2,NHIDCL,,ROAD TRANSPORT AND HIGHWAYS,,2021-03,2021-03,2023-01,2025-10,,404.89,404.89,156.11,60.05,Ongoing,2024-10
OCMS-N24001345,,N24001345,KARGIL-ZANSKR PACKAGE-3,NHIDCL,,ROAD TRANSPORT AND HIGHWAYS,,2020-08,2020-08,2023-01,2024-11,,381.01,381.01,181.54,70.86,Ongoing,2024-10
OCMS-N24001348,,N24001348,KARGIL-ZANSKR PACKAGE-8,NHIDCL,,ROAD TRANSPORT AND HIGHWAYS,,2021-03,2021-03,2023-01,2024-11,,398.37,398.37,204.79,82.11,Ongoing,2024-10
OCMS-N24001349,,N24001349,MARIAM - PEREN PKG-1A,NHIDCL,,RAILWAYS,,2021-02,2021-02,2022-12,2025-03,,226.32,226.32,87.99,66.07,Ongoing,2024-10
OCMS-N24001350,,N24001350,MARIAM - PEREN (PKG 1B),NHIDCL,,RAILWAYS,,2021-02,2021-02,2022-12,2024-11,,188.36,188.36,126.71,97.95,Ongoing,2024-10
OCMS-N24001352,,N24001352,IMPHAL ? MOREH PACKAGE- 3,NHIDCL,,RAILWAYS,,2021-03,2021-03,2022-12,2024-06,,259.31,259.31,144.94,100.0,Ongoing,2024-10
OCMS-N24001353,,N24001353,IMPHAL - KHONGSANG PKG-2,NHIDCL,,RAILWAYS,,2021-03,2021-03,2022-12,2025-03,,195.14,195.14,59.99,50.77,Ongoing,2024-10
OCMS-N24001354,,N24001354,TAMENGLONG - MAHUR PKG-3,NHIDCL,,RAILWAYS,,2021-03,2021-03,2022-12,2025-01,,234.08,234.08,139.45,90.34,Ongoing,2024-10
OCMS-N24001355,,N24001355,DULTE- KWALKULH - CHAMPAI PKG.1,NHIDCL,,RAILWAYS,,2021-03,2021-03,2022-12,2024-03,,374.39,318.92,292.37,100.0,Ongoing,2024-10
OCMS-N24001356,,N24001356,DULTE- KWALKULH - CHAMPAI PKG.2,NHIDCL,,RAILWAYS,,2021-03,2021-03,2022-12,2024-04,,233.25,233.25,178.37,100.0,Ongoing,2024-10
OCMS-N24001357,,N24001357,DULTE- KWALKULH - CHAMPAI PKG.3,NHIDCL,,POWER,,,,2023-06,2023-06,,674.71,674.71,589.25,100.0,Completed,2024-10
OCMS-N24001358,,N24001358,TLABUNG - LUNGLEI PKG-A,NHIDCL,,RAILWAYS,,2021-03,2021-03,2022-12,2025-12,,698.44,698.45,388.33,42.55,Ongoing,2024-10
OCMS-N24001359,,N24001359,TLABUNG - LUNGLEI PKG-B,NHIDCL,,RAILWAYS,,2021-03,2021-03,2023-01,2025-12,,740.58,740.58,281.51,41.6,Ongoing,2024-10
OCMS-N24001360,,N24001360,RANIKOR-MAHESHKHOLA- BAGHMARA (RMB) PKG-3,NHIDCL,,DONER,,2021-03,2021-03,2022-12,2024-11,,260.21,260.21,216.59,90.0,Ongoing,2024-10
OCMS-N24001361,,N24001361,RISHI BORDER- ROLEP- MENLA PKG- 2A,NHIDCL,,RAILWAYS,,2021-01,2021-01,2023-09,2025-12,,332.2,332.2,149.38,40.99,Ongoing,2024-10
OCMS-N24001362,,N24001362,RISHI BORDER- ROLEP- MENLA PKG- 3B,NHIDCL,,RAILWAYS,,2020-12,2020-12,2024-02,2025-06,,410.6,379.3,193.96,43.81,Ongoing,2024-10
OCMS-N24001363,,N24001363,MANU-SIMLUNG ( PKG 4),NHIDCL,,PETROLEUM,,2021-03,2021-03,2022-12,2025-01,,354.79,354.79,34.08,17.2,Ongoing,2024-10
OCMS-N24001366,,N24001366,DABOKA KATHKATI PACKAGE-5,NHIDCL,,RAILWAYS,,2021-03,2021-03,2023-01,2024-11,,288.85,288.85,243.26,98.58,Ongoing,2024-10
OCMS-N24001368,,N24001368,TULUNGIA-JOGIGHOPA-PAIKAN ROAD PKG- 7,NHIDCL,,RAILWAYS,,2021-03,2021-03,2024-01,2025-10,,286.72,286.72,87.43,34.43,Ongoing,2024-10
OCMS-N24001369,,N24001369,WIDENING TO 2 LANES WITH PAVED SHOULDERS FROM KM.87/000 TO 133/720 (NATTUKAL TO THANAU JN. IN PALAKK,MoRTH,,RAILWAYS,,2017-02,2017-02,2017-08,2024-08,,294.28,296.53,285.47,98.0,Ongoing,2024-10
OCMS-N24001370,,N24001370,WIDENING TO 2-LANE WITH PAVED SHOULDERS FROM KM 119/017 TO KM 161/300 ON NH 85 (OLD NH 49),MoRTH,,RAILWAYS,,2017-02,2017-02,2017-09,2024-08,,380.76,372.87,337.83,100.0,Ongoing,2024-10
OCMS-N24001371,,N24001371,CONSTRUCTION OF 2 LANE BRIDGE ACROSS RIVER KOSI WITH APPROACH ROAD FROM BHEJA TO BAKAUR SECTION OF N,NHAI,,POWER,,2019-10,2019-10,2023-08,2024-12,,1101.99,1101.99,786.48,67.18,Ongoing,2024-10
OCMS-N24001372,,N24001372,BALANCE WORK 2-LANING OF LALPUL MANMAO CHANGLANG ROAD (NH-215) ON EPC MODE IN THE STATE OF ARUNACH,MoRTH,,POWER,,2021-02,2021-02,2024-03,2024-12,,588.09,588.09,480.1,94.25,Ongoing,2024-10
OCMS-N24001374,,N24001374,4-LANING OF ITANAGAR TO BANDARDEWA SECTION OF NH-415 FROM KM 51+700 TO KM 59+199 (PACKAGE-C) ON EPC,MoRTH,,POWER,,2020-06,2020-06,2027-03,2027-03,,437.6,437.6,365.27,100.0,Ongoing,2024-10
OCMS-N24001375,,N24001375,4 LANING OF ITANAGAR TO BANDARDEWA SECTION OF NH-415 FROM KM 40+430 TO KM 51+735 (PACKAGE B) ON EPC,MoRTH,,POWER,,2020-06,2020-06,2027-03,2027-03,,496.47,496.47,142.05,35.74,Ongoing,2024-10
OCMS-N24001377,,N24001377,MOHOL TO WAKHARI PACKAGE1 SANT DNYANESHWAR MAHARAJ PALKHI MARG SECTION OF NH965,NHAI,,POWER,,2019-02,2019-02,2022-01,2023-08,,731.89,731.99,689.19,0.2,Ongoing,2024-10
OCMS-N24001378,,N24001378,WAKHARI TO KHUDUS PACKAGE2 SANT DNYANESHWAR MAHARAJ PALKHI MARG SECTION OF NH965,NHAI,,POWER,,2019-02,2019-02,2022-01,2023-06,,362.46,372.46,352.01,0.7,Ongoing,2024-10
OCMS-N24001379,,N24001379,KHUDUS TO DHARAMPURI PACKAGE 3 SANT DNYANESHWAR MAHARAJ PALKHI MARG SECTION OF NH965,NHAI,,POWER,,2019-02,2019-02,2022-01,2023-08,,594.75,613.75,585.2,0.5,Ongoing,2024-10
OCMS-N24001381,,N24001381,REHABILITATION AND UPGRADATION TO 2-LANE/2-LANE WITH PAVED SHOULDERS/4-LANE CONFIGURATION OF PAONTA,MoRTH,,RAILWAYS,,2020-08,2020-08,2021-04,2021-04,,272.98,272.98,137.79,97.43,Ongoing,2024-10
OCMS-N24001382,,N24001382,REHABILITATION AND UPGRADATION TO 2-LANE CONFIGURATION OF HEWNA- ASHYARI SECTION (KM 25.000 TO KM 50.,MoRTH,,RAILWAYS,,2020-08,2020-08,2021-03,2024-07,,242.8,242.8,86.43,84.45,Ongoing,2024-10
OCMS-N24001383,,N24001383,REHABILITATION AND UPGRADATION TO INTERMEDIATE LANE CONFIGURATION OF SHRI KYARI-GUMMA SECTION (KM 75,MoRTH,,RAILWAYS,,2020-08,2020-08,2021-04,2021-04,,349.2,349.2,239.34,100.0,Ongoing,2024-10
OCMS-N24001386,,N24001386,REHABILITATION AND UPGRADATION TO 2-LANE WITH PAVED SHOULDERS CONFIGURATION OF PADERU- GONDIGUDA SECT,MoRTH,,POWER,,2020-08,2020-08,2021-03,2024-10,,222.61,222.61,143.53,87.32,Ongoing,2024-10
OCMS-N24001387,,N24001387,WIDENING TO 2-LANE WIH PAVED SHOULDER FROM KM. 544.20 TO 594.00 (HOSAMANE CROSS TO PANDAVAPURA) SECT,MoRTH,,POWER,,2017-01,2017-01,2017-09,2023-05,,264.34,264.34,201.07,100.0,Ongoing,2024-10
OCMS-N24001388,,N24001388,CONSTRUCTION OF MAJOR BRIDGE ACROSS SHARAVATHI BACKWATERS AND APPROCHES BETWEEN AMBARGODU AND KALASA,MoRTH,,POWER,,2019-03,2019-03,2019-12,2024-11,,423.15,423.15,284.58,82.0,Ongoing,2024-10
OCMS-N24001389,,N24001389,CHANGTONGYA TO LONGLENG ROAD PKG- 2,NHIDCL,,RAILWAYS,,2020-03,2020-03,2022-06,2025-01,,206.53,206.53,119.25,99.4,Ongoing,2024-10
OCMS-N24001390,,N24001390,JORAM ? KOLORIANG ROAD FROM EXISTING KM 50.050 TO KM 70.00 (PKG-3),NHIDCL,,POWER,,2020-08,2020-08,2022-04,2024-09,,228.71,228.71,98.86,99.52,Ongoing,2024-10
OCMS-N24001391,,N24001391,JORAM ? KOLORIANG ROAD FROM EXISTING KM 70.00 TO KM 88.700 (PKG-4),NHIDCL,,POWER,,2020-08,2020-08,2022-04,2024-09,,294.04,294.04,147.13,100.0,Ongoing,2024-10
OCMS-N24001392,,N24001392,JORAM ? KOLORIANG ROAD FROM EXISTING KM104.850 TO KM 122.60 (PKG-6),NHIDCL,,POWER,,,,2022-04,2022-04,,199.03,199.03,102.85,100.0,Completed,2024-10
OCMS-N24001393,,N24001393,JORAM ? KOLORIANG ROAD FROM EXISTING KM122.600 TO KM138.00 (PKG-7),NHIDCL,,POWER,,2020-08,2020-08,2022-04,2024-11,,184.88,184.88,95.64,93.83,Ongoing,2024-10
OCMS-N24001394,,N24001394,KHELLANI-KHANABAL PKG-2,NHIDCL,,RAILWAYS,,2021-07,2021-07,2023-02,2025-12,,512.43,512.43,65.31,48.32,Ongoing,2024-10
OCMS-N24001395,,N24001395,KHELLANI-KHANABAL PKG-4,NHIDCL,,RAILWAYS,,2021-07,2021-07,2023-08,2025-12,,859.67,859.67,175.4,40.38,Ongoing,2024-10
OCMS-N24001396,,N24001396,KHELLANI-KHANABAL PKG-5,NHIDCL,,RAILWAYS,,2021-07,2021-07,2023-02,2025-03,,497.09,497.09,149.27,74.47,Ongoing,2024-10
OCMS-N24001397,,N24001397,GOHA-KHELLANI PKG-3,NHIDCL,,RAILWAYS,,2021-02,2021-02,2023-03,2024-12,,431.28,431.28,309.97,89.58,Ongoing,2024-10
OCMS-N24001399,,N24001399,IMPHAL ? MOREH (PACKAGE 4),NHIDCL,,RAILWAYS,,2021-03,2021-03,2023-01,2024-04,,277.99,277.99,146.35,100.0,Ongoing,2024-10
OCMS-N24001400,,N24001400,SENAPATI- IMPHAL PKG-5B,NHIDCL,,RAILWAYS,,2021-03,2021-03,2023-01,2025-05,,211.7,211.7,35.16,38.2,Ongoing,2024-10
OCMS-N24001401,,N24001401,IMPHAL - KHONGSANG PKG-3,NHIDCL,,RAILWAYS,,2021-07,2021-07,2023-03,2025-03,,467.0,467.0,183.55,75.27,Ongoing,2024-10
OCMS-N24001402,,N24001402,TAMENGLONG - MAHUR PKG-1,NHIDCL,,RAILWAYS,,2021-07,2021-07,2023-03,2025-01,,185.8,185.8,112.31,92.65,Ongoing,2024-10
OCMS-N24001403,,N24001403,TAMENGLONG - MAHUR PKG-2,NHIDCL,,RAILWAYS,,2021-07,2021-07,2023-03,2025-01,,483.87,483.87,278.89,91.03,Ongoing,2024-10
OCMS-N24001404,,N24001404,TAMENGLONG - MAHUR PKG-4,NHIDCL,,RAILWAYS,,2021-07,2021-07,2023-03,2025-02,,198.77,198.77,110.09,85.12,Ongoing,2024-10
OCMS-N24001405,,N24001405,CHURACHANPUR TUIVAI PKG-3,NHIDCL,,RAILWAYS,,2021-07,2021-07,2023-10,2025-06,,673.27,673.27,361.21,72.82,Ongoing,2024-10
OCMS-N24001406,,N24001406,PEREN-DIMAPUR SECTION PKG-2,NHIDCL,,RAILWAYS,,2021-07,2021-07,2023-03,2025-09,,258.52,258.52,65.31,58.44,Ongoing,2024-10
OCMS-N24001407,,N24001407,PEREN-DIMAPUR PKG-5,NHIDCL,,RAILWAYS,,2021-02,2021-02,2023-03,2023-03,,207.33,207.33,0.0,0.0,Ongoing,2024-10
OCMS-N24001408,,N24001408,CONSTRUCTION OF 2-LANE MAJOR BRIDGE INCLUDING APPROACHESOVER BRAHMAPUTRA BETWEEN MAJULI ON NORTH BAN,MoRTH,,RAILWAYS,,2021-02,2021-02,2025-07,2025-07,,925.47,925.47,192.5,30.65,Ongoing,2024-10
OCMS-N24001411,,N24001411,4L+PS OF NH -58 FROM BEAWAR- GOMTI (OLD CH KM 58.245 TO KM. 108.600) PKG-I.,MoRTH,,COAL,,2020-12,2020-12,2023-10,2025-12,,379.23,379.23,233.62,92.75,Ongoing,2024-10
OCMS-N24001414,,N24001414,DELHI-AMRITSAR-KATRA EXPRESSWAY (PHASE-I PKG-VI) FROM JUNCTION WITH PATIALA-SAMANA- PATRAN ROAD (SH-1,NHAI,,POWER,,,,2024-01,2024-01,,733.0,733.0,868.44,100.0,Completed,2024-10
OCMS-N24001415,,N24001415,DELHI-AMRITSAR-KATRA EXPRESSWAY FROM JUNCTION WITH PATIALA-BATHINDA ROAD (NH-7) NEAR BHAWANIGARH TO,NHAI,,RAILWAYS,,2020-12,2020-12,2024-04,2024-07,,881.0,881.0,867.69,88.64,Ongoing,2024-10
OCMS-N24001416,,N24001416,DELHI-AMRITSAR-KATRA EXPRESSWAY FROM JUNCTION WITH LUDHIANA-MALERKOTLA ROAD (SH-11) NEAR BHOGIWAL VI,NHAI,,RAILWAYS,,2020-12,2020-12,2024-01,2025-03,,989.66,989.66,319.95,31.08,Ongoing,2024-10
OCMS-N24001417,,N24001417,DELHI-AMRITSAR-KATRA EXPRESSWAY FROM JUNCTION WITH LUDHIANA-MOGA ROAD (NH- 5) NEAR MULLANPUR DAKHA TO,NHAI,,RAILWAYS,,2020-12,2020-12,2024-04,2025-09,,1234.4,1234.4,744.28,57.09,Ongoing,2024-10
OCMS-N24001418,,N24001418,DELHI-AMRITSAR-KATRA EXPRESSWAY FROM CH.KM 303+900 TO KM 319+400 OF MAIN EXPRESSWAY) AND AMRITSAR CO,NHAI,,RAILWAYS,,2020-12,2020-12,2024-04,2025-09,,1094.46,1094.46,773.92,60.97,Ongoing,2024-10
OCMS-N24001419,,N24001419,DELHI-AMRITSAR-KATRA EXPRESSWAY (PHASE-I PKG-XI) FROM JUNCTION WITH JALANDHAR - KAPURTHALA ROAD (NH,NHAI,,RAILWAYS,,2021-02,2021-02,2024-04,2024-11,,1269.96,1269.96,585.86,43.45,Ongoing,2024-10
OCMS-N24001420,,N24001420,DELHI-AMRITSAR-KATRA EXPRESSWAY (PHASE-I PKG-XII) FROM JUNCTION WITH AMRITSAR- MEHTA-SRIHARGOBINDPUR,NHAI,,RAILWAYS,,2021-02,2021-02,2024-04,2025-12,,853.66,853.66,113.95,13.6,Ongoing,2024-10
OCMS-N24001421,,N24001421,CONSTRUCTION OF 6 LANE BRIDGE ON GANGA ON NH-96 AND ITS APPROACHES IN PHAPHAMAU ALLAHABAD ON EPC MOD,MoRTH,,POWER,,2018-07,2018-07,2024-02,2025-08,,1948.25,1948.25,966.06,70.0,Ongoing,2024-10
OCMS-N24001422,,N24001422,REHABILITATION AND UPGRADATION TO 2-LANE CONFIGURATION OF ASHYARI- SHRI KYARI SECTION (KM 50.000 TO K,MoRTH,,RAILWAYS,,2021-02,2021-02,2021-09,2024-07,,345.89,345.89,152.01,81.98,Ongoing,2024-10
OCMS-N24001423,,N24001423,CONSTRUCTION OF BYPASS FOR PROVIDING INTER CONNECTIVITY AMONG (NHS) AROUND THE PRATAPGARH CITY (PRAT,MoRTH,,POWER,,2021-04,2021-04,2023-09,2026-03,,309.48,309.48,112.99,51.0,Ongoing,2024-10
OCMS-N24001424,,N24001424,CONSTRUCTION OF FOUR-LANE ELEVATED VIADUCT FROM KM.4+634 TO KM.6+345 ON NH-24A INCLUDING RETAINING W,MoRTH,,POWER,,2021-03,2021-03,2023-09,2024-12,,185.09,269.81,261.9,96.0,Ongoing,2024-10
OCMS-N24001425,,N24001425,4L OF ADDAHOLE TO BANTWAL CROSS SECTION INCLUDING FLYOVER AT KALLADKA TOWN,NHAI,,POWER,,2021-03,2021-03,2021-11,2025-03,,1100.88,1713.98,938.22,64.0,Ongoing,2024-10
OCMS-N24001426,,N24001426,4L OF ADDAHOLE TO BANTWAL CROSS SECTION,NHAI,,POWER,,2021-03,2021-03,2021-10,2025-03,,317.9,576.32,340.53,94.7,Ongoing,2024-10
OCMS-N24001427,,N24001427,CONSTRUCTION OF ROB WITH APPROACHES IN LIEU OF L C NO 165 OF AHMEDABAD PALANPUR BETWEEN RAILWAY STAT,MoRTH,,ROAD TRANSPORT AND HIGHWAYS,,2020-06,2020-06,2023-04,2024-09,,166.21,166.21,98.65,93.0,Ongoing,2024-10
OCMS-N24001428,,N24001428,FOUR LANING OF VILUPPURAM TO PUDHUCHERRY (DESIGN CH. KM. 00/000 TO KM. 29/000) SECTION OF NH-45A ON,NHAI,,RAILWAYS,,2018-03,2018-03,2021-11,2024-12,,998.7,1358.32,872.68,97.34,Ongoing,2024-10
OCMS-N24001429,,N24001429,FOUR LANING OF PUDUCHERRY (KM.29/000) TO POONDIYANKUPPAM (KM.67/000) SECTION OF NH-45A ON HAM UNDER,NHAI,,RAILWAYS,,2018-03,2018-03,2021-11,2024-12,,1294.47,1588.4,854.65,96.3,Ongoing,2024-10
OCMS-N24001430,,N24001430,FOUR LANING OF POONDIYANKUPPAM (KM.67/000) TO SATTANATHAPOURAM (KM.123/800) SECTION OF NH-45A ON HAM,NHAI,,RAILWAYS,,2018-03,2018-03,2022-01,2024-12,,2120.4,2565.63,1464.94,99.8,Ongoing,2024-10
OCMS-N24001431,,N24001431,FOUR LANING OF SATTANATHAPURAM (KM.123/800) TO NAGAPATTINAM (KM.179/555) SECTION OF NH-45A ON HAM UN,NHAI,,RAILWAYS,,2018-03,2018-03,2020-10,2025-08,,1872.68,2756.09,1274.82,52.6,Ongoing,2024-10
OCMS-N24001432,,N24001432,"6L FLYOVER AT BORAGAON, GORCHUK, LOKHRA AND BASISTHA JUNCTION ON GUWAHATI BYPASS SECTION FROM KM 146",NHAI,,RAILWAYS,,2021-12,2021-12,2024-08,2024-08,,300.0,300.0,297.62,100.0,Ongoing,2024-10
OCMS-N24001434,,N24001434,JOGIGHOPA BRIDGE,NHIDCL,,RAILWAYS,,2021-08,2021-08,2024-11,2026-12,,746.76,746.76,299.82,58.2,Ongoing,2024-10
OCMS-N24001436,,N24001436,TAMENGLONG - MAHUR PKG-5,NHIDCL,,RAILWAYS,,2021-08,2021-08,2023-05,2025-01,,477.86,477.86,235.67,80.3,Ongoing,2024-10
OCMS-N24001437,,N24001437,TAMENGLONG - MAHUR PKG-6,NHIDCL,,RAILWAYS,,2021-09,2021-09,2023-05,2025-04,,311.18,311.18,171.57,72.7,Ongoing,2024-10
OCMS-N24001438,,N24001438,MERANGKONG-TAMLU-MON (MTM) PKG-5,NHIDCL,,RAILWAYS,,2021-07,2021-07,2023-12,2025-09,,161.73,161.73,43.05,27.33,Ongoing,2024-10
OCMS-N24001439,,N24001439,MARAM - PEREN PKG-3,NHIDCL,,RAILWAYS,,2021-08,2021-08,2023-05,2025-01,,467.41,467.41,243.19,92.31,Ongoing,2024-10
OCMS-N24001440,,N24001440,KEIFANG - TUVAI PKG-1,NHIDCL,,RAILWAYS,,2021-09,2021-09,2023-05,2024-12,,492.94,492.94,357.26,84.7,Ongoing,2024-10
OCMS-N24001441,,N24001441,REHABILITATION AND UPGRADATION OF NONGSTOIN TO WAHKAJI SECTION OF PROJECT ROAD KM 0.000 TO KM 43.06,MoRTH,,DONER,,2020-08,2020-08,2022-02,2024-11,,302.88,302.88,213.32,93.11,Ongoing,2024-10
OCMS-N24001442,,N24001442,CONSTRUCTION OF 2-LANE WITH PAVED SHOULDER GANGTOK BYPASS ROAD FROM RANIPOOL TO BURTUK (L=23.316KM),MoRTH,,RAILWAYS,,2021-10,2021-10,2024-05,2025-01,,385.15,385.15,167.49,78.0,Ongoing,2024-10
OCMS-N24001443,,N24001443,CONSTRUCTION OF FOUR LANE EXPRESSWAY FROM START OF SARDAR PATEL RING ROAD TO SINDHREJ VILLAGE (CH. 0,NHAI,,ROAD TRANSPORT AND HIGHWAYS,,2020-05,2020-05,2024-03,2024-11,,690.3,929.95,696.31,79.7,Ongoing,2024-10
OCMS-N24001444,,N24001444,CONSTRUCTION OF FOUR LANE EXPRESSWAY FROM START OF SINDHREJ VILLAGE (CH. 22.00 TO CH. 48.52) SECTION,NHAI,,ROAD TRANSPORT AND HIGHWAYS,,2020-05,2020-05,2024-01,2024-11,,882.0,882.0,746.0,72.32,Ongoing,2024-10
OCMS-N24001445,,N24001445,CONSTRUCTION OF FOUR LANE EXPRESSWAY FROM START OF VEJALLKA VILLAGE TO START OF DSIR ZONE OF AHMEDAB,NHAI,,ROAD TRANSPORT AND HIGHWAYS,,2020-05,2020-05,2023-07,2024-11,,691.52,903.85,728.37,86.5,Ongoing,2024-10
OCMS-N24001446,,N24001446,CONSTRUCTION OF FOUR LANE EXPRESSWAY FROM START OF DSIR ZONE OF AHMEDABAD DISTRICT TO ADHELAI VILLAG,NHAI,,ROAD TRANSPORT AND HIGHWAYS,,2020-05,2020-05,2023-12,2024-11,,894.0,1210.06,885.68,82.41,Ongoing,2024-10
OCMS-N24001447,,N24001447,REHABILITATION AND UPGRADATION TO 2-LANE CONFIGURATION OF HAMIRPUR- KARNOHAL SECTION (KM 141.000 TO K,MoRTH,,RAILWAYS,,2020-08,2020-08,2024-12,2024-12,,371.93,371.93,187.96,13.0,Ongoing,2024-10
OCMS-N24001448,,N24001448,UPGRADATION OF ADHALGAON- JAMKHED SECTION OF NH-548 D FROM KM 132/600 TO KM 195/375 TO TWO LANE WITH,MoRTH,,POWER,,2021-11,2021-11,2022-02,2022-02,,223.35,223.35,209.36,87.88,Ongoing,2024-10
OCMS-N24001450,,N24001450,DABOKA KATHKATI PACKAGE-6,NHIDCL,,RAILWAYS,,2021-09,2021-09,2024-07,2024-12,,625.64,625.64,472.63,85.15,Ongoing,2024-10
OCMS-N24001451,,N24001451,DIBRUGARH-LAHOAL-CHABUA BYPASS PACKAGE-1,NHIDCL,,RAILWAYS,,2022-03,2022-03,2024-07,2024-10,,215.27,215.27,150.92,100.0,Ongoing,2024-10
OCMS-N24001452,,N24001452,DIBRUGARH-LAHOAL-CHABUA BYPASS PACKAGE-2,NHIDCL,,RAILWAYS,,2022-04,2022-04,2024-07,2024-08,,170.95,170.95,125.71,100.0,Ongoing,2024-10
OCMS-N24001453,,N24001453,IMPHAL - KHONGSANG PKG-4,NHIDCL,,RAILWAYS,,2021-08,2021-08,2023-12,2025-07,,579.63,579.63,131.58,52.65,Ongoing,2024-10
OCMS-N24001455,,N24001455,CONSTRUCTION OF 4 LANE WITH PAVED SHOULDERS THIRUVAYARU BYPASS IN BETWEEN EXISTING KM.55/926 TO 62/6,MoRTH,,RAILWAYS,,2022-02,2022-02,2022-08,2024-10,,191.33,191.33,185.78,88.0,Ongoing,2024-10
OCMS-N24001456,,N24001456,REHABILITATION AND UPGRADATION TO 2 LANE WITH PS OF RADHAITA TO PILIBHIT SECTION OF 46.130 KM,MoRTH,,POWER,,2020-04,2020-04,2024-02,2024-11,,199.39,199.39,154.01,94.0,Ongoing,2024-10
OCMS-N24001457,,N24001457,REHABILITATION AND UPGRADATION TO 2 LANE WITH PS OF MIRANPUR KATRA TO RADHAITA SECTION OF NH-730C F,MoRTH,,POWER,,2020-04,2020-04,2024-07,2025-03,,172.5,172.5,94.3,61.0,Ongoing,2024-10
OCMS-N24001458,,N24001458,MOPA AIRPORT,MoRTH,,POWER,,,,2022-04,2022-04,,1183.16,1183.16,1106.3,100.0,Completed,2024-10
OCMS-N24001461,,N24001461,2-LANE WITH PS OF BEWAR TO NEAR KARRI VILLAGE SECTION OF NH-92 FROM KM.0.00 TO 30.00 UNDER GNHCP,MoRTH,,POWER,,2020-04,2020-04,2024-03,2024-12,,236.47,236.47,129.32,81.0,Ongoing,2024-10
OCMS-N24001462,,N24001462,2-LANE WITH PS OF NEAR KARRI VILLAGE TO ETAWAH SECTION OF NH-92 FROM KM.30.000 TO 57.346 UNDER GNHCP,MoRTH,,POWER,,2020-04,2020-04,2024-07,2024-12,,211.09,211.09,118.93,84.0,Ongoing,2024-10
OCMS-N24001463,,N24001463,ALLAHGANJ TO MIRANPUR KATRA SECTION OF NH-730C FROM KM.52.770 TO 114.00,MoRTH,,POWER,,2020-04,2020-04,2024-07,2024-02,,294.84,294.84,287.37,100.0,Ongoing,2024-10
OCMS-N24001464,,N24001464,PROJECTS- REHABILITATION AND UPGRADATION OF NH-731A FROM KM 0.00 TO KM.35.00,MoRTH,,POWER,,2021-03,2021-03,2023-08,2025-01,,264.86,264.86,106.25,73.0,Ongoing,2024-10
OCMS-N24001465,,N24001465,WIDENING OF EXISTING SINGLE LANE / INTERMEDIATE LANE ROAD TO 2 LANE FROM KM 101 TO KM 125 OF NH 61 I,MoRTH,,RAILWAYS,,2020-06,2020-06,2024-09,2026-06,,252.19,252.19,0.28,0.0,Ongoing,2024-10
OCMS-N24001466,,N24001466,WIDENING TO EXISTING SINGLE LANE /INTERMEDIATE LANE TO 2 LANE FROM KM185.00 TO KM 220.00 OF NH-61 (N,MoRTH,,RAILWAYS,,2021-03,2021-03,2024-07,2025-03,,297.24,297.24,109.49,59.56,Ongoing,2024-10
OCMS-N24001467,,N24001467,WIDENING TO EXISTING SINGRE/INTERMEDIATE RANE TO 2 LANE FROM KM 135 TO KM 147 AND FROM KM 156.00 TO,MoRTH,,RAILWAYS,,2021-03,2021-03,2024-02,2025-01,,226.44,226.44,115.35,81.12,Ongoing,2024-10
OCMS-N24001468,,N24001468,REPANPALLI TO SIRONCHA,MoRTH,,POWER,,2022-03,2022-03,2022-06,2024-06,,282.07,282.07,34.65,0.0,Ongoing,2024-10
OCMS-N24001469,,N24001469,IMPROVEMENT AND UPGRADATION TO TWO LANE WITH PAVED SHOULDER CONFIGURATION FROM EXISTING KM 55.00 TO,MoRTH,,POWER,,2021-11,2021-11,2024-05,2025-03,,307.11,307.11,172.4,75.0,Ongoing,2024-10
OCMS-N24001470,,N24001470,REHABILITATION AND UPGRADATION TO 2-LANE CONFIGURATION OF KALWAHAN- MANDI SECTION (KM 208.950 TO KM 2,MoRTH,,RAILWAYS,,2020-08,2020-08,2025-04,2025-04,,314.32,314.32,68.39,0.0,Ongoing,2024-10
OCMS-N24001471,,N24001471,R/U TO 2-LANE WITH PS OF BEWAR TO ALLAHGANJ SECTION OF NH- 730C FROM KM.0.00 TO 52.770 UNDER GNHCP,MoRTH,,POWER,,2020-04,2020-04,2024-11,2024-11,,325.24,325.24,220.97,83.0,Ongoing,2024-10
OCMS-N24001472,,N24001472,BALANCE WORKS OF FOUR LANING FROM RAMBAN KM 151.00 TO BANIHAL KM 187.00 OF NH-1A (NOW NH-44) WITH VA,NHAI,,RAILWAYS,,2021-09,2021-09,2023-12,2024-10,,811.19,811.19,808.06,99.0,Ongoing,2024-10
OCMS-N24001473,,N24001473,CONSTRUCTION OF 2-LANING WITH HARD SHOULDER ROAD OF UKHRUL - TOLOI - TADUBI SECTION OF NH-102A FROM,NHIDCL,,RAILWAYS,,2021-09,2021-09,2024-02,2025-03,,310.76,310.76,121.05,77.4,Ongoing,2024-10
OCMS-N24001474,,N24001474,REHABITITATION AND UP GRADATION OF NONGSTOIN-RAMBRAI-KYRSHAI ROAD UP TO MEGHALAYA-ASSAM BORDER FROM,NHIDCL,,DONER,,2021-09,2021-09,2024-05,2024-12,,359.86,359.86,220.56,78.5,Ongoing,2024-10
OCMS-N24001475,,N24001475,CONSTRUCTION OF 2 LANE WITH HARD SHOULDER FROM DESIGN CHAINAGE KM 283.000 TO KM 325.440 (5- LEGGED J,NHIDCL,,RAILWAYS,,2022-03,2022-03,2024-12,2024-12,,605.36,605.36,227.62,88.43,Ongoing,2024-10
OCMS-N24001476,,N24001476,CONSTRUCTION OF 4 LANE ACCESS CONTROLLED NEW GREENFIELD HIGHWAY SECTION OF NH 365BG FROM RECHARLA VI,NHAI,,POWER,,2021-09,2021-09,2022-09,2025-03,,517.05,655.06,521.52,60.77,Ongoing,2024-10
OCMS-N24001477,,N24001477,CONSTRUCTION OF 4 LANE ACCESS CONTROLLED NEW GREENFIELD HIGHWAY SECTION OF NH-365BG (KHAMMAM-DEVARAP,NHAI,,POWER,,2021-09,2021-09,2022-09,2025-05,,622.0,817.91,507.68,53.59,Ongoing,2024-10
OCMS-N24001479,,N24001479,WIDENING AND UPGRADATION TO FOUR LANE CONFIGURATION FROM KM.34.900 (BHADOHI) TO KM.73.134 (JAUNPUR),MoRTH,,POWER,,2021-03,2021-03,2024-05,2025-06,,395.62,395.62,256.82,57.0,Ongoing,2024-10
OCMS-N24001480,,N24001480,WIDENING AND STRENGTHENING FROM KM 0.00 TO KM 15.089 OF NH- 334A (PURKAJI-LAKSAR-HARIDWAR ROAD) TO TW,MoRTH,,POWER,,2021-10,2021-10,2024-04,2024-12,,227.06,227.06,119.19,88.0,Ongoing,2024-10
OCMS-N24001482,,N24001482,KHAMMAM-DEVARAPALLE PKG I [4L ACCESS CONTROLLED (GREENFIELD) FROM THALLAMPADU VILLAGE TO SOMAVARAM,NHAI,,RAILWAYS,,2022-08,2022-08,2024-10,2024-10,,772.11,772.11,452.54,57.12,Ongoing,2024-10
OCMS-N24001483,,N24001483,KHAMMAM DEVARAPALLE PKG II 4L ACCESS CONTROLLED (GREENFIELD) FROM SOMAVARAM VILLAGE TO CHINTAGUDEM V,NHAI,,RAILWAYS,,2022-02,2022-02,2024-09,2024-09,,637.11,637.11,324.52,56.5,Ongoing,2024-10
OCMS-N24001484,,N24001484,KHAMMAM-DEVARAPALLE PKG III [4L ACCESS CONTROLLED (GREENFIELD) FROM CHINTAGUDEM VILLAGE TO RECHERLA,NHAI,,RAILWAYS,,2022-09,2022-09,2024-02,2024-12,,804.69,804.69,417.59,60.49,Ongoing,2024-10
OCMS-N24001486,,N24001486,TUNNEL AT KHAMBATAKI GHAT SECTION AND ITS APPROACHES FROM EXISTING KM. 771.730 TO EXISTING KM. 782.0,NHAI,,POWER,,2019-02,2019-02,2022-02,2024-12,,493.0,493.0,374.15,72.82,Ongoing,2024-10
OCMS-N24001488,,N24001488,DHARAMPURI-LONAND FROM KM. 117.00 TO 166.40 (PKG-IV) ON MOHOL-ALANDI SECTION,NHAI,,POWER,,2021-09,2021-09,2023-09,2024-12,,618.45,618.45,600.38,90.2,Ongoing,2024-10
OCMS-N24001493,,N24001493,6L OF KAGAL-SATARA SECTION FROM KM 658.000 TO KM 725.000 OF NH-48 (PKG-II),NHAI,,POWER,,2022-12,2022-12,2024-12,2024-12,,1749.86,1749.86,1611.0,59.02,Ongoing,2024-10
OCMS-N24001495,,N24001495,4L OF RATNAGIRI - KOLHAPUR SECTION OF NH-166 FROM KM 0.000 TO KM 19.769 AND KM 31.000 TO KM 67.140 (,NHAI,,POWER,,2022-11,2022-11,2024-11,2024-11,,930.0,930.0,590.45,63.49,Ongoing,2024-10
OCMS-N24001501,,N24001501,PATAS-VASUNDE PHATA - BARAMATI BYPASS,NHAI,,POWER,,2021-09,2021-09,2023-09,2023-07,,531.86,532.41,520.71,0.5,Ongoing,2024-10
OCMS-N24001502,,N24001502,4L OF BARAMATI TO INDAPUR (PKG- II) FROM KM. 41.400 TO KM. 84.550 OF NH-965G (SAINT TUKARAM MARG),NHAI,,POWER,,2021-09,2021-09,2023-09,2025-03,,624.45,580.15,398.06,2.0,Ongoing,2024-10
OCMS-N24001503,,N24001503,4L OF INDAPUR TO TONDLE (PKG- III) FROM KM.84.550 TO KM. 131.00 OF NH-965G (SAINT TUKARAM MARG),NHAI,,POWER,,2021-09,2021-09,2023-09,2024-12,,667.66,666.21,590.9,13.0,Ongoing,2024-10
OCMS-N24001504,,N24001504,VADODARA MUMBAI EXPRESSWAY (PHASE II - PKG XI) [KM. 77.000 TO KM. 103.400] (GANJAD - TALSARI),NHAI,,POWER,,2022-05,2022-05,2024-05,2025-01,,1260.0,1260.0,608.72,91.0,Ongoing,2024-10
OCMS-N24001505,,N24001505,VADODARA MUMBAI EXPRESSWAY (PHASE II - PKG XII) [KM. 50.700 TO KM. 77.000] (MASVAN - GANJAD),NHAI,,POWER,,2022-03,2022-03,2024-03,2025-05,,1549.02,1549.02,537.1,52.0,Ongoing,2024-10
OCMS-N24001506,,N24001506,VADODARA MUMBAI EXPRESSWAY (PHASE II - PKG XIII) [KM. 26.582 TO KM. 50.700] (SHIRSAD - MASVAN),NHAI,,POWER,,2022-02,2022-02,2024-02,2025-06,,2747.0,2747.0,929.38,64.25,Ongoing,2024-10
OCMS-N24001507,,N24001507,VADODARA MUMBAI EXPRESSWAY (PHASE II - PKG XIV) [KM. 3.000 TO KM. 20.200 OF SPUR] (SHIRSAD - AKLOLI),NHAI,,POWER,,2022-11,2022-11,2024-05,2025-06,,1124.0,1124.0,299.43,44.5,Ongoing,2024-10
OCMS-N24001508,,N24001508,VADODARA MUMBAI EXPRESSWAY (PHASE II - PKG XVI) [KM. 43.000 TO KM. 69.800 OF SPUR] (AMNE - BHOJ),NHAI,,POWER,,2022-11,2022-11,2024-10,2025-06,,1450.0,1450.0,545.51,64.61,Ongoing,2024-10
OCMS-N24001511,,N24001511,CONSTRUCTION OF FOUR LANE RINGROAD BYPASS SRINAGAR CITY,NHAI,,RAILWAYS,,2021-03,2021-03,2024-02,2025-06,,2919.96,2919.96,2181.63,61.7,Ongoing,2024-10
OCMS-N24001514,,N24001514,"FOUR LANING OF EXISTING 2 LANE SECTION FROM MALOUT (DESIGN KM 44.500, EXISTING KM 80.200 OF NH-07) V",NHAI,,POWER,,,,2024-01,2024-01,,1060.29,1060.29,975.55,100.0,Completed,2024-10
OCMS-N24001515,,N24001515,DELHI VADODARA GREENFIELD ALIGNMENT SECTION OF NH 148N PACKAGE 26,NHAI,,ROAD TRANSPORT AND HIGHWAYS,,2020-09,2020-09,2024-02,2025-01,,1542.02,1542.02,893.71,62.3,Ongoing,2024-10
OCMS-N24001516,,N24001516,DELHI VADODARA GREENFIELD ALIGNMENT SECTION OF NH 148N PACKAGE 27,NHAI,,ROAD TRANSPORT AND HIGHWAYS,,2020-09,2020-09,2024-02,2024-08,,1185.69,1185.69,896.09,85.6,Ongoing,2024-10
OCMS-N24001518,,N24001518,DELHI VADODARA GREENFIELD ALIGNMENT SECTION OF NH 148N PACKAGE 30,NHAI,,ROAD TRANSPORT AND HIGHWAYS,,2019-11,2019-11,2023-09,2024-10,,1669.56,1669.56,967.79,89.46,Ongoing,2024-10
OCMS-N24001519,,N24001519,DELHI VADODARA GREENFIELD ALIGNMENT SECTION OF NH 148N PACKAGE 28,NHAI,,ROAD TRANSPORT AND HIGHWAYS,,2020-09,2020-09,2023-11,2024-09,,1198.55,1198.55,846.73,90.22,Ongoing,2024-10
OCMS-N24001520,,N24001520,DELHI VADODARA GREENFIELD ALIGNMENT SECTION OF NH 148N PACKAGE 31,NHAI,,ROAD TRANSPORT AND HIGHWAYS,,2019-11,2019-11,2024-05,2024-11,,1604.06,1604.06,1220.67,95.73,Ongoing,2024-10
OCMS-N24001521,,N24001521,VADODARA MUMBAI EXPRESSWAY (PHASE II - PKG XV) [KM. 20.200 TO KM. 43.000 OF SPUR] (AKLOLI - AMNE),NHAI,,POWER,,2022-11,2022-11,2024-10,2025-04,,990.0,990.0,296.63,51.55,Ongoing,2024-10
OCMS-N24001522,,N24001522,4L OF KODAD (DESIGN KM 0.00/EXISTING KM 185.00 OF NH-65) TO KHAMMAM (DESIGN KM 31.800/EXISTING KM 29,NHAI,,RAILWAYS,,2021-01,2021-01,2024-01,2024-12,,1307.95,1307.95,586.56,96.41,Ongoing,2024-10
OCMS-N24001523,,N24001523,6L ACCESS-CONTROLLED HIGHWAY FROM (GANESHPUR) TO(NEAR MOHAND) OF GANESHPUR ? DEHRADUN SECTION FROM K,NHAI,,POWER,,2021-03,2021-03,2023-10,2024-12,,836.24,836.24,780.44,98.57,Ongoing,2024-10
OCMS-N24001524,,N24001524,6L OF ACCESS-CONTROLLED HIGHWAY FROM MOHAND TO DAAT KALI TUNNEL OF GANESHPUR ? DEHRADUN SECTION FROM,NHAI,,POWER,,2021-03,2021-03,2023-10,2024-12,,990.28,990.28,997.51,98.89,Ongoing,2024-10
OCMS-N24001525,,N24001525,6L ACCESS-CONTROLLED HIGHWAY OF DAAT KALI TUNNEL - DEHRADUN OF GANESHPUR ? DEHRADUN SECTION FROM KM.,NHAI,,RAILWAYS,,2021-03,2021-03,2024-03,2024-12,,169.08,169.08,94.67,98.87,Ongoing,2024-10
OCMS-N24001526,,N24001526,UPGRADATION AND 4L OF HARIDWAR BYPASS FROM KM 0.000 (KM 188.100 OF NH-58) TO KM. 15.100 (KM 5.100 OF,NHAI,,RAILWAYS,,2021-08,2021-08,2024-10,2024-10,,1377.79,1377.79,679.1,46.81,Ongoing,2024-10
OCMS-N24001527,,N24001527,2L+PS FOR WORK OF NH-325 (BALOTRA TO SANDERAO VIA JALORE) BY CONSTRUCTION OF BYPASSES:(1) ASOTRA- BR,MoRTH,,COAL,,2021-12,2021-12,2024-05,2024-12,,411.4,411.4,162.61,55.0,Ongoing,2024-10
OCMS-N24001528,,N24001528,WIDENING OF PACHPADRA- BAGUNDI SECTION TO 4 LANE FROM KM 73/60 TO 95/70 OF NH-25 ON EPC MODE IN THE,MoRTH,,COAL,,2022-01,2022-01,2024-12,2024-12,,194.88,194.88,104.69,69.0,Ongoing,2024-10
OCMS-N24001529,,N24001529,44 LANE DIVIDED CARRIAGEWAY OF BARMER BYPASS OF NH-15 (NEW NH-68) IN THE STATE OF RAJASTHAN ON EPC M,MoRTH,,COAL,,2021-12,2021-12,2024-08,2024-12,,451.66,451.66,401.78,97.0,Ongoing,2024-10
OCMS-N24001530,,N24001530,UPGRADATION TO TWO LANE PAVED SHOULDER OF KOTHUN- LALSOT-KAROLI-DHOLPUR ROAD NH-23 (OLD NH-11B) IN TH,MoRTH,,COAL,,2021-12,2021-12,2024-09,2025-03,,150.11,150.11,57.83,63.0,Ongoing,2024-10
OCMS-N24001532,,N24001532,"CONSTRUCTION OF 4-LANE NH- 344P-PACKAGE-4 (FROM KM 0+000 TO KM 29+600, 29.6KM), STARTING FROM BAWANA",NHAI,,PETROLEUM,,2021-11,2021-11,2023-11,2024-08,,694.0,1500.0,1682.82,100.0,Ongoing,2024-10
OCMS-N24001533,,N24001533,CONSTRUCTION OF 4-LANE GREEN FIELD DELHI-AMRITSAR-KATRA EXPRESSWAY (NE-05) FROM JUSSUR KHERI ON KMP,NHAI,,PETROLEUM,,2020-11,2020-11,2023-12,2024-12,,1690.23,2010.17,1311.87,96.15,Ongoing,2024-10
OCMS-N24001534,,N24001534,CONSTRUCTION OF FOUR-LANE GREENFIELD DELHI-AMRITSAR- KATRA EXPRESSWAY FROM JUNCTION WITH ROHTAK-PANIP,NHAI,,PETROLEUM,,2020-12,2020-12,2024-01,2024-12,,1334.04,1334.0,974.53,97.31,Ongoing,2024-10
OCMS-N24001535,,N24001535,4-LANING OF GOHANA-SONIPAT (PKG-2) SECTION FROM KM 40.601 TO KM 78.837 (LENGTH = 38.236KM) OF NH-352,NHAI,,PETROLEUM,,2020-07,2020-07,2022-07,2024-12,,899.0,1882.46,1123.98,92.11,Ongoing,2024-10
OCMS-N24001536,,N24001536,FOUR LANING OF JIND GOHANA GREENFIELD ALIGNMENT PACKAGE 1 IN THE STATE OF HARYANA UNDER HYBRID ANNUI,NHAI,,PETROLEUM,,2020-07,2020-07,2022-07,2024-12,,817.0,1605.0,1025.56,98.9,Ongoing,2024-10
OCMS-N24001537,,N24001537,DABOKA KATHKATI PACKAGE-7,NHIDCL,,RAILWAYS,,2021-11,2021-11,2024-07,2024-12,,204.1,204.1,127.65,83.53,Ongoing,2024-10
OCMS-N24001538,,N24001538,IMPHAL - KHONGSANG PKG-5,NHIDCL,,RAILWAYS,,2021-12,2021-12,2024-05,2025-02,,410.68,410.68,105.71,50.81,Ongoing,2024-10
OCMS-N24001539,,N24001539,IMPHAL - KHONGSANG PKG-6,NHIDCL,,RAILWAYS,,2021-12,2021-12,2025-02,2025-09,,504.76,504.76,113.57,48.76,Ongoing,2024-10
OCMS-N24001540,,N24001540,AKASH BRIDGE - JESSAMI SECTION PKG-2,NHIDCL,,RAILWAYS,,2022-03,2022-03,2025-02,2025-02,,152.11,152.11,53.26,75.0,Ongoing,2024-10
OCMS-N24001541,,N24001541,RANIKOR- MAHESHKHOLA- BAGHMARA PKG-2,NHIDCL,,DONER,,2021-11,2021-11,2024-06,2024-12,,283.5,283.5,203.23,70.68,Ongoing,2024-10
OCMS-N24001542,,N24001542,2 LANING FROM MANU-SIMLUNG PKG-2,NHIDCL,,PETROLEUM,,2022-02,2022-02,2025-01,2025-01,,456.88,456.88,95.5,39.93,Ongoing,2024-10
OCMS-N24001543,,N24001543,FOUR LANING OF JAMMU- AKHNOOR PKG-1,NHIDCL,,RAILWAYS,,2022-07,2022-07,2025-01,2025-01,,245.34,245.34,53.27,32.68,Ongoing,2024-10
OCMS-N24001544,,N24001544,FOUR LANING OF SRIRAMPUR- DHUBRI PKG-2,NHIDCL,,RAILWAYS,,2022-03,2022-03,2025-01,2025-01,,909.02,909.02,408.84,77.21,Ongoing,2024-10
OCMS-N24001545,,N24001545,"6L STANDALONE FLYOVERS AT RAHA, DEMOW, BORGHAT, KATHIATALI JUNCTIONS AND ROB AT JAGIROAD ON STRETCHE",NHAI,,RAILWAYS,,2022-08,2022-08,2022-12,2024-06,,175.0,175.0,178.56,99.04,Ongoing,2024-10
OCMS-N24001546,,N24001546,6L OF KAGAL-SATARA SECTION FROM KM 592.240 TO KM 658.000 OF NH-48 (PKG-I),NHAI,,POWER,,2023-01,2023-01,2025-01,2025-01,,1025.2,1025.2,758.28,47.67,Ongoing,2024-10
OCMS-N24001547,,N24001547,BALANCE WORK OF 4L OF NARIMBANGLO?JATINGA JUNCTION- HARANGAJO ROAD SECTION FROM KM 0.000 TO KM 49.23,NHAI,,RAILWAYS,,2022-03,2022-03,2026-01,2026-01,,1909.98,1909.98,480.84,52.48,Ongoing,2024-10
OCMS-N24001548,,N24001548,"6L STANDALONE FLYOVERS AT BONGAIGAON, CHAPAGURI, PATHSALA, SIMLAGURI CHOWK AND BAIHATA BYPASS JUNCTI",NHAI,,RAILWAYS,,2022-03,2022-03,2024-06,2024-12,,457.72,457.72,313.97,89.68,Ongoing,2024-10
OCMS-N24001549,,N24001549,SHRIRAMPUR (KM. 0.000) TO KOCHUGAON (KM. 30.000) OF BIJNI TO ASSAM./WEST BENGAL BORDER SECTION OF NH,NHAI,,POWER,,,,2020-04,2020-04,,442.23,442.23,647.3,100.0,Completed,2024-10
OCMS-N24001550,,N24001550,DELHI-AMRITSAR-KATRA EXPRESSWAY (PHASE-II PKG-XVI) EXISTING JAKH (VIJAYPUR)- KUNJWANI SECTION OF NH-4,NHAI,,RAILWAYS,,2021-09,2021-09,2024-09,2025-09,,1821.72,1917.32,792.04,62.6,Ongoing,2024-10
OCMS-N24001551,,N24001551,DELHI-AMRITSAR-KATRA EXPRESSWAY (PHASE-II PKG-XIV) FROM JUNCTION WITH PATHANKOT-GURDASPUR ROAD (NH-5,NHAI,,RAILWAYS,,2021-10,2021-10,2024-09,2025-07,,3044.02,3044.02,1349.97,51.37,Ongoing,2024-10
OCMS-N24001552,,N24001552,DELHI-AMRITSAR-KATRA EXPRESSWAY (PHASE-II PKG-XV) [JUNCTION WITH HIRANAGAR ROAD NEAR VILLAGE GURHA B,NHAI,,RAILWAYS,,2021-10,2021-10,2024-09,2025-09,,2714.95,2714.95,1485.42,66.59,Ongoing,2024-10
OCMS-N24001553,,N24001553,4L MEDINIPUR TO BALLUPUR FROM KM. 458.65 TO KM. 487.65 OF NH-07(PKG-2),NHAI,,RAILWAYS,,2022-03,2022-03,2025-02,2025-02,,1092.9,1092.9,461.92,60.5,Ongoing,2024-10
OCMS-N24001555,,N24001555,"6 LANING OF EXISTING 4-LANE STRETCH FROM KALKALLU AT KM.454+000 TO GUNDLA POCHAMPALLY AT KM.471+000,",NHAI,,RAILWAYS,,2022-03,2022-03,2025-01,2025-01,,955.49,955.49,175.6,28.39,Ongoing,2024-10
OCMS-N24001556,,N24001556,6L OF EXISTING 4L FROM GUNDLAPOCHAMPALLY TO BOWENPALLY FROM KM 471.300 TO KM 481.331 OF NH-44,NHAI,,RAILWAYS,,2021-12,2021-12,2024-07,2024-07,,521.53,521.53,222.4,43.7,Ongoing,2024-10
OCMS-N24001557,,N24001557,4L GREENFIELD SPUR FROM DELHI- VADODARA GREENFIELD EXPRESSWAY NEAR BANDIKUI TO JAIPUR,NHAI,,COAL,,2022-03,2022-03,2024-11,2024-12,,1636.15,1636.15,717.61,78.98,Ongoing,2024-10
OCMS-N24001558,,N24001558,4L OF KARWAR (KM. 281.980 OF NH- 62 NAGAUR ROAD) TO DANGIYAVAS OF JODHPUR RING ROAD (PKG-II),NHAI,,COAL,,2021-11,2021-11,2024-08,2024-12,,736.75,736.75,216.39,78.25,Ongoing,2024-10
OCMS-N24001559,,N24001559,2L PS SRIGANGANAGAR TO RAISINGHNAGAR (DESIGN CHAINAGE -0.500 KM TO DESIGN CHAINAGE 101.000 KM) (PACK,NHAI,,COAL,,2021-09,2021-09,2024-06,2025-01,,672.35,672.35,392.43,94.25,Ongoing,2024-10
OCMS-N24001561,,N24001561,DEOGARH (NEAR DHANDHANIYA)- RAJASTHAN/GUJARAT BORDER,PHASE-I) (AJ/DRGB-PACKAGE-8,,COAL,,2019-10,2019-10,2023-10,2024-11,,839.63,839.63,213.85,100.0,Ongoing,2024-10
OCMS-N24001563,,N24001563,DEOGARH (NEAR DHANDHANIYA)- RAJASTHAN/GUJARAT BORDER,PHASE-I) (AJ/DRGB-PACKAGE-6,,COAL,,2019-10,2019-10,2023-08,2024-12,,846.59,846.59,145.98,97.8,Ongoing,2024-10
OCMS-N24001564,,N24001564,DEOGARH (NEAR DHANDHANIYA)- RAJASTHAN/GUJARAT BORDER,PHASE-I) (AJ/DRGB-PACKAGE-7,,COAL,,2019-10,2019-10,2023-07,2024-12,,662.08,662.08,110.81,96.5,Ongoing,2024-10
OCMS-N24001566,,N24001566,DELHI-VADODARA GREENFIELD ALIGNMENT (NH-148N) (PKG-11),CH. 319.400 TO CH. 331.030,,COAL,,2019-11,2019-11,2023-05,2023-11,,1640.1,1640.1,1159.5,100.0,Ongoing,2024-10
OCMS-N24001567,,N24001567,DELHI-VADODARA GREENFIELD ALIGNMENT (NH-148N) (PKG-10) (CH. 292.950 TO CH. 319.400) [END OF INTERCHA,NHAI,,COAL,,2019-11,2019-11,2022-10,2024-11,,1272.97,1272.97,595.5,82.82,Ongoing,2024-10
OCMS-N24001568,,N24001568,DELHI-VADODARA GREENFIELD ALIGNMENT (NH-148N) (PKG-14),CH. 388.420 TO CH. 419.000,,COAL,,2019-11,2019-11,2023-05,2024-11,,1119.35,1119.35,1435.93,99.8,Ongoing,2024-10
OCMS-N24001569,,N24001569,DELHI-VADODARA GREENFIELD ALIGNMENT (NH-148N) (PKG-12),CH. 331.030 TO CH. 359.170,,COAL,,2019-11,2019-11,2023-03,2024-06,,1425.02,1425.02,1386.89,100.0,Ongoing,2024-10
OCMS-N24001571,,N24001571,DELHI-VADODARA GREENFIELD ALIGNMENT (NH-148N) (PKG-13),CH. 359.170 TO CH. 388.420,,COAL,,2019-11,2019-11,2023-12,2024-11,,1341.36,1341.36,1085.98,99.65,Ongoing,2024-10
OCMS-N24001573,,N24001573,DELHI-VADODARA GREENFIELD ALIGNMENT (NH-148N) (PKG-09),CH. 247.310 TO CH. 292.950,,COAL,,2019-11,2019-11,2022-12,2024-11,,1658.06,1658.06,180.39,99.9,Ongoing,2024-10
OCMS-N24001587,,N24001587,WIDENING AND STRENGTHENING OF SECTION FROM BHARTHANA CHOWK TO KODARKOOT (KM. 0.00 TO KM. 40.00) OF,MoRTH,,POWER,,2020-03,2020-03,2024-09,2024-12,,262.37,343.77,240.47,68.0,Ongoing,2024-10
OCMS-N24001588,,N24001588,DEVELOPMENT OF SIX LANE SARGI- BASANWAHI OF NH 130 CD FROM KM.42+800 TO 99+500 UNDER RAIPUR VISAKHAPA,NHAI,,PETROLEUM,,2021-12,2021-12,2025-01,2025-09,,1470.73,1470.73,504.46,57.6,Ongoing,2024-10
OCMS-N24001589,,N24001589,HARIHARGANJ TO PARWA MODE SECTION FROM KM 23.284 TO KM 57.049 OF NH-98,NHAI,,POWER,,2020-09,2020-09,2024-03,2024-12,,755.26,1039.0,548.17,82.55,Ongoing,2024-10
OCMS-N24001590,,N24001590,4L FROM KM 196.87 (SANKHA) TO KM 219.6 (KHAJURI) ON NH-75 [REHLA / GARHWA BYPASS],NHAI,,POWER,,2020-09,2020-09,2023-10,2024-12,,748.99,903.0,811.52,99.98,Ongoing,2024-10
OCMS-N24001593,,N24001593,DEVELOPMENT OF SIX LANE JHANKI SARGI OF NH 130 CD FROM KM.0+000 TO 42+800 UNDER RAIPUR VISAKHAPATTNA,NHAI,,PETROLEUM,,2021-11,2021-11,2024-09,2025-06,,1368.19,1368.19,801.3,80.21,Ongoing,2024-10
OCMS-N24001594,,N24001594,ELEVATED CORRIDOR IN RANCHI CITY FROM KM 0.00 TO KM 3.260 OF NH-75 INCLUDING DOWN RAMP ON NH-23 FROM,NHAI,,POWER,,2022-02,2022-02,2025-01,2025-01,,534.73,534.73,14.87,73.0,Ongoing,2024-10
OCMS-N24001595,,N24001595,4L OF PALMA TO GUMLA SECTION OF NH23 FROM KM. 26.00 TO KM. 89.170 ON HAM MODE IN THE STATE OF JHARKH,NHAI,,POWER,,2020-08,2020-08,2024-03,2024-12,,1034.0,1785.18,41.5,83.15,Ongoing,2024-10
OCMS-N24001596,,N24001596,4L OF MIRZA CHAUKI TO FARKKA SECTION OF NH80 FROM KM 215.00 TO KM 260.00 ON HAM MODE IN THE STATE OF,NHAI,,POWER,,2021-11,2021-11,2023-07,2025-06,,1302.72,1504.8,837.1,55.56,Ongoing,2024-10
OCMS-N24001597,,N24001597,BALANCE WORK OF RANCHI- MAHULIA SECTION OF NH-33 FROM KM 113.730 (VIKAS) TO KM 140.000 (RAMPUR) (PKG,NHAI,,POWER,,2019-01,2019-01,2020-12,2024-07,,466.55,466.55,0.0,100.0,Ongoing,2024-10
OCMS-N24001598,,N24001598,6L FROM SANKESHWAR BYPASS TO MH KNT BORDER FROM KM. 555.017 TO KM. 592.853 OF NH-48,PKG II,,POWER,,2022-01,2022-01,2025-04,2025-04,,1388.7,1388.7,299.54,52.1,Ongoing,2024-10
OCMS-N24001599,,N24001599,BELAKERI PORT TO KUMTA - SIRSI ROAD FROM KM 0.00 - KM 4.265 OF BELEKERI PORT ROAD LINK RD. AND KM 4.,NHAI,,POWER,,2018-03,2018-03,2022-12,2025-04,,440.16,440.16,309.33,58.84,Ongoing,2024-10
OCMS-N24001600,,N24001600,BALANCE WORK 2-LANE WITH PAVED SHOULDERS OF NAGAPATTINAM - THANJAVUR SECTION OF NH-67 (NEW NH-83),NHAI,,RAILWAYS,,2020-10,2020-10,2023-05,2024-12,,434.12,434.12,258.89,99.3,Ongoing,2024-10
OCMS-N24001601,,N24001601,4-LANING OF KAMALAPURAM - ODDANCHATRAM SECTION OF NH- 209,NHAI,,RAILWAYS,,2019-01,2019-01,2023-01,2025-06,,1051.69,1051.69,552.46,76.73,Ongoing,2024-10
OCMS-N24001602,,N24001602,4-LANING OF MADATHUKULAM - POLLACHI SECTION OF NH-209,NEW NH-83,,RAILWAYS,,2019-01,2019-01,2022-12,2025-11,,1409.38,1409.38,623.22,86.08,Ongoing,2024-10
OCMS-N24001603,,N24001603,4-LANING OF ODDANCHATRAM - MADATHUKULAM SECTION OF NH- 209 (NEW NH-83),NHAI,,RAILWAYS,,2019-01,2019-01,2022-10,2023-12,,1518.53,1607.54,915.4,100.0,Ongoing,2024-10
OCMS-N24001604,,N24001604,"REMAINING WORK OF 2L+PS OF TRICHY - KARAIKUDI SECTION OF NH-210, INCLUDING TRICHY BYPASS",NHAI,,RAILWAYS,,2019-02,2019-02,2021-03,2023-10,,166.9,166.9,121.94,100.0,Ongoing,2024-10
OCMS-N24001605,,N24001605,"4-LANING OF MELUR - PILLAYARPATTI - KARAIKUDI SECTION OF NH-338, NH-36, NH-383",NHAI,,RAILWAYS,,2018-06,2018-06,2022-03,2025-01,,1103.86,1103.86,461.32,70.06,Ongoing,2024-10
OCMS-N24001606,,N24001606,4-LANING OF VADIPPATTI - THAMARAIPATTI SECTION OF NH- 744A (MADURAI RING ROAD),NHAI,,RAILWAYS,,2018-12,2018-12,2022-03,2025-06,,854.94,854.94,334.05,66.66,Ongoing,2024-10
OCMS-N24001607,,N24001607,BALANCE WORKS OF 4L PANVEL- INDAPUR SECTION OF NH-66 (OLD NH-17) FROM KM 42.300 (KASU) TO KM 84.600 (,NHAI,,POWER,,2022-10,2022-10,2024-05,2024-05,,332.0,332.0,194.88,42.44,Ongoing,2024-10
OCMS-N24001608,,N24001608,VADODARA MUMBAI EXPRESSWAY (PHASE II - PKG XVII) [KM. 69.800 TO KM. 79.783 OF SPUR] (BHOJ - MORBE),NHAI,,POWER,,2021-09,2021-09,2025-07,2025-07,,2208.68,2208.68,411.34,53.48,Ongoing,2024-10
OCMS-N24001609,,N24001609,BALANCE WORK OF 4 LANING OF PANVEL TO INDAPUR SECTION OF NH-66(OLD NH- 17) FROM KM 0.000 (PANVEL) TO,NHAI,,POWER,,2023-01,2023-01,2023-12,2024-12,,151.26,151.26,115.47,67.03,Ongoing,2024-10
OCMS-N24001610,,N24001610,4L OF EXISTING 2/4L STRETCH FROM LONAND TO DIVE GHAT (KM 166.400 TO KM 220.900 ) OF MOHOL ? ALANDI S,NHAI,,POWER,,2022-01,2022-01,2024-05,2025-03,,1833.73,1833.73,443.48,81.19,Ongoing,2024-10
OCMS-N24001611,,N24001611,4 LANE OF BILASPUR TO URGA PROJECT (KM 0.00 TO KM 70.2) OF NH-130A,NHAI,,PETROLEUM,,2020-04,2020-04,2024-03,2025-09,,1855.59,2523.86,388.38,71.68,Ongoing,2024-10
OCMS-N24001612,,N24001612,DELHI-VADODARA GREENFIELD ALIGNMENT (NH-148N) (PKG-15),CH. 419.000 TO CH.427.300,,COAL,,2020-07,2020-07,2024-01,2025-09,,1788.69,1788.69,823.67,68.81,Ongoing,2024-10
OCMS-N24001614,,N24001614,4LBERKHEDI TO GODPEHRA NH-44,NHAI,,RAILWAYS,,2022-02,2022-02,2024-11,2024-11,,524.84,524.84,2152.44,35.0,Ongoing,2024-10
OCMS-N24001615,,N24001615,4L OF SAGAR - MOHARI FROM KM.8 TO KM.50 (PKG-I),NHAI,,RAILWAYS,,2021-03,2021-03,2024-04,2024-08,,790.78,790.78,1450.94,46.0,Ongoing,2024-10
OCMS-N24001616,,N24001616,2L PS OF SATNA - MAIHAR SECTION OF NH-135BG FROM KM 80.800 TO KM 120.125,NHAI,,RAILWAYS,,2021-01,2021-01,2023-10,2024-12,,428.04,428.04,351.2,98.89,Ongoing,2024-10
OCMS-N24001618,,N24001618,KATNI BYPASS FROM KM. 359.50 TO KM. 378.50,NHAI,,RAILWAYS,,2019-09,2019-09,2022-09,2024-12,,194.4,194.4,176.08,87.3,Ongoing,2024-10
OCMS-N24001619,,N24001619,CORRIDOR EFFICIENCY IMPROVEMENT INCLUDING REMOVAL OF BLACK SPOTS IN LAKHANPUR - SAMBA SECTION OF NH,NHAI,,RAILWAYS,,2022-08,2022-08,2024-06,2025-06,,200.05,208.92,96.7,39.4,Ongoing,2024-10
OCMS-N24001620,,N24001620,CONSTRUCTION OF TUNNELS/VIADUCTS AT IDENTIFIED SLIDING/SLIP ZONES AT KM 130.550 TO KM.130.750; KM.,NHAI,,RAILWAYS,,2021-09,2021-09,2023-10,2025-05,,442.14,442.14,260.53,19.88,Ongoing,2024-10
OCMS-N24001621,,N24001621,"4L OF KM.165.092 TO KM.171.855 (NORTH BOUND) AND FROM KM.166.895 TO KM.173.638 (SOUTH BOUND), EXCL.",NHAI,,RAILWAYS,,2021-07,2021-07,2024-08,2025-06,,614.48,614.48,159.0,7.0,Ongoing,2024-10
OCMS-N24001622,,N24001622,4L TWIN TUBE TUNNEL INCLUDING APPROACHES FROM DIGDOL TO KHUNI NALLAH (NORTH BOUND CONNECTING WITH EX,NHAI,,RAILWAYS,,2021-07,2021-07,2024-06,2025-06,,1401.87,1401.87,558.21,0.0,Ongoing,2024-10
OCMS-N24001623,,N24001623,BANIHAL BYPASS (DELINKED FROM SRINAGAR - BANIHAL) FROM KM. 187.00 TO KM. 189.350,NHAI,,RAILWAYS,,2020-01,2020-01,2024-01,2024-12,,336.01,336.01,179.36,34.0,Ongoing,2024-10
OCMS-N24001624,,N24001624,CONSTRUCTION OF EMERGENCY LANDING FACILITY FROM KM. 246.60 TO KM. 249.70 ON SRINAGAR - BANIHAL SECTI,NHAI,,RAILWAYS,,2019-07,2019-07,2020-10,2024-09,,157.05,157.05,134.6,100.0,Ongoing,2024-10
OCMS-N24001625,,N24001625,6L ACCESS CONTROLLED GREENFIELD HIGHWAY OF JULEKAL VILLAGE TO DINNEDEVARAPADU VILLAGE FROM KM 242.20,NHAI,,RAILWAYS,,2022-01,2022-01,2025-01,2025-07,,1227.57,1227.57,288.58,30.51,Ongoing,2024-10
OCMS-N24001626,,N24001626,6L ACCESS CONTROLLED GREENFIELD HIGHWAY OF NANDINNE VILLAGE TO JULEKAL VILLAGE FROM KM 202.900 TO KM,NHAI,,RAILWAYS,,2022-02,2022-02,2025-01,2025-01,,972.06,972.06,368.38,42.27,Ongoing,2024-10
OCMS-N24001627,,N24001627,4L OF TWIN TUBE TUNNEL CONFIGURATION INCLUDING APPROACHES FROM MAROG TO DIGDOL (FROM KM.154.210 TO K,NHAI,,RAILWAYS,,2021-07,2021-07,2025-02,2025-02,,1912.17,1912.17,56.68,0.0,Ongoing,2024-10
OCMS-N24001628,,N24001628,4/6L OF SPUR TO HARIDWAR (GREENFIELD) FROM KM. 0.000 TO KM. 49.000,NHAI,,PETROLEUM,,2021-11,2021-11,2025-02,2025-02,,2155.95,2155.95,1178.79,50.62,Ongoing,2024-10
OCMS-N24001629,,N24001629,6L WITH ACCESS CONTROL PROVISION SAHARANPUR BYPASS TO GANESHPUR SECTION FROM 13.89 KM TO 41.820 KM O,NHAI,,PETROLEUM,,2022-04,2022-04,2024-11,2024-11,,796.65,796.65,293.17,65.95,Ongoing,2024-10
OCMS-N24001630,,N24001630,4/6L GREENFIELD LUDHIANA RUPNAGAR HIGHWAY FROM JUNCTION WITH NE 05 VILLAGR NEAR TO MANEWAL (LUDHIANA,NHAI,,RAILWAYS,,2021-07,2021-07,2025-02,2025-02,,1501.02,1501.02,288.0,65.0,Ongoing,2024-10
OCMS-N24001631,,N24001631,6L OF IT CITY CHOWK TO KURALI CHANDIGARH ROAD,NHAI,,RAILWAYS,,2021-03,2021-03,2024-10,2024-10,,1525.31,1525.31,283.0,69.0,Ongoing,2024-10
OCMS-N24001632,,N24001632,CONSTRUCTION OF FOUR LANE GREENFIELD PROJECT OF DELHI- AMRITSAR-KATRA EXPRESSWAY (PHASE-I PKG-V) FROM,NHAI,,RAILWAYS,,2021-01,2021-01,2024-05,2025-04,,1741.86,1741.86,1123.85,86.5,Ongoing,2024-10
OCMS-N24001633,,N24001633,CONSTRUCTION OF FOUR LANE GREENFIELD PROJECT OF DELHI- AMRITSAR-KATRA EXPRESSWAY (PHASE-I PKG-III) F,NHAI,,PETROLEUM,,2020-12,2020-12,2023-12,2024-11,,1430.88,1430.88,1035.67,96.8,Ongoing,2024-10
OCMS-N24001634,,N24001634,CONSTRUCTION OF FOUR LANE GREENFIELD PROJECT OF DELHI- AMRITSAR-KATRA EXPRESSWAY (PHASE-I PKG-IV) FRO,NHAI,,PETROLEUM,,2021-01,2021-01,2023-12,2024-12,,1306.95,1306.95,942.53,98.44,Ongoing,2024-10
OCMS-N24001635,,N24001635,4 LANING OF JAGADHRI TAJEWALA ROAD SECTION OF NH 907 (OLD NH 73A) UNDER NH(O) (PKG 1) IN THE STATE O,NHAI,,PETROLEUM,,2022-03,2022-03,2025-02,2025-02,,1269.5,1269.5,187.0,47.0,Ongoing,2024-10
OCMS-N24001636,,N24001636,CONSTRUCTION OF FOUR/SIX LANE GREENFIELD LUDHIANA ? RUPNAGAR NATIONAL HIGHWAY NO. NH-205K UNDER BHAR,NHAI,,RAILWAYS,,2021-05,2021-05,2024-12,2024-12,,1368.91,1368.91,163.58,15.31,Ongoing,2024-10
OCMS-N24001637,,N24001637,DEVELOPMENT OF 6 LANE JALANDHAR BYPASS FROM KAHLWAN NATIONAL HIGHWAY 03 DESIGN KM 0.00 ENDING AT K,NHAI,,RAILWAYS,,2021-03,2021-03,2025-01,2025-01,,1754.84,1754.84,990.38,30.02,Ongoing,2024-10
OCMS-N24001638,,N24001638,4L GREENFIELD A. MALOUT BYPASS FROM CH. KM 44.500 TO CH. KM 35.500 ON NH-07 AND CH. KM 0.000 TO KM 6,NHAI,,RAILWAYS,,2021-11,2021-11,2024-07,2024-12,,646.42,646.42,481.67,92.0,Ongoing,2024-10
OCMS-N24001639,,N24001639,FOUR LANING OF MOGA TO BAJAKHANA LAMBWALI SECTION OF 105B GREENFIELD ALIGNMENT FROM DESIGN CHAINAGE,NHAI,,RAILWAYS,,2020-05,2020-05,2024-12,2025-08,,864.23,864.23,434.88,40.0,Ongoing,2024-10
OCMS-N24001640,,N24001640,6L AMRITSAR BATHINDA GREENFIELD SECTION FROM VILLAGE TIBA ON NE 5A TO JN. WITH MOGA JALANDHAR ROAD N,NHAI,,RAILWAYS,,2021-03,2021-03,2024-11,2024-11,,1229.38,1229.38,680.13,31.56,Ongoing,2024-10
OCMS-N24001641,,N24001641,DELHI AMRITSAR KATRA EXPRESSWAY PHASE I SPUR III FROM JUNCTION WITH AMRITSAR JALANDHAR ROAD NH3 NEAR,NHAI,,RAILWAYS,,2021-03,2021-03,2024-10,2025-09,,1641.75,1641.75,179.85,23.6,Ongoing,2024-10
OCMS-N24001642,,N24001642,FOUR LANING OF AMRITSAR BYPASS FROM NEW TARN TARAN ROAD TO AJNALA ROAD FROM DESIGN KM. 0.750 TO DESI,NHAI,,RAILWAYS,,2021-02,2021-02,2024-08,2025-03,,1474.77,1474.77,389.27,64.44,Ongoing,2024-10
OCMS-N24001643,,N24001643,4L OF AMRITSAR GHOMAN TANDA UNA SECTION FROM KM 8.270 TO KM 54.000 OF NH 503A PACKAGE I,NHAI,,RAILWAYS,,2020-12,2020-12,2024-06,2025-06,,857.91,857.91,127.71,35.7,Ongoing,2024-10
OCMS-N24001644,,N24001644,AMRITSAR AIRPORT JUNCTION RAMDAS FROM KM. 100.835 TO KM. 139.813 PKG IV,NHAI,,RAILWAYS,,2020-12,2020-12,2023-09,2025-03,,524.88,416.58,157.14,69.0,Ongoing,2024-10
OCMS-N24001645,,N24001645,4L OF MALOUT-MANDI DABWALI SECTION PKG-01 DANEWALA AT KM 7.000 TO MANDI DABWALI AT KM 29.500 OF NH-0,NHAI,,POWER,,,,2023-06,2023-06,,366.85,366.85,276.34,100.0,Completed,2024-10
OCMS-N24001647,,N24001647,BALANCE WORK OF PANIKOILI RIMULI SECTION OF NEW NH-20 FROM KM 0.00 TO KM. 163.000,NHAI,,POWER,,2020-08,2020-08,2022-03,2024-11,,200.0,154.73,137.04,100.0,Ongoing,2024-10
OCMS-N24001648,,N24001648,CONSTRUCTION OF 6 LANE ELEVATED CORRIDOR ALONG WITH DEVELOPMENT OF EXISTING 4 LANE ROAD AT GROUND LE,NHAI,,RAILWAYS,,2022-08,2022-08,2026-01,2026-01,,2429.52,2429.52,617.95,38.98,Ongoing,2024-10
OCMS-N24001649,,N24001649,SIX LANING OF PARAVOOR(DESIGN KM. 417+000) TO KOTTUKULANGARA(DESIGN KM. 454+500) SECTION OF NEW NH-6,NHAI,,RAILWAYS,,2021-12,2021-12,2025-02,2025-02,,3273.61,3273.61,468.6,46.3,Ongoing,2024-10
OCMS-N24001650,,N24001650,SIX LANING OF KADAMBATTUKONAM TO KAZHAKKOOTTAM SECTION OF NH- 66(OLD NH-47) FROM KM. 517+250 TO KM.54,NHAI,,RAILWAYS,,2021-12,2021-12,2025-01,2025-08,,3635.64,3635.64,280.92,36.8,Ongoing,2024-10
OCMS-N24001651,,N24001651,SIX LANING OF THURAVOOR (DESIGN KM. 378+612) TO PARAVOOR (DESIGN KM.417+000) SECTION OF NEW NH-66 (O,NHAI,,RAILWAYS,,2021-09,2021-09,2024-09,2024-09,,2878.97,2878.97,346.36,27.04,Ongoing,2024-10
OCMS-N24001652,,N24001652,6L MINOR BRIDGE (PALOLI PALAM) AT KM. 203.160 and MAJOR BRIDGE (MORAD) AT KM. 204.895 AND ALLIED WOR,NHAI,,RAILWAYS,,2020-03,2020-03,2022-06,2024-06,,210.37,216.94,198.1,100.0,Ongoing,2024-10
OCMS-N24001653,,N24001653,SIX LANING FROM KODUNGALLUR TO EDAPALLY SECTION OF NH ?66 (OLD NH-17) FROM DESIGN CHAINAGE 397+750 (,NHAI,,RAILWAYS,,2021-11,2021-11,2025-04,2025-04,,3565.82,3064.11,1910.24,43.89,Ongoing,2024-10
OCMS-N24001654,,N24001654,SIX LANING OF START OF KOLLAM BYPASS (KM.486+000) KADAMBATTUKONAM (KM.517+250) SECTION OF NEW NH-66,NHAI,,RAILWAYS,,2021-06,2021-06,2025-03,2025-02,,2641.37,2641.37,450.72,56.62,Ongoing,2024-10
OCMS-N24001655,,N24001655,SIX LANING FROM KAPPIRIKKAD TO THALIKULAM SECTION OF NH ? 66 (OLD NH-17) FROM DESIGN CH. 335+850 (EX,NHAI,,RAILWAYS,,2021-06,2021-06,2025-02,2025-11,,3606.0,3946.56,3033.98,55.34,Ongoing,2024-10
OCMS-N24001656,,N24001656,SIX LANING FROM THALIKULAM TO KODUNGALLUR SECTION OF NH ? 66 (OLD NH-17) FROM DESIGN CH.369+015 (EX.,NHAI,,RAILWAYS,,2021-06,2021-06,2025-03,2025-12,,2595.0,4009.57,2917.21,47.81,Ongoing,2024-10
OCMS-N24001657,,N24001657,SIX LANING OF KOTTUKULANGARA (DESIGN KM. 454+500) TO START OF KOLLAM BYPASS (DESIGN KM. 486+000) SEC,NHAI,,RAILWAYS,,2021-06,2021-06,2024-10,2025-12,,2842.14,2842.14,463.03,58.12,Ongoing,2024-10
OCMS-N24001658,,N24001658,SIX LANING OF RAMANATTUKARA JUNCTION TO START OF VALANCHERY BYPASS SECTION OF NH-66 (OLD NH-17) FROM,NHAI,,RAILWAYS,,2021-01,2021-01,2024-07,2025-03,,4265.42,4728.4,3365.33,86.17,Ongoing,2024-10
OCMS-N24001659,,N24001659,SIX LANING FROM START OF VALANCHERY BYPASS TO KAPPIRIKKAD-SECTION OF NH- 66(OLD NH-17) FROM DESIGN CH,NHAI,,RAILWAYS,,2021-02,2021-02,2024-07,2025-03,,3375.31,3824.07,2240.35,85.5,Ongoing,2024-10
OCMS-N24001660,,N24001660,SIX LANING OF THALIPARAMBHA- MUZHAPILANGAD SECTION FROM KM 137.900 TO KM. 170.600 OF NH- 17 (NEW NH,NHAI,,RAILWAYS,,2020-08,2020-08,2024-02,2025-12,,2714.6,2714.6,1774.87,61.2,Ongoing,2024-10
OCMS-N24001661,,N24001661,6L OF AZHIYUR-VENGALAM FROM KM. 189.200 TO KM. 230.400 OF NH- 66,NHAI,,RAILWAYS,,2020-10,2020-10,2024-04,2025-12,,3219.47,3713.14,2079.48,48.3,Ongoing,2024-10
OCMS-N24001662,,N24001662,SIX LANING OF KT/KL BORDER (THALAPPDY) TO CHENGALA SECTION OF NH17 (NEW NH-66) FROM CH. 17.200 TO CH,NHAI,,RAILWAYS,,2020-05,2020-05,2024-05,2025-03,,1981.07,1981.07,1368.63,77.02,Ongoing,2024-10
OCMS-N24001663,,N24001663,SIX LANING OF NEELESHWARAM TO THALIPARAMBHA SECTION FROM CH. 94+540 (EXISTING KM 96+450) TO CH. 134+,NHAI,,RAILWAYS,,2020-06,2020-06,2024-04,2025-12,,3041.65,3041.65,2156.43,54.5,Ongoing,2024-10
OCMS-N24001664,,N24001664,SIX LANING OF CHENGALA TO NEELESHWARAM SECTION OF NH- 17 (NEW NH-66) FROM CH. 56+200 (EXISTING KM 57+,NHAI,,RAILWAYS,,2020-06,2020-06,2024-04,2025-11,,1746.45,1746.45,1125.92,60.1,Ongoing,2024-10
OCMS-N24001665,,N24001665,6L GREENFIELD KANDILI - ALURU SECTION OF NH-130-CD ROAD FROM KM 342+500 TO KM 365+033 (PACKAGE-OD-8,NHAI,,POWER,,2021-12,2021-12,2024-10,2025-08,,1592.0,1592.0,884.7,63.37,Ongoing,2024-10
OCMS-N24001666,,N24001666,6L GREENFIELD BARAJA - KANDILI SECTION OF NH- 130-CD ROAD FROM KM 338+500 TO KM 342+500 (PACKAGE-OD,NHAI,,POWER,,2021-12,2021-12,2024-09,2025-08,,714.0,714.0,463.69,75.02,Ongoing,2024-10
OCMS-N24001667,,N24001667,6L GREENFIELD KALIAGURA ? BAUNSAGUAR SECTION OF NH-130- CD ROAD FROM KM 249+000 TO KM 293+000 (PACKAG,NHAI,,POWER,,2021-09,2021-09,2024-05,2025-10,,1734.0,1734.0,1057.84,73.5,Ongoing,2024-10
OCMS-N24001668,,N24001668,6L OF BADAKUMARI - KARKI SECTION FROM KM 179.000 TO KM 226.500 OF NH-130-CD (PACKAGE ? OD-3),NHAI,,POWER,,2021-03,2021-03,2024-04,2025-03,,1249.0,1249.0,405.98,71.84,Ongoing,2024-10
OCMS-N24001669,,N24001669,6L OF DHANARA - HATIBENA SECTION FROM KM 124.611 TO KM 146.50 OF NH-130-CD (PACKAGE ? OD-1),NHAI,,POWER,,2021-02,2021-02,2024-03,2025-03,,586.0,586.0,186.65,63.8,Ongoing,2024-10
OCMS-N24001670,,N24001670,6L OF KARKI ? KALIAGURA SECTION FROM KM 226.500 TO KM 249.000 OF NH-130-CD (PACKAGE ? OD-4),NHAI,,POWER,,2021-02,2021-02,2024-03,2024-12,,593.0,593.0,251.76,88.06,Ongoing,2024-10
OCMS-N24001671,,N24001671,6L OF HATIBENA - BADAKUMARI SECTION FROM KM 146.50 TO KM 179.00 OF NH-130-CD (PACKAGE ? OD-2),NHAI,,POWER,,2021-02,2021-02,2024-03,2024-12,,925.0,925.0,398.3,94.91,Ongoing,2024-10
OCMS-N24001672,,N24001672,SIX LANNING OF MANDI DABWALI (PUNJAB/HARYANA BORDER)- CHAUTALA ROAD SECTION FROM PROPOSED MANDI DABW,NHAI,,POWER,,,,2024-01,2024-01,,864.27,864.27,787.78,100.0,Completed,2024-10
OCMS-N24001673,,N24001673,4- LANING OF ROHTAK-JIND SECTION FROM KM. 307+000 TO KM. 347+800 OF NH-71 AND CONNECTING LINK FROM K,NHAI,,PETROLEUM,,2020-03,2020-03,2023-03,2024-12,,510.97,510.97,529.0,88.5,Ongoing,2024-10
OCMS-N24001674,,N24001674,BANGALORE/TN BORDER TO HOSKOTE,NHAI,,POWER,,2023-02,2023-02,2025-02,2025-02,,1240.6,1240.6,657.58,60.22,Ongoing,2024-10
OCMS-N24001675,,N24001675,6L OF MH/KN BORDER (NIMBAL VILLAGE) TO KN/TS BORDER (SINGNODI VILLAGE) FROM KM. 162.5 TO KM. 203.100,NHAI,,POWER,,2022-11,2022-11,2025-05,2025-05,,1732.73,1732.73,540.35,95.57,Ongoing,2024-10
OCMS-N24001676,,N24001676,6L OF MH/KN BORDER (NIMBAL VILLAGE) TO KN/TS BORDER (SINGNODI VILLAGE) FROM KM. 26.000 TO KM. 97.000,NHAI,,POWER,,2022-12,2022-12,2025-06,2025-06,,2718.46,2718.46,312.9,34.97,Ongoing,2024-10
OCMS-N24001677,,N24001677,BALANCE WORK OF 2L PS FROM KM 30.800 TO 70.800 AND 2L WITH RIGID CARRIAGEWAY FROM 70.800 TO KM 84.12,NHAI,,POWER,,2022-11,2022-11,2024-05,2024-05,,226.76,226.76,70.45,53.11,Ongoing,2024-10
OCMS-N24001678,,N24001678,6L GREENFIELD BAUNSAGUAR - BARAJA SECTION OF NH-130-CD ROAD FROM KM 293+000 TO KM 338+500 (PACKAGE ?,NHAI,,POWER,,2021-08,2021-08,2024-06,2025-06,,1460.0,1460.0,852.25,80.0,Ongoing,2024-10
OCMS-N24001679,,N24001679,6L FROM BELGAUM TO SANKESHWAR BYPASS FROM KM 515.000 TO KM 555.017 OF NH 48,NHAI,,POWER,,2022-10,2022-10,2025-04,2025-04,,1479.3,1479.3,395.27,61.52,Ongoing,2024-10
OCMS-N24001680,,N24001680,4L OF SANNUR TO BIKARNAKATTE SECTION FROM KARKALA TO MANGALORE,NHAI,,POWER,,2021-03,2021-03,2024-10,2025-06,,1409.68,1633.91,817.35,42.0,Ongoing,2024-10
OCMS-N24001681,,N24001681,TUMKUR - NELAMANGALA(6L),NHAI,,POWER,,2022-08,2022-08,2025-08,2025-12,,2032.15,2032.15,164.69,43.8,Ongoing,2024-10
OCMS-N24001682,,N24001682,UPGRADATION 2/4 LANE NH CONNECTIVITY UNDER SAGARMALA SCHEME SH 2 HAVERI YEKAMBI SH 69 YEKAMBI KUMTA,NHAI,,POWER,,2022-03,2022-03,2024-03,2025-09,,294.62,294.62,32.56,13.47,Ongoing,2024-10
OCMS-N24001683,,N24001683,AURAD - BIDAR KM 0.00 TO KM 45.878,NHAI,,POWER,,2021-09,2021-09,2023-04,2024-12,,912.37,424.16,330.84,98.19,Ongoing,2024-10
OCMS-N24001684,,N24001684,4L OF CHANNARAYAPATNA BYPASS AND HASSAN BYPASS WITH STRUCTURES IN DEVIHALLI - HASSAN SECTION,NHAI,,POWER,,2020-09,2020-09,2023-01,2025-05,,688.0,688.0,474.14,75.59,Ongoing,2024-10
OCMS-N24001685,,N24001685,CONSTRUCTION OF 4 LANE BANGALORE -CHENNAI EXPRESSWAY FROM KM 53.500 TO KM 71.000 SECTION OF NE-7 (BA,NHAI,,POWER,,,,2024-01,2024-01,,1069.0,1069.0,840.4,100.0,Completed,2024-10
OCMS-N24001686,,N24001686,FOUR LANING OF BANAVARA TO BETTADAHALLI SECTION FROM KM. 119+790 (DESIGN KM. 121+900) TO KM. 166+100,NHAI,,POWER,,2021-03,2021-03,2023-03,2025-01,,1065.06,1444.5,158.7,88.96,Ongoing,2024-10
OCMS-N24001687,,N24001687,FOUR LANING OF BETTADAHALLI TO SRIRAMPURA SECTION FROM KM. 166+100 (DESIGN KM. 170+415) TO KM. 217+0,NHAI,,POWER,,2021-10,2021-10,2023-10,2025-03,,1331.77,2082.98,337.71,69.02,Ongoing,2024-10
OCMS-N24001688,,N24001688,CONSTRUCTION OF 4 LANE BANGALORE-CHENNAI EXPRESSWAY FROM KM 0.000 TO KM 26.400 NE- 7(ALONG WITH 0.700,NHAI,,POWER,,,,2023-09,2023-09,,3184.0,3184.0,1165.0,100.0,Completed,2024-10
OCMS-N24001689,,N24001689,CONSTRUCTION OF 4 LANE BANGALORE - CHENNAI EXPRESSWAY FROM KM 26.400 TO KM 53.500 SECTION OF NE-7 (M,NHAI,,POWER,,,,2023-09,2023-09,,1745.0,1745.0,1252.9,100.0,Completed,2024-10
OCMS-N24001691,,N24001691,FOUR LANING OF KARADI TO BANAVARA SECTION FROM KM. 66+540 (DESIGN KM. 65+195) TO KM. 119+790 (DESIGN,NHAI,,POWER,,2019-10,2019-10,2021-10,2025-01,,1225.24,1505.85,78.09,93.65,Ongoing,2024-10
OCMS-N24001692,,N24001692,BALANCE WORKS OF FOUR LANE FROM KM 43+950 (THIRUVALLUR BYPASS) TO KM 61+470 (VEPPAMPATTU BYPASS) PAS,NHAI,,RAILWAYS,,2022-01,2022-01,2024-09,2024-09,,467.99,468.0,18.83,12.2,Ongoing,2024-10
OCMS-N24001693,,N24001693,FOUR LANING OF NERALURU TO THORAPALLI AGRAHARAM SECTION OF NH-844 (PKG-I) FROM KM.0+000 TO KM.23+350,NHAI,,RAILWAYS,,2021-09,2021-09,2024-10,2024-10,,1751.18,1757.27,49.69,0.0,Ongoing,2024-10
OCMS-N24001694,,N24001694,FOUR LANING OF THORAPALLI AGRAHARAM TO JITTANDAHALLI SECTION OF NH-844 (PKG-II) FROM KM.23+350 TO KM,NHAI,,RAILWAYS,,2019-02,2019-02,2023-12,2024-12,,1243.57,1243.57,171.63,0.0,Ongoing,2024-10
OCMS-N24001696,,N24001696,FOUR LANING OF JITTANDAHALLI TO DHARMAPURI SECTION OF NH- 844 (PKG-III) FROM KM.60+100 TO KM.94+460,NHAI,,RAILWAYS,,2019-02,2019-02,2023-08,2024-12,,1291.37,1291.37,215.02,0.0,Ongoing,2024-10
OCMS-N24001697,,N24001697,4L GREENFIELD ALIGNMENT FROM KALYANAPUR TO TAL DASHRAHA OF NH-119D (PKG-III),NHAI,,POWER,,2023-02,2023-02,2025-02,2025-12,,1358.0,1358.0,146.66,11.5,Ongoing,2024-10
OCMS-N24001698,,N24001698,FOUR LANING OF MUNGER TO MIRZACHAUKI (NH-80) SECTION FROM NEAR RASULPUR TO MIRZACHAUKI (DESIGN CH,NHAI,,POWER,,2022-08,2022-08,2024-08,2024-08,,1198.02,1198.02,0.0,0.0,Ongoing,2024-10
OCMS-N24001699,,N24001699,CONSTRUCTION OF 4 LANE ELEVATED SECTION AND AT- GRADE IMPROVEMENTS AT BEGUSARAI TOWN SECTION OF NH- 3,NHAI,,POWER,,2022-03,2022-03,2024-12,2025-03,,312.58,312.58,146.52,60.04,Ongoing,2024-10
OCMS-N24001700,,N24001700,SIX LANNING OF AURANGABAD TO BIHAR/JHARKHAND BORDER SECTION OF NH-19 (OLD NH-2) FROM KM. 209.827 TO,NHAI,,POWER,,2021-12,2021-12,2024-03,2024-12,,552.55,553.0,414.79,54.95,Ongoing,2024-10
OCMS-N24001701,,N24001701,FOUR LANING OF MUNGER TO MIRZACHAUKI (NH-80) SECTION FROM START OF EXISTING BHAGALPUR BYPASS TO RASU,NHAI,,POWER,,2022-04,2022-04,2024-04,2024-04,,1769.5,1769.5,0.0,0.0,Ongoing,2024-10
OCMS-N24001702,,N24001702,CONSTRUCTION OF 4 LANE ELEVATED HIGHWAY AND AT- GRADE IMPROVEMENTS AT GOPALGANJ TOWN FROM DESIGN CH:,NHAI,,POWER,,2021-12,2021-12,2024-09,2024-09,,184.9,185.0,163.01,90.67,Ongoing,2024-10
OCMS-N24001703,,N24001703,6 L OF AURANGABAD TO BIHAR- JHARKHAND BORDER (CHORDAHA) SECTION FROM KM. 180.000 TO KM. 209.827 OF N,NHAI,,POWER,,2022-02,2022-02,2025-05,2025-05,,786.81,787.0,0.0,0.0,Ongoing,2024-10
OCMS-N24001704,,N24001704,FOUR LANING OF MUNGER TO MIRZACHAUKI (NH-80) SECTION FROM KHARIA VILLAGE JUNCTION TO START OF EXISTI,NHAI,,POWER,,2021-03,2021-03,2024-03,2024-12,,1020.84,1020.84,84.78,0.0,Ongoing,2024-10
OCMS-N24001705,,N24001705,FOUR LANING OF MUNGER TO MIRZACHAUKI (NH-80) SECTION FROM MUNGER TO KHARIA VILLAGE JUNCTION DESIGN C,NHAI,,POWER,,2022-03,2022-03,2024-03,2024-12,,1485.66,1485.66,0.0,0.0,Ongoing,2024-10
OCMS-N24001706,,N24001706,4 LANING OF GALGALIA - BAHADURGANJ SECTION FROM KM 0.000 TO KM 49.000 (PACKAGE-I) OF NH-327E.,NHAI,,POWER,,2021-03,2021-03,2024-01,2024-12,,1097.18,1097.0,518.04,99.79,Ongoing,2024-10
OCMS-N24001707,,N24001707,4 LANING OF BAHADURGANJ ARARIA SECTION FROM KM 49.000 TO KM 94.000 (PACKAGE-II) OF NH- 327E,NHAI,,POWER,,2021-03,2021-03,2024-01,2024-12,,1143.46,1143.46,551.35,98.69,Ongoing,2024-10
OCMS-N24001708,,N24001708,BAKHTIYARPUR RAJAULI PKG-III FROM KM 101.630 TO KM 152.520 NH20,NHAI,,POWER,,2020-09,2020-09,2024-06,2024-12,,2156.22,2156.22,2134.67,96.57,Ongoing,2024-10
OCMS-N24001709,,N24001709,BAKHTIYARPUR RAJAULI PKG-II FROM KM 54.405 TO KM 101.630 NH20,NHAI,,POWER,,2020-09,2020-09,2023-04,2024-12,,897.45,1090.0,1037.63,97.85,Ongoing,2024-10
OCMS-N24001710,,N24001710,4 LANING FROM KM. 34.600 TO KM. 79.970 and 2LPS FROM KM. 79.970 TO KM. 82.000 OF NARENPUR - PURNEA S,NHAI,,POWER,,2020-09,2020-09,2023-03,2024-12,,2334.68,2494.2,916.0,99.2,Ongoing,2024-10
OCMS-N24001711,,N24001711,6L OF KANHAULI RAMNAGAR PATNA RING ROAD PKG I FROM KM 0.000 TO KM 39.160 OF SH78 NEW NH131G,NHAI,,POWER,,2020-09,2020-09,2023-03,2024-12,,939.43,939.43,370.62,100.0,Ongoing,2024-10
OCMS-N24001712,,N24001712,FOUR LANING OF PARARIA TO MOHANIA SECTION OF NH 319 (OLD NH 30) FROM KM. 54+530 (DESIGN CHAINAGE) TO,NHAI,,POWER,,2020-08,2020-08,2023-07,2024-12,,690.0,690.0,770.73,98.7,Ongoing,2024-10
OCMS-N24001715,,N24001715,BALANCE WORK OF TWO LANING WITH PAVED SHOULDER OF PIPRAKOTHI?MOTIHARI- RAXAUL SECTION OF NH-28A FRO,NHAI,,POWER,,2018-12,2018-12,2020-10,2024-01,,333.6,461.41,460.38,100.0,Ongoing,2024-10
OCMS-N24001716,,N24001716,THOPPUR METTUR BHAVANI ERODE SECTION OF NH 544H FOR A LENGTH OF 85 KM,NHAI,,RAILWAYS,,2022-07,2022-07,2023-08,2024-12,,186.5,210.81,12.92,90.0,Ongoing,2024-10
OCMS-N24001717,,N24001717,BANGALORE CHENNAI EXPRESSWAY PHASE-III PACKAGE III (ARAKKONAM TO KANCHEEPURAM) FROM KM 204.500 TO K,NHAI,,RAILWAYS,,2020-11,2020-11,2024-08,2025-03,,1155.49,1458.45,485.62,52.39,Ongoing,2024-10
OCMS-N24001718,,N24001718,BANGALORE CHENNAI EXPRESSWAY PHASE-III PACKAGE II (WALAJAHPET TO ARAKKONAM) FROM KM 180.000 TO KM 2,NHAI,,RAILWAYS,,2020-12,2020-12,2024-07,2025-03,,843.48,1051.36,389.23,88.02,Ongoing,2024-10
OCMS-N24001719,,N24001719,4L BANGALORE-CHENNAI EXPRESSWAY FROM KM. 230.000 TO KM. 261.705 OF KANCHEPURAM TO SRIPERUMBUDUR SECT,NHAI,,RAILWAYS,,2021-02,2021-02,2024-07,2025-07,,2948.31,3516.83,728.2,65.78,Ongoing,2024-10
OCMS-N24001720,,N24001720,BANGALORE CHENNAI EXPRESSWAY PHASE-III ? PACKAGE I (GUDIPALA TO WALAJAJHPET) FROM KM 156.000 TO KM 1,NHAI,,RAILWAYS,,2020-10,2020-10,2024-05,2025-03,,1023.91,1341.51,574.44,72.41,Ongoing,2024-10
OCMS-N24001721,,N24001721,FOUR LANING OF MAMALLAPURAM TO MUGAIYUR SECTION OF NH332A FROM KM 0.000 TO KM 31.000,NHAI,,RAILWAYS,,2019-02,2019-02,2024-05,2025-08,,1008.99,1360.53,167.67,38.5,Ongoing,2024-10
OCMS-N24001722,,N24001722,6L OF MADURAVOYAL TO SRIPERUMBUDUR SECTION FROM KM. 13.800 TO KM. 37.000 OF NH-4 THROUGH STATE HIGH,NHAI,,RAILWAYS,,2021-11,2021-11,2023-02,2024-11,,463.44,463.44,331.22,98.5,Ongoing,2024-10
OCMS-N24001723,,N24001723,KARAIPETTAI TO WALAJAPET FROM KM 71.015 TO 107.091,NHAI,,RAILWAYS,,2018-10,2018-10,2021-02,2025-03,,707.9,766.51,441.67,82.85,Ongoing,2024-10
OCMS-N24001725,,N24001725,6L OF SRIPERUMBUDUR TO KARAIPETTAI FROM KM 37.000 TO KM 71.015 OF NH 48,NHAI,,RAILWAYS,,2019-01,2019-01,2021-05,2026-03,,819.89,922.85,384.2,57.32,Ongoing,2024-10
OCMS-N24001726,,N24001726,4L SPUR OF SHAMLI- MUZZAFARNAGAR CONNECTING NH-709AD (PANIPAT-SHAMLI- MUZAFFARNAGAR) AND NH-58 (MEERUT,NHAI,,POWER,,2023-01,2023-01,2024-08,2024-08,,391.26,391.26,14.12,78.5,Ongoing,2024-10
OCMS-N24001727,,N24001727,"IMPROVEMENT AND UP- GRADATION OF EXISTING ROAD TO 2/4L PS FROM KM 40.000 TO 88.750, START OF KHUTAR B",NHAI,,POWER,,2022-03,2022-03,2025-02,2025-02,,762.62,762.62,423.87,68.5,Ongoing,2024-10
OCMS-N24001728,,N24001728,"IMPROVEMENT AND UP- GRADATION OF EXISTING ROAD TO 4L PS FROM KM 175.080 TO 229.070, FROM END OF HARDO",NHAI,,POWER,,2021-12,2021-12,2025-07,2025-07,,1138.81,1138.81,307.88,91.41,Ongoing,2024-10
OCMS-N24001729,,N24001729,4L SPUR OF PANIPAT - SHAMLI CONNECTING NH-709AD (PANIPAT ? SHAMLI ? MUZAFFARNAGAR) AND NH-709A (KARN,NHAI,,POWER,,2022-08,2022-08,2024-04,2024-12,,326.79,329.79,97.49,79.11,Ongoing,2024-10
OCMS-N24001730,,N24001730,4L FROM GAJU VILLAGE AT KM 32.982 TO DEVINAGAR BYPASS (END) AT KM 208.000 OF NH 530B,PKG 1C,,POWER,,2021-12,2021-12,2025-01,2025-01,,1384.79,1384.79,657.86,97.0,Ongoing,2024-10
OCMS-N24001731,,N24001731,6L GREENFIELD KANPUR - LUCKNOW (EXPRESSWAY) PKG II FROM KM. 28.500 TO KM. 73.744,NHAI,,POWER,,2021-12,2021-12,2025-05,2025-05,,2470.64,2335.0,523.01,65.84,Ongoing,2024-10
OCMS-N24001732,,N24001732,"IMPROVEMENT AND UP- GRADATION OF EXISTING ROAD TO 4L PS FROM KM 229.070 TO 260.800, END OF HARDOI DIS",NHAI,,POWER,,2021-12,2021-12,2024-10,2025-04,,540.97,540.97,205.31,66.86,Ongoing,2024-10
OCMS-N24001733,,N24001733,6L ACCESS CONTROLLED GREENFIELD HIGHWAY OF JUNCTION OF EPE (VILL.- MAVIKALAN) TO VILL.-LOHADDA FROM K,NHAI,,POWER,,2022-03,2022-03,2024-08,2024-12,,1602.48,1602.48,359.95,75.5,Ongoing,2024-10
OCMS-N24001734,,N24001734,6L ACCESS CONTROL GREENFIELD HIGHWAY OF VILL-LOHADDA TO VILL-KARAUNDA MAHAJAN FROM KM. 27.000 TO KM.,NHAI,,POWER,,2022-03,2022-03,2024-08,2024-12,,1335.45,1335.45,357.7,70.5,Ongoing,2024-10
OCMS-N24001735,,N24001735,6L ACCESS CONTROL GREENFIELD HIGHWAY OF VILL-KHYAWARI TO VILL-LATIFPUR AT SAHARANPUR BYPASS FROM KM,NHAI,,POWER,,2022-03,2022-03,2024-08,2024-12,,1428.19,1428.19,432.66,71.0,Ongoing,2024-10
OCMS-N24001736,,N24001736,6L ACCESS CONTROL GREENFIELD HIGHWAY OF VILL-KARAUNDA MAHAJAN TO VILL-KHYAWARI FROM KM. 56.500 TO K,NHAI,,POWER,,2022-01,2022-01,2024-08,2024-12,,1159.96,1159.96,510.48,98.0,Ongoing,2024-10
OCMS-N24001737,,N24001737,"4LPS OF MUZAFFARNAGAR TO MIRANPUR SECTION OF NH-709AD, PKG-III",NHAI,,POWER,,2021-11,2021-11,2024-04,2024-04,,923.15,923.15,455.61,97.62,Ongoing,2024-10
OCMS-N24001738,,N24001738,"2LPS OF BIJNOR TO KOTAWALI SECTION OF NH-709AD, PKG-IV",NHAI,,POWER,,2021-09,2021-09,2023-10,2024-12,,300.79,300.79,122.56,66.5,Ongoing,2024-10
OCMS-N24001739,,N24001739,REHABILITATION and UPGRADATION FROM 2 LANE TO 4 LANE OF NH STRETCH UNDER BHARATMALA PARIYOJANA FOR U,NHAI,,POWER,,2019-10,2019-10,2023-11,2024-12,,1779.83,2200.0,1044.0,99.15,Ongoing,2024-10
OCMS-N24001744,,N24001744,"4L OF SHAMLI BYAPSS- SAHARANPUR FROM KM 92.2 TO KM 155.025 SECTION OF NH-709B, PKG-II",NHAI,,POWER,,2019-05,2019-05,2022-11,2024-12,,779.17,779.17,54.69,95.5,Ongoing,2024-10
OCMS-N24001745,,N24001745,KANPUR LUCKNOW EXPRESSWAY PKG-1 CONSTRUCTION OF 6-LANE TO EIGHT LANE OF KANPUR LUCKNOW EXPRESSWAY (N,NHAI,,POWER,,2021-12,2021-12,2025-07,2025-07,,1972.1,1936.0,431.5,55.14,Ongoing,2024-10
OCMS-N24001746,,N24001746,2-LANE EXISTING RAMPUR BYPASS OF RAMPUR TO BE DEVELOPED TO 4-LANE ON EPC MODE IN THE STATE OF UTTAR,NHAI,,POWER,,2021-03,2021-03,2024-04,2025-01,,364.47,364.47,133.55,67.3,Ongoing,2024-10
OCMS-N24001747,,N24001747,SIX LANE OF PALSIT TO DANKUNI SECTION FROM 588.870 TO KM. 652.700,NHAI,,POWER,,2020-03,2020-03,2024-09,2024-09,,2193.23,2314.0,1905.34,80.08,Ongoing,2024-10
OCMS-N24001748,,N24001748,SIX LANING OF NATIONAL CORRIDOR NH19 FROM PANAGARH TO PALSIT IN THE STATE OF WEST BENGAL UNDER BHARA,NHAI,,POWER,,2021-03,2021-03,2024-09,2025-06,,2200.93,2614.65,2614.65,90.48,Ongoing,2024-10
OCMS-N24001749,,N24001749,FOUR LANING OF PURULIYA BYPASS SECTION OF NH 32 IN THE STATE OF WEST BENGAL ON EPC MODE,NHAI,,POWER,,2021-08,2021-08,2023-08,2024-11,,557.55,557.55,472.79,90.93,Ongoing,2024-10
OCMS-N24001750,,N24001750,CONSTRUCTION OF NEW 4 LANE BRIDGE OVER RIVER GANGA AT DOWNSTREAM OF FARAKKA BARRAGE INCLUDING APPROA,NHAI,,POWER,,2018-08,2018-08,2021-12,2025-02,,622.04,622.04,494.31,80.33,Ongoing,2024-10
OCMS-N24001752,,N24001752,FOUR LANING OF BAL. WORKS OF BARASAT-KRISHNAGAR FROM KM.48.553 TO KM.115.272,NHAI,,POWER,,2018-12,2018-12,2023-02,2024-11,,2375.87,2843.79,2371.78,100.0,Ongoing,2024-10
OCMS-N24001753,,N24001753,4 LANING OF NAJIBABAD BYPASS OF NH-119 FROM KM. 105.423 TO KM. 118.373 (EXCLUDING 2.45 KM. OF NH-74,NHAI,,POWER,,2022-02,2022-02,2024-06,2024-11,,570.98,578.02,342.45,80.35,Ongoing,2024-10
OCMS-N24001754,,N24001754,SPUR OF MEERUT-GARH- MUKTESHWAR SECTION(NH-709A) CONNECTING NH-119 AND NH-58 BYPASSING MEERUT TOWN,NHAI,,POWER,,2022-01,2022-01,2024-10,2024-10,,953.79,953.79,384.66,43.06,Ongoing,2024-10
OCMS-N24001755,,N24001755,4-LANING OF MEERUT NAJIBABAD SECTION FROM KM. 11.500 TO KM 39.250 AND KM 86.590 TO KM. 112.545.IN TH,NHAI,,POWER,,2019-10,2019-10,2023-03,2024-12,,1936.68,2458.03,1380.9,98.8,Ongoing,2024-10
OCMS-N24001756,,N24001756,4L OF UJJAIN TO BADNAWAR FROM KM 26.900 TO KM 96.00 OF NH-752D,NHAI,,RAILWAYS,,2020-10,2020-10,2024-10,2025-01,,1352.56,1480.94,832.87,94.35,Ongoing,2024-10
OCMS-N24001758,,N24001758,4L OF SUHAGADI TO BARDIYA AMRA FROM KM. 89.200 TO KM. 135.351 OF NH-752D (PKG-III),NHAI,,RAILWAYS,,2020-01,2020-01,2024-10,2025-02,,823.05,823.05,371.04,99.38,Ongoing,2024-10
OCMS-N24001759,,N24001759,4L OF CHANDESARA TO KHEDAKHAJURIYA FROM KM. 0.000 TO (-) 750 AND KM 0.000 TO KM 41.400 OF NH-752D,NHAI,,RAILWAYS,,2020-01,2020-01,2024-06,2024-12,,909.84,909.84,429.45,77.01,Ongoing,2024-10
OCMS-N24001761,,N24001761,4L OF HARDA - BETUL (PKG-II) FROM KM. 30.00 TO KM.81.00 [TEMAGAON TO CHICHOLI],NHAI,,RAILWAYS,,2023-02,2023-02,2025-02,2025-02,,520.28,520.28,369.21,95.11,Ongoing,2024-10
OCMS-N24001762,,N24001762,INDORE - HARDA (PKG-III) [NANASA TO PIDGAON SECTION FROM KM 95.000 TO KM 142.445],NHAI,,RAILWAYS,,2021-10,2021-10,2024-01,2024-12,,1146.22,1146.22,556.11,79.27,Ongoing,2024-10
OCMS-N24001765,,N24001765,"ADDITIONAL WORKS (2VUPS, MR- 10 JUNCTION FLYOVER AND UNDERPASS) IN SIX LANE INDORE- DEWAS SECTION OF N",NHAI,,RAILWAYS,,2022-08,2022-08,2024-07,2025-05,,207.77,207.77,46.09,34.51,Ongoing,2024-10
OCMS-N24001766,,N24001766,INDORE - HARDA (PKG-I) [INDORE TO RAGHAV GARH FROM KM. 0.25 TO KM. 26.903],NHAI,,RAILWAYS,,2022-01,2022-01,2024-10,2025-05,,1011.29,1011.29,153.9,33.67,Ongoing,2024-10
OCMS-N24001767,,N24001767,4L OF INDORE - BOREGAON (PKG- III) [BALWARA TO DHANGAON] FROM KM. 42.260 TO KM. 82.660 OF NH347BG AND,NHAI,,RAILWAYS,,2021-01,2021-01,2024-04,2024-04,,1001.69,1001.69,482.27,78.0,Ongoing,2024-10
OCMS-N24001768,,N24001768,BALANCE WORK OF 4L OF INDORE- GUJARAT/MP BORDER FROM KM 106.210 TO KM 115.250 (START AND END POINT OF,NHAI,,RAILWAYS,,2019-08,2019-08,2023-04,2023-11,,323.51,323.51,50.43,100.0,Ongoing,2024-10
OCMS-N24001769,,N24001769,DHANGAON - BORGAON SECTION (KM 81.000 TO KM 139.000) [INDORE - EDLABAD PKG IV],NHAI,,RAILWAYS,,2018-11,2018-11,2023-08,2024-11,,831.0,831.0,840.3,99.8,Ongoing,2024-10
OCMS-N24001770,,N24001770,4L OF OBEDULLGANJ - BUDNI SECTION FROM KM. 8.400 TO KM. 20.700 IN RATANPANI WILDLIFE AREA OF NH - 69,NHAI,,RAILWAYS,,2022-02,2022-02,2024-03,2024-12,,417.51,417.51,230.95,75.39,Ongoing,2024-10
OCMS-N24001771,,N24001771,SIX LANE ACCESS CONTROLLED OF DELHI SAHARANPUR HIGHWAY FROM AKSHARDHAM NH 9 JUNCTION TO DELHI UP BOR,NHAI,,RAILWAYS,,2020-06,2020-06,2024-12,2024-12,,1479.22,1479.22,1491.26,99.0,Ongoing,2024-10
OCMS-N24001772,,N24001772,4 LANE CONNECTOR FROM DELHI MEERUT EXPRESSWAY KM 50.000 TO KM 8.520 OF NH 235 IN THE STATE OF UTTAR,NHAI,,POWER,,2021-08,2021-08,2024-03,2024-12,,1147.26,1147.26,81.34,36.0,Ongoing,2024-10
OCMS-N24001773,,N24001773,6L ACCESS CONTROLLED HIGHWAY FROM DND MAHARANI BAGH JN. WITH JAITPUR PUSHTA ROAD OF NH 148NA FROM,NHAI,,RAILWAYS,,2020-05,2020-05,2024-07,2025-09,,1467.44,1942.89,913.93,78.85,Ongoing,2024-10
OCMS-N24001774,,N24001774,CONSTRUCTION OF GURGAON - PATAUDI - REWARI SECTION OF NH- 352W (DESIGN LENGTH 46.11 KM) AS FEEDER ROU,NHAI,,PETROLEUM,,2020-12,2020-12,2023-11,2024-06,,1524.03,1524.03,1085.28,59.84,Ongoing,2024-10
OCMS-N24001775,,N24001775,CONSTRUCTION OF PROPOSED REWARI BYPASS (DESIGN LENGTH 14.4 KM) NH-11 AS A FEEDER ROUTE IN THE STATE,NHAI,,PETROLEUM,,2020-02,2020-02,2023-01,2024-12,,808.31,958.0,817.03,99.64,Ongoing,2024-10
OCMS-N24001777,,N24001777,DEVELOPMENT OF 6L UER-II (PACKAGE-I) (NH-1 NEAR BAKOLI TILL KARALA KANJHAWALA ROAD) FROM KM. (-)0.70,NHAI,,RAILWAYS,,2020-07,2020-07,2023-10,2024-12,,2171.8,2171.8,958.13,99.25,Ongoing,2024-10
OCMS-N24001778,,N24001778,DEVELOPMENT OF 4L UER II [PACKAGE - V] (SPUR TO BAHADURGARH BYPASS) (NH-10) FROM KM. 0.00 TO KM.7.30,NHAI,,RAILWAYS,,2020-07,2020-07,2023-10,2024-12,,801.46,801.46,382.03,99.33,Ongoing,2024-10
OCMS-N24001779,,N24001779,DWARKA EXPRESSWAY FROM KM - 0.600 TO KM 5.300 - PKG-I (SHIVMURTI CHOWK-RUB NEAR DWARKA SECTOR 21),NHAI,,RAILWAYS,,2018-03,2018-03,2022-09,2025-03,,2507.0,3030.73,1155.7,85.78,Ongoing,2024-10
OCMS-N24001780,,N24001780,DWARKA EXPRESSWAY PKG-III (DELHI/HR BORDER TO START OF ROB GURUGRAM),NHAI,,PETROLEUM,,2018-01,2018-01,2020-11,2024-03,,2228.0,2228.0,1411.27,100.0,Ongoing,2024-10
OCMS-N24001781,,N24001781,8L OF DWARKA EXPRESSWAY PKG- II (RUB NEAR DWARKA SECTOR 21- DL/HR BORDER) FROM 5.300 KM.TO 9.500 KM. O,NHAI,,RAILWAYS,,2018-01,2018-01,2021-10,2024-11,,2067.67,2160.0,1496.49,97.05,Ongoing,2024-10
OCMS-N24001783,,N24001783,CONSTRUCTION OF 8LANE EXPRESSWAY NE4 STARTING BEFORE KMP EXPRESSWAY AND ENDS AT CH. 47+000 NEAR KHAN,NHAI,,PETROLEUM,,2018-11,2018-11,2021-09,2024-11,,2252.75,2252.75,1223.07,99.95,Ongoing,2024-10
OCMS-N24001784,,N24001784,CONSTRUCTION OF EIGHT LANE EXPRESSWAY STARTING AT CH. 47+000 NEAR KHANPUR GHATI AND ENDS AT HARYANA,NHAI,,POWER,,,,2021-09,2021-09,,1935.61,1935.61,856.41,100.0,Completed,2024-10
OCMS-N24001785,,N24001785,UP-GRADATION TO 4-LANE WITH PAVED SHOULDER OF BHIMASAR JUNCTION OF NH-41 TO ANJAR BHUJ UPTO AIRPORT,NHAI,,ROAD TRANSPORT AND HIGHWAYS,,2022-03,2022-03,2025-06,2025-06,,1373.06,1373.06,501.52,62.01,Ongoing,2024-10
OCMS-N24001786,,N24001786,CONSTRUCTION OF EIGHT LANE ACCESS CONTROLLED EXPRESSWAY FROM KM 103.400 TO KM 128.000 OF VADODARA MU,NHAI,,ROAD TRANSPORT AND HIGHWAYS,,2021-03,2021-03,2024-03,2025-03,,1259.0,1910.0,137.93,15.02,Ongoing,2024-10
OCMS-N24001788,,N24001788,CONSTRUCTION OF EIGHT LANE ACCESS CONTROLLED EXPRESSWAY FROM KM 217.500 TO KM 254.430 OF VADODARA MU,NHAI,,ROAD TRANSPORT AND HIGHWAYS,,2020-07,2020-07,2023-12,2024-06,,2271.86,3916.0,518.25,74.55,Ongoing,2024-10
OCMS-N24001789,,N24001789,CONSTRUCTION OF EIGHT LANE EXPRESSWAY FROM KM 190.000 TO KM 217.500 GANDEVA TO ENA SECTION OF VADODA,NHAI,,ROAD TRANSPORT AND HIGHWAYS,,2020-07,2020-07,2023-08,2024-06,,1710.3,1927.0,362.81,68.11,Ongoing,2024-10
OCMS-N24001790,,N24001790,SANCHORE - SANTALPUR FROM KM 67.000- KM 99.000 OF NH-754K,AJ-RGBS-PACKAGE-3,,ROAD TRANSPORT AND HIGHWAYS,,2020-02,2020-02,2023-08,2024-11,,752.3,766.2,451.11,98.14,Ongoing,2024-10
OCMS-N24001791,,N24001791,SANCHORE - SANTALPUR FROM KM 4.888 - KM 35.000 OF NH-754K,AJ-RGBS-PACKAGE-1,,ROAD TRANSPORT AND HIGHWAYS,,2020-02,2020-02,2023-06,2024-05,,606.51,657.0,453.89,98.99,Ongoing,2024-10
OCMS-N24001792,,N24001792,4L OF BAL WORKS OF TALAJA - MAHUVA FROM 54.990 KM. TO 100.450 KM. OF OLD NH-8E,PACKAGE-II,,ROAD TRANSPORT AND HIGHWAYS,,2021-03,2021-03,2022-09,2024-11,,536.03,536.03,451.87,98.87,Ongoing,2024-10
OCMS-N24001793,,N24001793,4L OF BAL WORKS OF MAHUVA TO KAGVADAR FROM 100.450 KM. TO 140.470 KM. OF NH-8E (PKG- III),NHAI,,ROAD TRANSPORT AND HIGHWAYS,,2021-03,2021-03,2022-09,2024-11,,485.75,485.75,383.55,97.71,Ongoing,2024-10
OCMS-N24001794,,N24001794,SANCHORE - SANTALPUR FROM KM 99.000- KM 130.073 OF NH-754K,AJ-RGBS-PACKAGE-4,,ROAD TRANSPORT AND HIGHWAYS,,2020-02,2020-02,2023-03,2024-11,,778.15,785.67,547.22,99.61,Ongoing,2024-10
OCMS-N24001795,,N24001795,FOUR LANING OF AURANGABAD- PAITHAN SECTION OF NH-752E ON EPC MODE IN THE STATE OF MAHARASHTRA .,NHAI,,POWER,,2022-10,2022-10,2024-07,2024-12,,490.4,289.0,241.93,77.0,Ongoing,2024-10
OCMS-N24001796,,N24001796,4L OF RAJURA-KORPANA- ADILABAD ROAD UPTO M.S. BORDER FROM KM 32.910 TO KM 89.090 OF NH-353B,NHAI,,POWER,,2022-03,2022-03,2024-10,2025-04,,1013.33,1111.33,355.07,62.01,Ongoing,2024-10
OCMS-N24001797,,N24001797,6L OF WAINGANGA BRIDGE - BHANDARA (INCLUDING BHANDARA BYPASS) SECTION FROM KM 485.000 TO KM 499.800,NHAI,,POWER,,2021-10,2021-10,2024-01,2025-03,,815.77,815.77,652.04,91.92,Ongoing,2024-10
OCMS-N24001798,,N24001798,4L MITIGATION MEASURE STRUCTURES ON CH/MH BORDER TO WAINGANGA BRIDGE SECTION OF NH-53,NHAI,,POWER,,2021-02,2021-02,2023-11,2025-01,,540.21,540.21,425.12,96.22,Ongoing,2024-10
OCMS-N24001799,,N24001799,4L OF NAGPUR-KATOL SECTION FROM KM. 13.00 TO KM. 62.900 OF NH-353J,NHAI,,POWER,,2021-02,2021-02,2023-10,2024-12,,1166.96,1251.0,1041.36,80.0,Ongoing,2024-10
OCMS-N24001804,,N24001804,BAL. WORKS OF FAGNE (KM. 510.000) TO MAHARASHTRA/GUJARAT BORDER,KM. 650.794,,POWER,,2019-12,2019-12,2022-09,2024-06,,1654.07,980.0,835.19,91.76,Ongoing,2024-10
OCMS-N24001808,,N24001808,REHABILITATION AND UPGRADING FROM 2 L TO 4 L FROM BHANGBAR(NEAR RANITAL) TO KANGRA BYPASS SECTION OF,NHAI,,RAILWAYS,,2021-03,2021-03,2024-12,2024-12,,1322.95,1442.47,829.61,82.64,Ongoing,2024-10
OCMS-N24001809,,N24001809,CONVERSION OF PARTIALLY EXCAVATED ESCAPE TUNNEL TO UNIDIRECTIONAL TWO LANE TUNNEL (INCLUDING CONSTRU,NHAI,,RAILWAYS,,2022-05,2022-05,2024-03,2024-12,,469.95,280.0,299.33,95.68,Ongoing,2024-10
OCMS-N24001810,,N24001810,4L SUNDER NAGAR BYPASS FROM KM173.900 TO KM 179.600 OF NH-21 IN THE STATE OF HP,NHAI,,RAILWAYS,,2022-02,2022-02,2024-06,2024-06,,190.6,163.0,103.48,100.0,Ongoing,2024-10
OCMS-N24001811,,N24001811,4L OF MO - SIHUNI FROM KM. 42.00 TO KM. 51.00 OF OLD NH-20 (NEW NH-154) (PACKAGE-IB),NHAI,,RAILWAYS,,2021-04,2021-04,2024-06,2024-12,,583.93,704.3,170.92,98.2,Ongoing,2024-10
OCMS-N24001812,,N24001812,4L OF HP/PUNJAB BO4L OF HP/PUNJAB BORDER - MO FROM KM. 11.00 TO KM. 42.00 OF OLD NH- 20 (NEW NH-154),NHAI,,RAILWAYS,,2021-03,2021-03,2024-05,2025-12,,1002.11,1361.79,189.07,40.97,Ongoing,2024-10
OCMS-N24001813,,N24001813,4L OF END OF PINJORE BYPASS - BADDI - NALAGARH SECTION (KM. 4.200 TO KM. 35.370) OF NH21A,NHAI,,RAILWAYS,,2021-07,2021-07,2024-09,2024-09,,1692.05,1692.05,942.14,21.6,Ongoing,2024-10
OCMS-N24001815,,N24001815,"4L BYPASSES FOR JAGATPUR, B4ABUGANJ, UNCHAHAR, ALAPUR BYPASS, AND SAI RIVER BRIDGE OF RAEBARELI- PRA",NHAI,,POWER,,2022-12,2022-12,2024-11,2024-11,,1699.0,1699.0,64.39,51.2,Ongoing,2024-10
OCMS-N24001817,,N24001817,6L OF CHILKARARUPET BYPASS FROM KM. 357.400 TO KM. 371.920 OF NH-16,NHAI,,POWER,,2019-02,2019-02,2023-03,2024-10,,757.45,757.45,487.37,85.11,Ongoing,2024-10
OCMS-N24001818,,N24001818,6L OF PONDAVAKKAM TO KANNIGAIPAIR FROM KM 96.040 TO KM 116.100 OF NH 716B (PKG-IV),NHAI,,POWER,,2021-02,2021-02,2025-01,2025-01,,818.73,1105.0,343.6,20.09,Ongoing,2024-10
OCMS-N24001819,,N24001819,6L OF VEERA KAVERI RAJA PURAM TO PONDAVAKKAM FROM KM 61.380 TO KM 96.040 OF NH 716B,PKG-III,,POWER,,2021-03,2021-03,2025-01,2025-01,,1102.63,1303.0,823.1,79.03,Ongoing,2024-10
OCMS-N24001820,,N24001820,6L OF VARADHARAJULA TO KUMARAJAPET FROM KM 0.000 TO KM 43.800 OF NH-716B (PKG-I),NHAI,,POWER,,2021-02,2021-02,2024-12,2024-12,,1484.83,1768.0,1032.32,62.47,Ongoing,2024-10
OCMS-N24001821,,N24001821,BANGALORE CHENNAI EXPRESSWAY (PHASE-II PKG-III) FROM KM.127.000 TO KM 156.000 (BANGARUPALEM TO GUDIP,NHAI,,POWER,,2020-11,2020-11,2024-10,2024-10,,1137.74,1289.0,923.26,83.52,Ongoing,2024-10
OCMS-N24001822,,N24001822,BANGALORE CHENNAI EXPRESSWAY (PHASE-II PKG-I) FROM KM.71.000 TO KM 96.000 (BETHAMANGALA IN THE STATE,NHAI,,POWER,,2020-12,2020-12,2024-10,2024-10,,1075.27,1307.0,801.02,67.1,Ongoing,2024-10
OCMS-N24001823,,N24001823,4L OF MADANAPALLE TO PILERU SECTION FROM KM 0.000 TO KM 55.900 OF NH-71(PACKAGE-I) - N/05060/01002/A,NHAI,,POWER,,2022-01,2022-01,2025-01,2025-01,,1852.12,1787.0,525.31,70.71,Ongoing,2024-10
OCMS-N24001824,,N24001824,RENIGUNTA - POYYA - NAIDUPETA KM 124.60 TO KM 183.4 OF NH 71 - N/04027/06001/AP,NHAI,,POWER,,2020-03,2020-03,2024-01,2024-12,,1863.09,2238.0,1227.61,94.11,Ongoing,2024-10
OCMS-N24001825,,N24001825,DEVELOPMENT OF 6L UER II [PACKAGE - II] (KARALA KANJHAWALA ROAD TILL NANGLOI - NAJAFGARH ROAD) FROM,NHAI,,RAILWAYS,,2020-07,2020-07,2023-10,2024-12,,1894.96,1894.96,741.88,85.0,Ongoing,2024-10
OCMS-N24001826,,N24001826,VARANASI RING ROAD (PKG-II) CONNECTING SANDAHA VILLAGE (KM 11.70 / NH-29) WITH REVASA VILLAGE (KM 81,NHAI,,POWER,,2019-02,2019-02,2022-02,2024-12,,927.77,1603.0,1202.77,79.45,Ongoing,2024-10
OCMS-N24001827,,N24001827,4L KODINAR - VERAVAL (PACKAGE VI) FROM KM. 222.400 TO KM. 230.00 (KODINAR BYPASS) OF NH- 8E (NH 51 NE,NHAI,,ROAD TRANSPORT AND HIGHWAYS,,2022-03,2022-03,2023-03,2024-07,,162.73,162.73,131.79,95.3,Ongoing,2024-10
OCMS-N24001828,,N24001828,CONSTRUCTION OF BYPASS TO GUDIYATHAM TOWN IN KM 23/100 ? 29/250 INCLUDING LA AND SHIFTING OF NH-234,MoRTH,,RAILWAYS,,2022-01,2022-01,2024-11,2024-11,,221.03,243.95,131.16,70.0,Ongoing,2024-10
OCMS-N24001829,,N24001829,FOUR LANING OF OTTANCHATRAM TO PALANI SECTION FROM KM 30/700 TO KM 55/000 OF NH 209(NEW NH-83) INCLU,MoRTH,,RAILWAYS,,2022-10,2022-10,2024-11,2024-11,,172.15,172.15,120.23,78.5,Ongoing,2024-10
OCMS-N24001830,,N24001830,SIX LANE ACCESS CONTROLLED OF DELHI SAHARANPUR HIGHWAY FROM DELHI UP BORDER TO EPE JUNCTION CH.14.75,NHAI,,POWER,,2020-06,2020-06,2023-11,2024-12,,2002.79,2002.79,1989.85,99.0,Ongoing,2024-10
OCMS-N24001831,,N24001831,SRIRAMPUR - DHUBRI PKG-1,NHIDCL,,RAILWAYS,,2022-03,2022-03,2025-02,2025-12,,613.89,613.89,17.15,9.23,Ongoing,2024-10
OCMS-N24001832,,N24001832,DIBRUGARH-LAHOAL-CHABUA BYPASS PACKAGE-3,NHIDCL,,RAILWAYS,,2023-01,2023-01,2025-05,2025-05,,458.59,458.59,153.42,43.85,Ongoing,2024-10
OCMS-N24001833,,N24001833,JAMMU - AKHNOOR SECTION OF NH 144A PKG-3B,NHIDCL,,RAILWAYS,,2022-07,2022-07,2025-03,2025-03,,198.28,198.28,72.01,53.9,Ongoing,2024-10
OCMS-N24001834,,N24001834,4L OF RATNAGIRI - KOLHAPUR SECTION FROM KM 67.140 TO KM 112.340 OF NH-166 (PKG ? II),NHAI,,POWER,,2023-05,2023-05,2025-05,2025-05,,839.0,839.0,412.49,39.7,Ongoing,2024-10
OCMS-N24001835,,N24001835,4L OF RATNAGIRI - KOLHAPUR SECTION FROM KM 112.340 TO KM 145.300 OF NH-166 (PKG?III),NHAI,,POWER,,2023-05,2023-05,2025-05,2025-05,,986.0,986.0,373.7,39.5,Ongoing,2024-10
OCMS-N24001836,,N24001836,6L KANTAKAPALLE ? SABBAVARAM SECTION OF NH-130CD ROAD FROM KM 445.100 TO KM 464.662,PKG-4,,POWER,,2021-02,2021-02,2024-10,2024-10,,824.29,924.0,389.0,61.7,Ongoing,2024-10
OCMS-N24001837,,N24001837,6L JAKKUVA ? KORLAM SECTION OF NH-130CD ROAD FROM KM 396.800 TO KM 421.100 (PKG 2),NHAI,,POWER,,2021-02,2021-02,2024-03,2024-09,,663.6,768.0,342.3,92.8,Ongoing,2024-10
OCMS-N24001838,,N24001838,6L ALURU - JAKKUVA SECTION OF NH-130CD ROAD FROM KM 365.033 TO KM 396.800 (PKG. 1),NHAI,,POWER,,2021-02,2021-02,2024-03,2025-03,,922.5,1128.68,361.95,70.48,Ongoing,2024-10
OCMS-N24001840,,N24001840,CONSTRUCTION OF MANGALDOI BYPASS (NH-15) STARTING AT CH 26+400 AND TERMINATING AT CH 41+505 UNDER RA,MoRTH,,RAILWAYS,,2022-03,2022-03,2025-04,2025-04,,535.03,535.03,4.07,10.6,Ongoing,2024-10
OCMS-N24001841,,N24001841,6L ACCESS CONTROLLED GREENFIELD HIGHWAY FROM KODUR 0.000 KMS TO VANAVOLU 24.300 KMS OF NH 544G PACKA,NHAI,,POWER,,2022-12,2022-12,2025-09,2026-02,,912.94,912.94,149.11,24.73,Ongoing,2024-10
OCMS-N24001842,,N24001842,6L ACCESS CONTROLLED GREENFIELD HIGHWAY FROM VANAVOLU 24.300 KM. TO VANKARAKUNTA 45.700 KM. OF NH 5,NHAI,,POWER,,2022-12,2022-12,2025-11,2025-11,,750.81,750.81,99.64,24.5,Ongoing,2024-10
OCMS-N24001843,,N24001843,6L ACCESS CONTROLLED GREENFIELD HIGHWAY FROM VANKARAKUNTA 45.700 KM. TO ODULAPALLE 72.000 KM. OF NH,NHAI,,POWER,,2022-12,2022-12,2025-11,2025-11,,992.89,992.89,94.42,11.5,Ongoing,2024-10
OCMS-N24001844,,N24001844,6L ACCESS CONTROLLED GREENFIELD HIGHWAY FROM ODULAPALLE 72.000 KM. TO NALLACHERUVUPALLI 96.300 KM.,NHAI,,POWER,,2022-12,2022-12,2025-10,2025-10,,1058.9,1058.9,131.39,10.77,Ongoing,2024-10
OCMS-N24001845,,N24001845,6L ACCESS CONTROLLED GREENFIELD HIGHWAY FROM NALLACHERUVU PALLI 96.300 KM. TO YERRAGUDIPADU 129.000,NHAI,,POWER,,2023-02,2023-02,2025-10,2025-10,,1253.24,1253.24,70.84,3.5,Ongoing,2024-10
OCMS-N24001846,,N24001846,6L ACCESS CONTROLLED GREENFIELD HIGHWAY FROM YERRAGUDIPADU 129.000 KM. TO AUDIREDDIPALLE 160.000 KM.,NHAI,,POWER,,2023-02,2023-02,2025-10,2025-10,,1200.42,1200.42,57.64,1.5,Ongoing,2024-10
OCMS-N24001847,,N24001847,6L ACCESS CONTROLLED GREENFIELD HIGHWAY FROM AUDIREDDIPALLE 160.000 KM. TO MALLAPALLE 176.000 KM. PA,NHAI,,POWER,,2023-01,2023-01,2025-11,2025-11,,956.14,956.14,95.51,14.72,Ongoing,2024-10
OCMS-N24001848,,N24001848,6L ACCESS CONTROLLED GREENFIELD HIGHWAY FROM MALLAPALLE 176.000 KM. TO KAVULAKUNTLA 196.000 KM. PACK,NHAI,,POWER,,2023-02,2023-02,2025-10,2025-10,,909.02,909.02,60.01,6.65,Ongoing,2024-10
OCMS-N24001849,,N24001849,4L PS MYDUKUR BADVEL FROM KM 585.820 TO KM 630.960 SECTION OF NH 67,NHAI,,POWER,,2022-05,2022-05,2025-07,2025-09,,1063.72,1063.72,346.39,40.97,Ongoing,2024-10
OCMS-N24001850,,N24001850,DEVELOPMENT TO 4/6-LANNING OF NH-31 (NEW NH-10) WITH BOTH SIDE SERVICE ROADS FROM KM 569.258 TO KM 5,MoRTH,,POWER,,2022-03,2022-03,2025-09,2025-09,,995.04,995.04,270.02,34.2,Ongoing,2024-10
OCMS-N24001851,,N24001851,4L FROM MATHURA BYPASS (START) AT EXISTING KM. 154.20 OF NH-44 TO GAJU VILLAGE AT KM 32.982 OF NH-53,NHAI,,POWER,,2022-01,2022-01,2025-03,2025-03,,1738.2,1738.2,741.68,65.0,Ongoing,2024-10
OCMS-N24001852,,N24001852,6L OF AGRA BYPASS (NORTHERN) CONNECTING KM. 174.500 OF NH-2 (NEW NH-19) TO KM. 141.000 OF YAMUNA EXP,NHAI,,POWER,,2021-10,2021-10,2025-02,2025-02,,957.62,957.62,651.03,85.0,Ongoing,2024-10
OCMS-N24001853,,N24001853,CONSTRUCTION OF LEFT OUT PORTION OF AGRA INNER RING ROAD CONNECTING VILLAGE DEORI TO NH-44 VILLAGE B,NHAI,,POWER,,2021-10,2021-10,2024-09,2024-09,,772.05,772.05,553.91,67.0,Ongoing,2024-10
OCMS-N24001854,,N24001854,FOUR LANING WITH PAVED SHOULDER OF SECTION FROM KM 53.600 (GOLA ON NH-320) TO KM 81.446 (ORMANJHI ON,NHAI,,POWER,,2023-06,2023-06,2025-06,2025-06,,1214.93,1324.95,650.5,43.0,Ongoing,2024-10
OCMS-N24001855,,N24001855,WIDENING OF EXISTING SINGLE LANE ROAD TO INTERMEDIATE LANE ROAD FROM MOKOKCHUNG TO CHARE VIA DIKHU I,MoRTH,,RAILWAYS,,2021-02,2021-02,2025-06,2025-06,,192.93,192.93,65.73,63.23,Ongoing,2024-10
OCMS-N24001856,,N24001856,CONSTRUCTION OF 4-LANE HIGHWAY FROM SAMARLAKOTA TO ACHAMPETA JUNCTION (FROM KM. 0.000 TO KM. 12.250,NHAI,,POWER,,2023-05,2023-05,2025-08,2025-08,,648.75,648.75,114.12,33.45,Ongoing,2024-10
OCMS-N24001857,,N24001857,CONSTRUCTION OF ROAD FROM KM 0/0 TO 72/0 OF NH-26 SUCH AS 4 LANE FROM KM 0/0 TO 21/0 (BARGARH TO BAR,MoRTH,,POWER,,2020-06,2020-06,2023-12,2024-12,,414.24,414.24,277.23,60.0,Ongoing,2024-10
OCMS-N24001858,,N24001858,WIDENING AND STRENGTHENING TO 2L+PS INCLUDING LA OF KANDARPUR-BALIKUDA FROM KM 277/500 TO 318/970 OF,MoRTH,,POWER,,2022-03,2022-03,2025-06,2025-06,,499.79,499.79,232.34,7.25,Ongoing,2024-10
OCMS-N24001859,,N24001859,CONSTRUCTION OF BYPASS ON NH-59 FROM KM 336/350 TO 349/910 (13.56 KM) NEAR BERHAMPUR TOWN INCLUDING,MoRTH,,POWER,,2021-03,2021-03,2024-03,2025-03,,196.94,196.94,66.09,10.58,Ongoing,2024-10
OCMS-N24001860,,N24001860,CONSTRUCTION OF BYPASS TO NAYAGARH TOWN FROM KM 235.469 TO 252.482 OF NH-57 INCLUDING LAND ACQUISITI,MoRTH,,POWER,,2022-01,2022-01,2025-04,2025-04,,300.33,300.33,162.15,47.32,Ongoing,2024-10
OCMS-N24001861,,N24001861,CONSTRUCTION OF BYPASS TO KHORDHA TOWN FROM KM 294/000 TO 300/300 ON NH-57 INCLUDING LA IN THE STATE,MoRTH,,POWER,,2022-02,2022-02,2024-11,2025-03,,157.49,157.49,62.14,31.74,Ongoing,2024-10
OCMS-N24001862,,N24001862,CONSTRUCTION OF BYPASS ROAD TO BALANGIR TOWN FROM KM 72/400 (DESING KM 0/0) TO KM 79/800 (DESIGN KM,MoRTH,,POWER,,2022-02,2022-02,2025-10,2025-11,,238.78,238.78,17.26,2.0,Ongoing,2024-10
OCMS-N24001863,,N24001863,"CONSTRUCTION OF 5 HL BRIDGES AT KM 379/000 (PANGAM), KM 439/400 (POTTERU), KM 444/237",KONGURUKONDA,,POWER,,2021-03,2021-03,2024-06,2025-06,,154.05,154.05,47.47,10.0,Ongoing,2024-10
OCMS-N24001864,,N24001864,CONSTRUCTION OF FOUR LANE ROB AND ITS APPROACHES IN LIEU OF EXISTING LEVEL CROSSING NO. RV-71 AT KM,MoRTH,,POWER,,2021-11,2021-11,2025-06,2025-06,,154.49,154.49,50.75,0.0,Ongoing,2024-10
OCMS-N24001865,,N24001865,CONSTRUCTION OF 4 LANE ROB WITH APPROACHES IN LIEU OF LC NO. RV-172 AT KM 176.00 OF NH- 201 (PRESENT,MoRTH,,POWER,,2021-12,2021-12,2025-05,2025-05,,324.09,324.09,74.19,15.0,Ongoing,2024-10
OCMS-N24001866,,N24001866,"CONSTRUCTION OF TWO LANE WITH PAVED SHOULDER FOR FATEHPUR BYPASS, MANDAWA BYPASS AND JHUNJHUNU BYPAS",MoRTH,,COAL,,2022-03,2022-03,2024-08,2025-06,,186.29,186.29,142.69,72.0,Ongoing,2024-10
OCMS-N24001867,,N24001867,UPGRADATION OF TWO LANE PAVED SHOULDER FROM SHAHPURA TO THANAGAZI OF NH- 248A ON EPC MODE IN THE STAT,MoRTH,,COAL,,2022-03,2022-03,2024-07,2025-06,,174.34,174.34,104.08,62.0,Ongoing,2024-10
OCMS-N24001868,,N24001868,Sagwara Bypass and Garhi- Partapur Bypass of NH- 927A in the State of Rajasthan.,MoRTH,,COAL,,2022-03,2022-03,2025-08,2025-02,,187.65,187.65,66.57,44.0,Ongoing,2024-10
OCMS-N24001869,,N24001869,UPGRADATION AND REHABILITATION TO TWO LANE WITH PAVED SHOULDER OF GHAGARIYA- MUNABAO SECTION FROM KM,MoRTH,,COAL,,2022-12,2022-12,2025-08,2025-08,,235.15,235.15,92.69,66.0,Ongoing,2024-10
OCMS-N24001870,,N24001870,IMPROVEMENT TO TWO LANE WITH PAVED SHOULDERS OF NH 122B FROM KM 29.730 TO KM 72.348 IN STATE OF BIH,MoRTH,,POWER,,2022-02,2022-02,2024-11,2025-03,,624.43,624.43,188.9,68.0,Ongoing,2024-10
OCMS-N24001875,,N24001875,WIDENING AND STRENTHENING FROM KM 70.15 TO KM 121.025 OF NH-80,MoRTH,,POWER,,2021-03,2021-03,2025-01,2025-03,,477.54,477.54,215.22,57.0,Ongoing,2024-10
OCMS-N24001876,,N24001876,WIDENING and STRENTHENING FROM KM132.895 TO KM 190.15 NH- 80,MoRTH,,POWER,,2021-03,2021-03,2024-03,2025-06,,566.15,566.15,159.74,35.0,Ongoing,2024-10
OCMS-N24001877,,N24001877,CONSTRUCTION OF NEW 4-LANE BRIDGE (PARALLEL TO EXISTING VIKRAMASHILA SETU)FROM KM 8+920 TO KM 13+375,MoRTH,,POWER,,2020-07,2020-07,2027-05,2027-05,,1110.23,1110.23,263.84,29.0,Ongoing,2024-10
OCMS-N24001878,,N24001878,IMPROVEMENT TO TWO LANE WITH PAVED SHOULDERS OF NH- 319A FROM KM 0 TO KM 45 IN STATE OF BIHAR UNDER,MoRTH,,POWER,,2022-02,2022-02,2024-12,2025-03,,427.29,427.29,166.86,56.0,Ongoing,2024-10
OCMS-N24001879,,N24001879,CONSTRUCTION OF PROPOSED 4_LANE REVELGUNJ BYPASS NH-19 IN THE STATE OF BIHAR ON EPC MODE CONNECTING,MoRTH,,POWER,,2022-03,2022-03,2025-07,2025-07,,295.24,295.24,31.83,27.0,Ongoing,2024-10
OCMS-N24001880,,N24001880,REHABILITATION AND UP- GRADATION TO 4 LANE ROAD WITH PAVED SHOULDER CONFIGURATION OF SECTION FROM UND,MoRTH,,POWER,,2022-03,2022-03,2025-07,2025-07,,778.18,778.18,135.78,27.35,Ongoing,2024-10
OCMS-N24001881,,N24001881,REHABLITATION AND UPGRADATION OF AMBOLI JUNCTION (DESIGN CH. 71+530) TO AJARA (DESIGN CH.100+835) SE,MoRTH,,POWER,,,,2024-11,2024-11,,574.0,574.0,574.0,100.0,Completed,2024-10
OCMS-N24001882,,N24001882,CONSTRUCTION OF NEW FOUR LANE BYPASS TO PARBHANI CITY (PARWA TO ASOLA) KM 463/265 TO KM 481/180 (DES,MoRTH,,POWER,,2022-03,2022-03,2024-10,2024-10,,496.64,496.64,0.0,8.0,Ongoing,2024-10
OCMS-N24001883,,N24001883,CONSTRUCTION OF 4 LANE FLYOVER AT NAGPUR RTO CHOWK TO NAGPUR UNIVERSITY CAMPUS FROM CH 2/250 TO 5/10,MoRTH,,POWER,,2021-03,2021-03,2024-03,2024-04,,478.83,478.83,233.48,65.0,Ongoing,2024-10
OCMS-N24001884,,N24001884,REHABILITATION AND UPGRADATION OF SATANA TO MANGRUL (CHANDWAD) SECTION OF NH752 G DESIGN CH: KM 64.0,MoRTH,,POWER,,2023-03,2023-03,2025-05,2025-05,,428.8,428.8,54.11,30.69,Ongoing,2024-10
OCMS-N24001885,,N24001885,REHABILITATION AND UP- GRADATION OF JINTUR- SHIRAD SHAHAPUR SECTION KM 258.300 TO KM 306.300 [DESIGN,MoRTH,,POWER,,2023-02,2023-02,2024-12,2024-12,,414.81,414.81,0.0,0.0,Ongoing,2024-10
OCMS-N24001886,,N24001886,DEVELOPMENT/WIDENING OF TALEGAON ? CHAKAN ? SHIKRAPUR ? NHAVARA SECTION OF NH 548DG (NHAVARA TO CHOU,MoRTH,,POWER,,2022-10,2022-10,2024-08,2024-08,,304.68,304.68,97.09,58.78,Ongoing,2024-10
OCMS-N24001887,,N24001887,REHABILITATION AND UPGRADATION OF BHOKARDAN TO KUMBHARI FATA DESIGN CH. (KM 13+500 TO 17+00) AND RAJ,MoRTH,,POWER,,2022-08,2022-08,2024-06,2024-06,,291.37,291.37,102.94,0.0,Ongoing,2024-10
OCMS-N24001888,,N24001888,"UP-GRADATION OF TIRORA- GONDIA, STATE HIGHWAY FROM EXISTING KM 163+213 (ON SH-335, TIRORA) TO KM 191+",MoRTH,,POWER,,2021-08,2021-08,2023-04,2024-05,,288.14,288.14,63.01,46.31,Ongoing,2024-10
OCMS-N24001889,,N24001889,2 LANE + PS PIMPLNER TO SATANA -[DESIGN CHAINAGE KM 21.427 TO 64.00 ] OF NH-752G],MoRTH,,POWER,,2019-09,2019-09,2021-07,2023-12,,277.81,277.81,148.68,0.0,Ongoing,2024-10
OCMS-N24001890,,N24001890,REHABILITATION AND UPGRADATION OF PARLI TO SIRSALA SECTION OF NH-361F (KM 136+700 TO 115+000) (LENGT,MoRTH,,POWER,,2023-02,2023-02,2024-12,2024-12,,261.82,261.82,70.59,46.0,Ongoing,2024-10
OCMS-N24001891,,N24001891,BALANCE WORK OF REHABILITATION AND UP- GRADATION TO NH-166F FROM MAHAD JUNCTION (AT KM 123/400 ON NH,MoRTH,,POWER,,2021-07,2021-07,2023-11,2024-03,,256.54,256.54,80.1,59.66,Ongoing,2024-10
OCMS-N24001892,,N24001892,REHABILITATION AND UPGRADATION OF SHIRAPUR JUNCTION TO SHIVAJI CHOWK (DESIGN CHAINAGE KM. 130+00 TO,MoRTH,,POWER,,2023-02,2023-02,2024-12,2024-12,,245.61,245.61,43.39,32.5,Ongoing,2024-10
OCMS-N24001893,,N24001893,SHEWALI (SAKRI) - NANDURBAR,MoRTH,,POWER,,,,2024-04,2024-04,,232.59,232.59,97.7,100.0,Completed,2024-10
OCMS-N24001894,,N24001894,2 LANE + PS ASTHAMODE - TIVATYAL [DESIGN CH. KM 24.300 - 62.00] [KM 134.98-172.95 OF NH-63],MoRTH,,POWER,,2019-09,2019-09,2021-07,2023-12,,228.82,228.82,144.54,95.0,Ongoing,2024-10
OCMS-N24001895,,N24001895,REHABILATION AND UPGRADATION TO TWO LANES WITH PAVED SHOULDER CONFIGURATION FROM WATUR TO CHARTHANA,MoRTH,,POWER,,2021-11,2021-11,2023-09,2023-12,,228.01,228.01,103.01,99.0,Ongoing,2024-10
OCMS-N24001896,,N24001896,UPGRADATIOBN AND REHABILITATION OF SECTION OF NH 361 F FROM PARLI (00/000) TO GANGAKHED (30/400) TO,MoRTH,,POWER,,2021-11,2021-11,2023-09,2024-04,,224.44,224.44,75.34,45.63,Ongoing,2024-10
OCMS-N24001897,,N24001897,REHABILITATION AND UPGRADATION TO 2 LANE WITH PAVED SHOULDER FROM EXISTING CHAINAGE KM 102 TO KM 13,BRO,,RAILWAYS,,2021-03,2021-03,2024-07,2024-12,,642.24,642.24,483.08,92.0,Ongoing,2024-10
OCMS-N24001898,,N24001898,REHABILITATION AND UPGRADATION TO 2 LANE WITH PAVED SHOULDER FROM EXISTING CHAINAGE KM 30.000 TO K,BRO,,RAILWAYS,,2020-07,2020-07,2024-11,2024-11,,272.49,272.49,177.33,87.0,Ongoing,2024-10
OCMS-N24001899,,N24001899,REHABILITATION AND UPGRADATION TO 2 LANE WITH PAVED SHOULDER FROM EXISTING CHAINAGE KM 134.95 TO KM,BRO,,RAILWAYS,,2021-02,2021-02,2024-07,2025-03,,395.25,395.25,198.77,60.0,Ongoing,2024-10
OCMS-N24001900,,N24001900,REHABILITATION AND UPGRADATION TO 2 LANE WITH PAVED SHOULDER FROM EXISTING CHAINAGE KM 49.150 TO KM,BRO,,RAILWAYS,,2020-03,2020-03,2024-08,2025-03,,796.97,796.97,459.0,79.0,Ongoing,2024-10
OCMS-N24001901,,N24001901,REHABILITATION AND UPGRADATION TO 2 LANE WITH PAVED SHOULDER FROM EXISTING CHAINAGE KM 64.535 TO K,BRO,,RAILWAYS,,2020-03,2020-03,2023-09,2025-03,,152.93,152.93,103.81,78.25,Ongoing,2024-10
OCMS-N24001902,,N24001902,REHABILITATION AND UP- GRADATION OF SABALKHED TO ASHTI SECTION FROM KM 37+900 TO KM 55+100 AND CHINCH,MoRTH,,POWER,,2022-12,2022-12,2024-09,2024-09,,213.32,213.32,20.0,34.0,Ongoing,2024-10
OCMS-N24001903,,N24001903,REHABILITATION AND UP- GRADATION OF MUDKHED TO NANDED SECTION FROM KM. 372+000 TO KM 388+400 OF NH 16,MoRTH,,POWER,,2022-08,2022-08,2025-04,2025-04,,206.54,206.54,21.36,0.0,Ongoing,2024-10
OCMS-N24001904,,N24001904,KOPARGAON TO SAVALI VIHIR SECTION,MoRTH,,POWER,,2022-09,2022-09,2024-07,2024-07,,195.38,195.38,29.59,19.76,Ongoing,2024-10
OCMS-N24001905,,N24001905,"CONSTRUCTION OF MAJOR BRIDGE ACROSS MANJRA RIVER NEAR YESGI VILLAGE @ KM, 166/500 ON NH 63 TQ BILOLI",MoRTH,,POWER,,2021-10,2021-10,2023-08,2023-12,,188.69,188.69,111.26,96.0,Ongoing,2024-10
OCMS-N24001906,,N24001906,UP-GRADATION TO 4 LANING OF DAULTABAD T-POINT TO MALIWADA [FROM DESIGN KM.0.000 TO KM 4.000] AND UPG,MoRTH,,POWER,,2022-08,2022-08,2024-03,2024-03,,185.59,185.59,63.56,48.0,Ongoing,2024-10
OCMS-N24001907,,N24001907,"CONSTRUCTION OF SIX LANE FLYOVER AT KATRAJ JUNCTION AT KM, 3/880 OF NH 548-DD (VADGAON - KATRAJ - KO",MoRTH,,POWER,,2021-06,2021-06,2024-02,2024-03,,169.15,169.15,36.94,35.96,Ongoing,2024-10
OCMS-N24001908,,N24001908,UPGRADATION OF EXHISTING 2 LANE FLEXIBLE PAVEMENT TO 2 LANE PAVED SHOULDERS RIGID PAVEMENT FROM DESI,MoRTH,,POWER,,2021-12,2021-12,2024-05,2024-05,,167.97,167.97,35.28,36.76,Ongoing,2024-10
OCMS-N24001909,,N24001909,"STRENGTHING AND WIDINING OF EXISTING CARRIAGEWAY TO 10 M IN KM, 156/160 TO 229/160 (TEMBHURNI - KUSL",MoRTH,,POWER,,2021-11,2021-11,2024-06,2024-06,,157.72,157.72,55.38,90.41,Ongoing,2024-10
OCMS-N24001910,,N24001910,REHABILITATION AND UPGRADATION OF JAMKHED TO SAUTADA SECTION OF NH548 D (FROM KM 195.375 TO KM 208.7,MoRTH,,POWER,,2022-09,2022-09,2024-07,2024-07,,157.62,157.62,13.86,17.03,Ongoing,2024-10
OCMS-N24001911,,N24001911,PANGAON TO DHARMAPURI AND PARALI TO INJEGAON 2L+PS,MoRTH,,POWER,,2018-03,2018-03,2024-07,2023-12,,152.03,152.03,81.35,97.57,Ongoing,2024-10
OCMS-N24001912,,N24001912,PEREN-DIMAPUR PKG-3,NHIDCL,,RAILWAYS,,2021-02,2021-02,2025-06,2025-06,,177.77,199.02,19.8,30.93,Ongoing,2024-10
OCMS-N24001913,,N24001913,SPECIAL PROTECTION WORK ON REHABILITATION AND RESTORATION OF SLIDING AND SINKING ZONE FROM RANGPO TO,NHIDCL,,RAILWAYS,,2017-03,2017-03,2022-06,2022-06,,165.56,165.56,0.0,71.74,Ongoing,2024-10
OCMS-N24001914,,N24001914,IMPROVEMENT AND WIDENING TO 2-LANE WITH EARTHEN PAVED SHOULDER FROM UDAIPUR TO SRIMANTAPUR,NHIDCL,,PETROLEUM,,2023-05,2023-05,2024-11,2025-02,,195.95,195.95,15.55,18.53,Ongoing,2024-10
OCMS-N24001915,,N24001915,IMPROVEMENT/CONSTRUCTION OF EXISTING CLASS-5 ROAD TO NH INTERMEDIATE LANE SPECIFICATION WITH HARD SH,BRO,,RAILWAYS,,2021-03,2021-03,2026-06,2026-06,,230.54,230.54,0.0,20.0,Ongoing,2024-10
OCMS-N24001916,,N24001916,IMPROVEMENT/CONSTRUCTION OF EXISTING CLASS 5 ROAD TO NH INTERMEDIATE LANE SPECIFICATION WITH HARD SH,BRO,,RAILWAYS,,2021-03,2021-03,2026-05,2026-05,,314.67,314.67,0.0,41.0,Ongoing,2024-10
OCMS-N24001917,,N24001917,UP GRADATION OF NH 930 SHERPAR TO KOHKA FROM KM 67.880 TO KM 114.860 TO TWO LANE WITH PAVED SHOULDER,MoRTH,,PETROLEUM,,2020-03,2020-03,2024-05,2024-12,,278.97,278.97,170.04,74.1,Ongoing,2024-10
OCMS-N24001919,,N24001919,UP GRADATION OF NH 130C ABHANPUR TO PAUND FROM NK KM 0.000 TO KM. 40.380 TO TWO LANE WITH PAVED SHOU,MoRTH,,PETROLEUM,,2020-12,2020-12,2023-09,2024-12,,193.16,193.16,80.6,69.18,Ongoing,2024-10
OCMS-N24001920,,N24001920,UPGRADATION OF NH 130A MUNGELI TO PONDI FROM NH KM. 51.600 TO KM. 77.870 KM. 80.970 TO 96.970 TO 2,MoRTH,,PETROLEUM,,2021-03,2021-03,2024-09,2025-01,,218.57,218.57,96.43,77.12,Ongoing,2024-10
OCMS-N24001921,,N24001921,2- LANE WITH PAVED SHOULDERS OF HINOTIYA TO MEHULWA FROM DESIGN KM 27+000 9OF EXISTING SH-19 KM 26+5,NHAI,,RAILWAYS,,2021-08,2021-08,2025-09,2025-09,,581.65,581.65,127.98,24.67,Ongoing,2024-10
OCMS-N24001922,,N24001922,WIDENING TO 2-LANE WITH PAVED SHOULDER FROM KM 0.00 TO 44.00 (KURU-GHAGHRA SECTION) OF NH- 143A INCLU,MoRTH,,POWER,,2020-02,2020-02,2023-08,2024-12,,153.01,153.01,83.63,84.0,Ongoing,2024-10
OCMS-N24001923,,N24001923,WIDENING AND STRENGTHENING OF EXISTING PAVEEMNT TO TWO LANE WITH PAVED SHOULDERS FROM KM 116.00 TO K,MoRTH,,POWER,,2022-01,2022-01,2024-07,2024-12,,315.21,315.21,81.74,75.0,Ongoing,2024-10
OCMS-N24001924,,N24001924,WIDENING AND STRENGTHENING TO TWO LANE WITH PAVED SHOULDER/TWO LANE+ PAVED SHOULDER WITH SERVICE ROA,MoRTH,,POWER,,2022-03,2022-03,2025-08,2025-08,,514.22,514.22,10.49,6.0,Ongoing,2024-10
OCMS-N24001925,,N24001925,WIDENING AND STRENGTHENING/RECONSTRUCTI ON TO TWO LANE WITH PAVED SHOULDER/ TWO LANE WITH PAVED SHOUL,MoRTH,,POWER,,2022-03,2022-03,2025-08,2025-08,,423.18,423.18,0.11,0.0,Ongoing,2024-10
OCMS-N24001926,,N24001926,CONSTRUCTION OF TWIN TUBE TUNNELS ON JAMMU KASHMIR RING ROAD (NH-244A) BETWEEN DESIGN CH. 50+600 TO,NHAI,,RAILWAYS,,2023-03,2023-03,2025-06,2025-06,,939.86,939.86,251.99,36.98,Ongoing,2024-10
OCMS-N24001927,,N24001927,UP-GRADATION TO 2 LANE WITH PAVED SHOULDER FROM CHARBHUJA AT DESIGN KM 0.00 (EXISTING KM 150.00) TO,MoRTH,,COAL,,2022-02,2022-02,2025-09,2025-09,,838.43,838.43,237.87,42.0,Ongoing,2024-10
OCMS-N24001928,,N24001928,CONSTRUCTION OF 2 LANE WITH PAVED SHOULDER NORTHERN BYPASS PHASE-II OF KOTA CITY FROM DESIGN CHAINAG,MoRTH,,COAL,,2022-03,2022-03,2025-04,2025-04,,317.74,317.74,136.23,5.0,Ongoing,2024-10
OCMS-N24001929,,N24001929,CONSTRUCTION OF 4-LANE GREEN FIELD HIGHWAY FROM KM. 35.000 TO KM. 49.155 OF NH-731A WITH PAVED SHOUL,MoRTH,,POWER,,2022-01,2022-01,2025-10,2025-10,,697.66,697.66,254.4,64.0,Ongoing,2024-10
OCMS-N24001931,,N24001931,4 LANING OF BATHALAPALLI TO MUDIGUBBA SECTION (DESIGN CHAINAGE KM. 96.300 TO 129.300) INCLUDING BATH,MoRTH,,POWER,,2022-03,2022-03,2025-02,2025-02,,536.0,536.0,393.81,97.92,Ongoing,2024-10
OCMS-N24001932,,N24001932,2L+PS FROM KM. 0+000 TO KM. 32+000 (MUDIGUBBA TO PUTTAPARTHI) OF NH-342,MoRTH,,POWER,,2022-03,2022-03,2024-09,2024-09,,401.72,401.72,162.74,64.0,Ongoing,2024-10
OCMS-N24001933,,N24001933,MULAKALACHERUVU TO MADANAPALLE SECTION OF NH42 FROM KM 202.050 TO KM 245.640 EXCLUDING RETAINED STRE,MoRTH,,POWER,,2021-12,2021-12,2024-12,2024-12,,480.1,480.1,443.87,96.74,Ongoing,2024-10
OCMS-N24001934,,N24001934,NH440 RAYACHOTY TOVEMPALLI 2LPS,MoRTH,,POWER,,2021-12,2021-12,2024-05,2025-07,,439.82,439.82,193.63,26.73,Ongoing,2024-10
OCMS-N24001935,,N24001935,4 LANE WITH PAVED SHOULDER FROM KM 0.000 TO KM 51.119 OF TADIPATRI TO MUDDANUR OF NH67,MoRTH,,POWER,,2022-03,2022-03,2025-08,2025-08,,724.17,724.17,338.52,63.0,Ongoing,2024-10
OCMS-N24001936,,N24001936,BALANCE WORK OF CONTSRUCTION OF TWO/FOUR LANE WITH PAVED SHOULDER FROM KM. 54.370 TO KM. 101.400 (BI,MoRTH,,POWER,,2021-03,2021-03,2023-03,2024-07,,344.79,344.79,10.0,90.0,Ongoing,2024-10
OCMS-N24001937,,N24001937,BALANCE WORK OF REHABILITATION AND UPGRADING TO 2LANE/2LANE WITH PAVED SHOULDER CONFIGURATION AND ST,MoRTH,,POWER,,2023-02,2023-02,2024-02,2025-02,,398.48,398.48,5.0,50.0,Ongoing,2024-10
OCMS-N24001938,,N24001938,"CONSTRUCTION OF ELEVATED CORRIDOR FROM KM. 135.650 TO 136.300 ON 63, FROM KM. 249 TO KM. 250.050 ON",MoRTH,,POWER,,2021-06,2021-06,2024-06,2025-06,,298.0,298.0,10.7,52.0,Ongoing,2024-10
OCMS-N24001939,,N24001939,NH165 FROM KM 0.000 TO KM 64.020 PAMARRU TO AKIVEEDU SECTION TO TWO LANE WITH PAVED SHOULDERS,MoRTH,,POWER,,2020-03,2020-03,2023-09,2025-12,,529.24,529.24,312.17,51.78,Ongoing,2024-10
OCMS-N24001940,,N24001940,WIDENING TO 2 LANE WITH PAVED SHOULDERS FROM DESIGN KM 103.200 (EXISTING KM 103.200) TO DESIGN KM 11,MoRTH,,POWER,,2023-01,2023-01,2026-01,2025-09,,166.58,166.58,3.54,0.0,Ongoing,2024-10
OCMS-N24001941,,N24001941,WIDENING TO 4 LANE FROM KM. 133.00 TO 158.04 (DESIGN CHAINAGE KM. 130.88 TO 155.145) (SHIRUR CROSS T,MoRTH,,POWER,,2023-01,2023-01,2025-01,2025-01,,350.69,350.69,10.0,56.0,Ongoing,2024-10
OCMS-N24001942,,N24001942,2LPS FROM KM36.400 TO KM. 107.224 OF NH167BG FROM DUTTALUR TO KAVALI SECTION,MoRTH,,POWER,,2021-03,2021-03,2024-07,2025-03,,423.67,423.67,228.15,69.82,Ongoing,2024-10
OCMS-N24001943,,N24001943,WIDENING TO TWO LANE WITH PAVED SHOULDERS FROM KM. 33.13 TO KM. 40.23 AND KM. 52.00 TO KM. 71.00 (EX,MoRTH,,POWER,,2022-09,2022-09,2024-03,2025-01,,172.98,172.98,6.48,65.0,Ongoing,2024-10
OCMS-N24001944,,N24001944,WIDENING TO INTERMEDIATE/TWO LANE TO 2 LANE WITH PAVED SHOULDER FROM EXISTING CHANAGES KM 112.750 TO,MoRTH,,POWER,,2023-01,2023-01,2024-06,2024-07,,255.88,255.88,60.99,78.0,Ongoing,2024-10
OCMS-N24001945,,N24001945,WIDENING TO 2 LANE WITH PAVED SHOULDERS FROM KM 116.800 TO 149.070(DESIGN CHANGES) ON HOSADURGA HOL,MoRTH,,POWER,,2022-08,2022-08,2024-02,2024-12,,170.34,170.34,4.25,72.0,Ongoing,2024-10
OCMS-N24001946,,N24001946,"WIDENING TO 2 LANES WITH PAVED SHOULDERS FROM KM 24.400 TO 27.270, 40.500 TO 41.900, 84.300 TO 88.20",MoRTH,,POWER,,2022-11,2022-11,2024-11,2024-11,,218.93,218.93,10.0,95.0,Ongoing,2024-10
OCMS-N24001947,,N24001947,WIDENING TO EXISTING 2 LANE WITH PAVED SHOULDER TO 4 LANE WITH PAVED SHOULDER FROM DESIGN KM 153.00,MoRTH,,POWER,,2023-02,2023-02,2025-02,2025-02,,177.94,177.94,6.66,47.0,Ongoing,2024-10
OCMS-N24001948,,N24001948,WIDENING TO 4 LANE FROM KM 51.60 TO 76.20 (HEBRI TO PARKALA) AND FROM KM 85.20 TO 88.90 (KARAVALI JU,MoRTH,,POWER,,2022-10,2022-10,2024-10,2024-12,,355.72,355.72,11.32,60.0,Ongoing,2024-10
OCMS-N24001949,,N24001949,NH167B FROM KM 99.103 CS PURAM TO KM 143.320 MALAKONDA TO 2LPS,MoRTH,,POWER,,2021-12,2021-12,2024-03,2025-12,,277.3,277.3,182.67,93.0,Ongoing,2024-10
OCMS-N24001950,,N24001950,NH167B FROM KM.143.320 MALAKONDA TO 189.050 SINGARAYAKONDA ON NH 16 TO TWO LANE WITH PAVED SHOULDERS,MoRTH,,POWER,,2021-03,2021-03,2025-02,2025-02,,369.81,369.81,252.53,85.0,Ongoing,2024-10
OCMS-N24001951,,N24001951,NH167AD FROM MACHERLA TO DACHEPALLI FROM KM.0.000 TO 43.659 TO 2LPS,MoRTH,,POWER,,2022-01,2022-01,2025-01,2025-01,,403.22,403.22,262.08,88.17,Ongoing,2024-10
OCMS-N24001952,,N24001952,NH 167 B KADAPA NELLORE BORDER TO CSPURAM I.E. FROM KM 58.635 TO KM 99.409,MoRTH,,POWER,,2022-03,2022-03,2025-08,2025-08,,285.5,285.5,120.73,58.0,Ongoing,2024-10
OCMS-N24001953,,N24001953,NH-30-BHADRACHALAM TO KONTA SECTION 2LPS,MoRTH,,POWER,,2021-12,2021-12,2024-09,2024-09,,388.71,388.71,181.43,67.0,Ongoing,2024-10
OCMS-N24001954,,N24001954,WIDENING TO 2LPS OF RAMPACHODAVARAM - KOYYURU SECTION OF NH516E FROM KM.43.700 TO KM 113.820,MoRTH,,POWER,,2022-03,2022-03,2025-01,2025-01,,568.12,568.12,299.13,80.0,Ongoing,2024-10
OCMS-N24001955,,N24001955,GUDIWADA TOWN 2 LANE ROB AND ROAD IMPROVEMENT OF NH165 IN REPLACEMENT OF LC NO 3ESPL3 AT KM 231.700,MoRTH,,POWER,,2022-03,2022-03,2025-05,2025-05,,317.22,317.22,181.63,47.0,Ongoing,2024-10
OCMS-N24001956,,N24001956,2LPS FROM GONDIGUDA TO ARAKU BHALLAGUDA KM 27.480 TO KM 51.772 SECTION OF NH 516E,MoRTH,,POWER,,2020-08,2020-08,2023-09,2024-12,,296.66,296.66,216.41,78.8,Ongoing,2024-10
OCMS-N24001957,,N24001957,2LPS OF KOYYURU TO CHAPRATHIPALEM SECTION OF NH 516E,MoRTH,,POWER,,2020-08,2020-08,2024-07,2025-03,,349.29,349.29,138.22,55.75,Ongoing,2024-10
OCMS-N24001958,,N24001958,2LPS OF CHAPRATHIPALEM TO LAMBASINGI SECTION OF NH 516E,MoRTH,,POWER,,2020-08,2020-08,2024-10,2024-10,,311.22,311.22,102.34,44.0,Ongoing,2024-10
OCMS-N24001959,,N24001959,4 LANE FROM KM 56.400 TO KM 120.300 FROM B.KOTHAPALLI JUNCTION TO GORANTLA OF NH 716G,MoRTH,,POWER,,2022-03,2022-03,2025-09,2025-09,,839.98,839.98,259.12,46.0,Ongoing,2024-10
OCMS-N24001960,,N24001960,UP-GRADATION TO TWO LANE WITH PAVED SHOULDER CONFIGURATION OF NH-354 SECTION ARIFKES-FEROZEPUR- MUKTS,MoRTH,,RAILWAYS,,2021-03,2021-03,2023-10,2025-04,,263.19,220.0,94.08,42.0,Ongoing,2024-10
OCMS-N24001961,,N24001961,WORK OF WIDENING/UPGRADATION OF 2- LANE WITH PAVED SHOULDER OF SRI MUKTSAR SAHIB TO MALOUT ROAD FROM,MoRTH,,RAILWAYS,,2022-03,2022-03,2023-10,2025-04,,152.58,152.58,81.25,69.0,Ongoing,2024-10
OCMS-N24001962,,N24001962,"CONSTRUCTION OF MIHONA BYPASS, LAHAR BYPASS, DABOH BYPASS and BHANDER BYPASS",TOTAL LENGTH 20.60 KM,,RAILWAYS,,2022-03,2022-03,2024-12,2024-12,,179.19,179.19,75.91,60.0,Ongoing,2024-10
OCMS-N24001963,,N24001963,UPGRADATION OF NASRULLAGANI- REHTI-BUDHNI SCCTION TO 2- LANE WITH PAVED SHOULDER FROM KM 0+150 TO KM,MoRTH,,RAILWAYS,,2021-12,2021-12,2024-10,2025-03,,305.12,305.12,73.8,17.25,Ongoing,2024-10
OCMS-N24001964,,N24001964,UPGRADATION and WIDENING OF JHARKHEDA- BERASIA - DHOLKHEDI FROM DESIGN KM 0+000 TO KM 87+900 (DESIGN,MoRTH,,RAILWAYS,,2022-03,2022-03,2025-05,2025-05,,365.21,365.21,151.39,64.0,Ongoing,2024-10
OCMS-N24001965,,N24001965,"REHABILITATION AND UPGRADATION OF KURWAI?MUNGAOLI?CHANDERI ROAD SECTION OF NH-346, FROM DESIGN CHAIN",MoRTH,,RAILWAYS,,2022-03,2022-03,2025-02,2025-02,,386.49,386.49,103.75,32.0,Ongoing,2024-10
OCMS-N24001966,,N24001966,BALANCE WORK FOR REHABILITATION AND UP- GRADATION OF SIDHI-SINGRAULI FROM KM 82.400 TO KM 187.993 SEC,MoRTH,,RAILWAYS,,2020-12,2020-12,2023-04,2024-12,,529.44,529.44,165.6,45.69,Ongoing,2024-10
OCMS-N24001967,,N24001967,4L GREENFIELD RUDHI TO DESHGAON (PKG V OF BETUL- KHANDWA/DESHGAON) - N/04015/06003/MP,NHAI,,RAILWAYS,,2018-11,2018-11,2025-10,2025-10,,521.21,521.21,58.23,16.03,Ongoing,2024-10
OCMS-N24001968,,N24001968,CONSTRUCTION OF STRR (WEST SIDE)-NH948A-BALAGONDAPALLI (TAMIL NADU) TO KARNATAKA/TAMIL NADU BORDER F,NHAI,,RAILWAYS,,2022-04,2022-04,2025-05,2025-05,,1260.74,1260.74,453.63,44.26,Ongoing,2024-10
OCMS-N24001969,,N24001969,WIDENING AND UPGRADATION TO TWO LANES WITH PAVED SHOULDERS ROAD FROM TAMENGLONG TO MAHUR (NH-137) I,NHIDCL,,RAILWAYS,,2023-03,2023-03,2025-08,2025-08,,904.04,904.04,301.41,38.71,Ongoing,2024-10
OCMS-N24001970,,N24001970,WIDENING AND UPGRADATION TO TWO LANES WITH PAVED SHOULDERS ROAD FROM TAMENGLONG TO MAHUR (NH-137) IN,NHIDCL,,RAILWAYS,,2023-03,2023-03,2025-08,2025-08,,860.37,860.37,287.76,39.05,Ongoing,2024-10
OCMS-N24001971,,N24001971,WIDENING AND UPGRADATION TO TWO LANES WITH PAVED SHOULDERS ROAD FROM TAMENGLONG TO MAHUR (NH-137) IN,NHIDCL,,RAILWAYS,,2023-03,2023-03,2025-08,2025-08,,890.33,890.33,347.95,36.05,Ongoing,2024-10
OCMS-N24001972,,N24001972,WIDENING/IMPROVEMENT TO 4-LANE WITH PAVED SHOULDER FROM KM 0+800 (KANDULIJAN GAON) TO KM 27+701 (SI,NHIDCL,,RAILWAYS,,2023-03,2023-03,2026-04,2026-04,,609.16,609.16,187.98,53.3,Ongoing,2024-10
OCMS-N24001973,,N24001973,WIDENING/IMPROVEMENT TO 4-LANE WITH PAVED SHOULDER FROM KM 27+701 (SIMEN CHAPORI) TO KM 55+000 (NAG,NHIDCL,,RAILWAYS,,2023-03,2023-03,2026-02,2026-02,,562.05,562.05,178.24,52.85,Ongoing,2024-10
OCMS-N24001974,,N24001974,CONSTRUCTION OF 2-LANING WITH HARD SHOULDER ROAD OF UKHRUL - TOLOI - TADUBI SECTION OF NH-102A FROM,NHIDCL,,RAILWAYS,,2021-09,2021-09,2025-01,2025-01,,315.56,315.56,73.38,52.02,Ongoing,2024-10
OCMS-N24001975,,N24001975,UP-GRADATION TO 2-LANE WITH PAVED SHOULDERS OF NGOPA - PAWLRANG SECTION OF NH 102B OF AIZAWL - IMPHA,NHIDCL,,RAILWAYS,,2021-09,2021-09,2025-02,2026-02,,523.78,523.78,248.74,42.3,Ongoing,2024-10
OCMS-N24001976,,N24001976,WIDENING TO 2 LANE WITH HARD SHOULDER OF AKEGWO-AVANGKHU SECTION OF NH-202K FOR PACKAGE-I (DESIGN CH,NHIDCL,,RAILWAYS,,2022-12,2022-12,2026-02,2026-02,,430.24,430.24,41.48,22.46,Ongoing,2024-10
OCMS-N24001977,,N24001977,WIDENING TO 2 LANE WITH HARD SHOULDER OF AKEGWO-AVANGKHU SECTION OF NH-202K FOR PACKAGE-II (DESIGN C,NHIDCL,,RAILWAYS,,2022-12,2022-12,2026-02,2026-02,,442.54,442.54,17.58,12.03,Ongoing,2024-10
OCMS-N24001978,,N24001978,WIDENING TO 2 LANE WITH HARD SHOULDER OF AKEGWO-AVANGKHU SECTION OF NH-202K FOR PACKAGE-III (DESIGN,NHIDCL,,RAILWAYS,,2022-12,2022-12,2026-02,2026-02,,497.18,497.18,78.0,34.64,Ongoing,2024-10
OCMS-N24001979,,N24001979,4L GREENFIELD ROAD CONNECTING NORTH AND SOUTH INDUSTRIAL CLUSTER OF KHANDALERU CREEK NEAR KRISHNAPAT,NHAI,,POWER,,2022-08,2022-08,2025-09,2025-09,,609.43,609.43,25.24,26.9,Ongoing,2024-10
OCMS-N24001980,,N24001980,4 LANING OF NH 544D FROM EXISTING KM 346.300 OF NH 44 (DESIGN CHAINAGE KM 0.000) TO KM 39.380 (DESIG,NHAI,,POWER,,2022-10,2022-10,2025-07,2025-07,,907.76,907.76,271.66,52.49,Ongoing,2024-10
OCMS-N24001981,,N24001981,CONSTRUCTION OF SIX LANING OF NAIDUPETA JUNCTION - TURPUKANUPUR SECTION FROM KM.57+046 TO KM.91+927,NHAI,,POWER,,2022-07,2022-07,2025-10,2025-10,,1398.84,1398.84,58.68,7.45,Ongoing,2024-10
OCMS-N24001982,,N24001982,4L PS FROM KURNOOL (EXISTING KM. 5.400 OF NH-40/DESIGN KM.0.000) TO MANDLEM (EXISTING KM.38.000/DESI,NHAI,,POWER,,2023-03,2023-03,2025-10,2025-10,,827.39,827.39,273.3,79.23,Ongoing,2024-10
OCMS-N24001983,,N24001983,4 LANING FROM EXISTING KM 39.380 (DESIGN CH. 37.000) TO KM 74.450 (DESIGN CH. 69.000) OF MUCHUKOTA ?,NHAI,,POWER,,2022-10,2022-10,2025-08,2025-08,,972.63,1055.23,192.22,37.21,Ongoing,2024-10
OCMS-N24001984,,N24001984,4L PS FROM MANDLEM (EXISTING KM. 38.000/DESIGN KM.30.600) TO ATMAKUR (EXISTING KM.73.000/DESIGN KM 6,NHAI,,POWER,,2023-03,2023-03,2025-10,2025-10,,887.28,887.28,108.03,30.14,Ongoing,2024-10
OCMS-N24001985,,N24001985,BANGALORE CHENNAI EXPRESSWAY (PHASE-II PKG-II) FROM KM.96.000 TO KM 127.000 (BAIREDDYPALLE TO BANGAR,NHAI,,POWER,,2021-03,2021-03,2025-06,2025-06,,1942.94,2171.0,1009.52,43.8,Ongoing,2024-10
OCMS-N24001986,,N24001986,4L OF PILERU TO KALUR SECTION FROM KM 55.900 TO KM 92.800 AND KM 94.500 TO KM 95.717,NHAI,,POWER,,2023-10,2023-10,2025-04,2025-04,,1047.32,1047.32,258.82,63.3,Ongoing,2024-10
OCMS-N24001987,,N24001987,"CONSTRUCTION OF 1 NOS ROB, 2 NOS VUPS, SERVICE ROADS, PROVISION OF LIGHTING AND CONSTRUCTION OF OTHE",NHAI,,POWER,,2023-06,2023-06,2024-12,2024-12,,152.05,152.05,100.99,56.72,Ongoing,2024-10
OCMS-N24001988,,N24001988,6L OF CHITTOOR TO THATCHUR FROM KUMARAJAPET TO VEERA KAVERI RAJA PURAM FROM KM 43.800 TO KM 61.380 O,NHAI,,POWER,,2021-02,2021-02,2025-10,2025-10,,591.99,703.0,277.13,42.38,Ongoing,2024-10
OCMS-N24001989,,N24001989,FOUR LANING OF LEFT OVER WORKS OF HOSPET BELLARY KARNATAKA/ AP BORDER FROM KM.280.080 TO KM. 375.450,NHAI,,POWER,,2023-03,2023-03,2025-05,2025-05,,830.28,830.28,428.14,52.32,Ongoing,2024-10
OCMS-N24001990,,N24001990,4L POANTA SAHEB?MEDNIPUR FROM KM. 435.65 TO KM. 458.65 OF NH-07(PKG-1),NHAI,,RAILWAYS,,2022-06,2022-06,2025-05,2025-05,,524.54,683.26,74.94,50.6,Ongoing,2024-10
OCMS-N24001991,,N24001991,ACCESS ROAD/BRIDGE CONNECTIVITY FROM NH-09 AT KM.40 NEAR JAGBUDA BRIDGE (INDIA) TO BOUNDARY PILLAR,NHAI,,RAILWAYS,,2022-05,2022-05,2024-09,2025-05,,314.31,314.31,150.55,54.5,Ongoing,2024-10
OCMS-N24001992,,N24001992,BALANCE WORKS OF 4-LANNING OF RAMPUR-KATHGODAM SECTION OF NH-87 (NEW NH NO. 09) FROM KM. 0.000 (KM 1,NHAI,,POWER,,2022-08,2022-08,2024-02,2024-11,,199.31,199.38,130.59,65.4,Ongoing,2024-10
OCMS-N24001993,,N24001993,DEVELOPMENT OF 6 LANE ACCESS CONTROLLED GREENFIELD HIGHWAY FROM KM. 97.000 TO KM. 162.500 MARADGI S,NHAI,,POWER,,2022-12,2022-12,2025-10,2025-10,,1589.0,1589.0,400.5,44.55,Ongoing,2024-10
OCMS-N24001994,,N24001994,4/6L OF BANGALORE - PUNE SECTION OF BYPASS CONNECTING DHARWAD - HUBLI FROM KM. 403.80 TO KM. 433.20,NHAI,,POWER,,2022-05,2022-05,2023-03,2025-09,,1135.39,1135.39,231.38,44.71,Ongoing,2024-10
OCMS-N24001995,,N24001995,4L OF DUDHADHARI ELEVATED FLYOVER (MUZAFFARNAGAR ?HARIDWAR SECTION) FROM KM 356.450 TO KM 353.800 OF,NHAI,,RAILWAYS,,2021-05,2021-05,2023-11,2024-12,,154.52,154.52,150.26,100.0,Ongoing,2024-10
OCMS-N24001996,,N24001996,CONSTRUCTION OF TWO LANE WITH PAVED SHOULDER HIGHWAY FROM DESIGN CH.0.000 TO CH.49.2OO OF NH-731B ON,MoRTH,,POWER,,2022-03,2022-03,2025-11,2025-11,,640.18,602.76,346.24,44.0,Ongoing,2024-10
OCMS-N24001997,,N24001997,CONSTRUCTION OF SHOHRATGARH BYPASS ON NH- 730 UNDER EPC MODE IN THE STATE OF UTTAR PRADESH,MoRTH,,POWER,,2022-10,2022-10,2025-05,2025-05,,189.31,189.31,50.71,15.0,Ongoing,2024-10
OCMS-N24001998,,N24001998,"CONSTRUCTION OF 4 LANE WITH PAVED SHOULDER FROM (DESIGN CH. 14+200 TO 24+400), (DESIGN CH. 35+300 TO",BRO,,RAILWAYS,,2022-06,2022-06,2025-08,2025-08,,832.46,823.46,301.83,35.0,Ongoing,2024-10
OCMS-N24001999,,N24001999,CONSTRUCTION OF REALIGNMENT BETWEEN PANDRASS- PASHKYUN (TOTAL LENGTH 27.10 KM) ON ROAD ZOZILA-KARGIL,BRO,,ROAD TRANSPORT AND HIGHWAYS,,2021-11,2021-11,2025-06,2025-06,,426.14,426.14,76.75,37.0,Ongoing,2024-10
OCMS-N24002000,,N24002000,WIDENING AND STRENGTHENING OF EXISTING 2 LANE WITH PAVED SHOULDER TO 4 LANE WITH PAVED SHOULDER FRO,MoRTH,,RAILWAYS,,2021-03,2021-03,2024-07,2024-08,,317.19,317.19,164.72,67.0,Ongoing,2024-10
OCMS-N24002001,,N24002001,WIDENING TO 2 LANE WITH PAVED SHOULDERS OF MEDAK - SIDDIPET SECTION FROM KM 0/0 TO KM 69/978 OF NH,MoRTH,,RAILWAYS,,2022-01,2022-01,2025-01,2025-06,,882.18,882.18,255.05,56.17,Ongoing,2024-10
OCMS-N24002002,,N24002002,WIDENING AND IMPROVEMENT OF EXISTING CARRIAGE WAY TO 2 LANE WITH PAVED SHOULDERS FROM KM. 86/160 TO,MoRTH,,RAILWAYS,,2022-01,2022-01,2024-12,2024-12,,423.48,423.48,198.05,63.8,Ongoing,2024-10
OCMS-N24002003,,N24002003,REHABILITATION AND UP- GRADATION OF VALIGONDA TO THORRUR SECTION TO TWO LANE WITH PAVED SHOULDERS FRO,MoRTH,,RAILWAYS,,2022-01,2022-01,2024-12,2025-03,,549.28,549.28,173.25,56.79,Ongoing,2024-10
OCMS-N24002004,,N24002004,REHABILITATION AND UPGRADATION OF LB-NAGAR TO MALKAPUR SECTION TO 6-LANE MAIN CARRIAGEWAY WITH SERVI,MoRTH,,RAILWAYS,,2021-03,2021-03,2024-07,2025-06,,545.11,545.11,292.55,67.08,Ongoing,2024-10
OCMS-N24002005,,N24002005,WIDENING TO TWO LANE WITH PAVED SHOULDERS OF 'BODHAN BASAR BHAINSA ' SECTION FROM KM 38/900 TO 95/3,MoRTH,,RAILWAYS,,2022-03,2022-03,2025-03,2025-06,,644.45,644.45,212.33,63.5,Ongoing,2024-10
OCMS-N24002006,,N24002006,"ONSTRUCTION OF 4-LANE FLYOVER AT AMBERPET-X ROAD, HYDERABAD ON NH-202 IN THE STATE OF TELANGANA",MoRTH,,RAILWAYS,,2017-10,2017-10,2023-06,2024-12,,186.71,186.71,177.53,85.75,Ongoing,2024-10
OCMS-N24002007,,N24002007,WIDENING TO TWO LANE WITH PAVED SHOULDERS FROM KM 0/000 TO KM 79/300 OF KALWAKURTHY - KOLLAPUR SECTI,MoRTH,,RAILWAYS,,2022-03,2022-03,2025-07,2025-07,,886.69,886.69,147.22,43.44,Ongoing,2024-10
OCMS-N24002008,,N24002008,WIDENING TO 2 LANE WITH PAVED SHOULDERS OF SIDDIPET- ELKATHURTHY SECTION FROM KM 69/978 TO KM 133/6,MoRTH,,RAILWAYS,,2022-01,2022-01,2024-12,2024-12,,578.85,578.85,172.76,70.0,Ongoing,2024-10
OCMS-N24002009,,N24002009,WIDENING AND STRENGTHENING TO 2/4 LANE WITH PAVED SHOULDERS OF MAHABUBNAGAR ? CHINCHOLI SECTION FROM,MoRTH,,RAILWAYS,,2022-01,2022-01,2025-01,2025-07,,703.68,703.68,249.04,48.53,Ongoing,2024-10
OCMS-N24002010,,N24002010,WIDENING AND STRENGTHENING TO 4 LANE / 2-LANE WITH PAVED SHOULDERS OF MAHABUBNAGAR- CHINCHOLI SECTION,MoRTH,,RAILWAYS,,2022-03,2022-03,2024-03,2025-10,,631.49,631.49,45.12,17.65,Ongoing,2024-10
OCMS-N24002011,,N24002011,BALANCE WORK OF CONSTRUCTION OF TWO/FOUR LANE WITH PAVED SHOULDER FROM KM 422.000 TO 523.600 ( CHITR,MoRTH,,POWER,,2021-12,2021-12,2024-06,2024-12,,516.96,516.96,19.93,70.0,Ongoing,2024-10
OCMS-N24002012,,N24002012,WIDENING TO TWO LANE WITH PAVED SHOULDERS FROM KM 40.00 TO KM 75.00 (EXISTING CHAINAGES) OF MANGALOR,MoRTH,,POWER,,2023-03,2023-03,2025-03,2025-03,,718.52,718.52,24.81,23.0,Ongoing,2024-10
OCMS-N24002013,,N24002013,CONSTRUCTION OF TWO LANE WITH PAVED SHOULDER FROM KM.0 TO KM. 80 ON NH 548B (VIJAYAPURA-SANKESWAR SE,MoRTH,,POWER,,2021-03,2021-03,2022-02,2024-10,,766.64,766.64,13.55,75.0,Ongoing,2024-10
OCMS-N24002014,,N24002014,UPGRADATION AND STRENGTHENING TO 2 LANE PS FROM KM 95/500 TO KM 129/775 OF NH 168 G IDAR BHILODA SA,MoRTH,,ROAD TRANSPORT AND HIGHWAYS,,2022-09,2022-09,2023-12,2025-12,,237.28,237.28,0.59,0.0,Ongoing,2024-10
OCMS-N24002015,,N24002015,IMPROVEMENT AND UPGRADATION TO TWO LANE WITH PAVED SHOULDER CONFIGURATION FROM EXISTING KM 90.00 TO,MoRTH,,POWER,,2021-11,2021-11,2025-06,2025-06,,403.36,403.36,90.91,18.0,Ongoing,2024-10
OCMS-N24002016,,N24002016,CONSTRUCTION OF PRATAPGARH BYPASS (EXTENSION) CONNECTING NH-31 TO NH-330,MoRTH,,POWER,,2022-10,2022-10,2025-06,2025-06,,225.17,225.17,94.39,43.0,Ongoing,2024-10
OCMS-N24002017,,N24002017,DEVELOPMENT OF SIX LANE BASANWAHI-MARANGPURI OF NH 130 CD FROM KM.99+500 TO 124+661 UNDER RAIPUR VIS,NHAI,,PETROLEUM,,2022-03,2022-03,2025-10,2026-09,,1307.16,1307.16,135.17,13.97,Ongoing,2024-10
OCMS-N24002018,,N24002018,REHABILITATION AND UPGRADATION TO 2-LANE WITH PAVED SHOULDER CONFIGURATION OF JIRAPUR- SUSNER-MP-RJ B,MoRTH,,RAILWAYS,,2022-01,2022-01,2025-03,2025-03,,239.72,232.22,129.45,80.71,Ongoing,2024-10
OCMS-N24002019,,N24002019,UPGRADATION OF DINDORI- SAGARTOLA-KABICHABUTRA (MP- CG BORDER) SECTION OF NH -45 FROM KM 0+00(DESIGN),MoRTH,,RAILWAYS,,2022-01,2022-01,2025-09,2025-09,,329.14,319.09,111.42,23.5,Ongoing,2024-10
OCMS-N24002020,,N24002020,"CONSTRUCTION OF KAITHI- PADARIA KALA BYPASS, PATNA- TAMOLI BYPASS, JASO BYPASS , NAGOD BYPASS (TOTAL L",MoRTH,,RAILWAYS,,2022-03,2022-03,2025-10,2025-10,,158.36,158.36,37.78,17.0,Ongoing,2024-10
OCMS-N24002021,,N24002021,BILASIPURA-GUWAHATI ROAD PKG-8,NHIDCL,,RAILWAYS,,2023-03,2023-03,2026-12,2026-12,,1457.59,1457.59,359.25,25.65,Ongoing,2024-10
OCMS-N24002022,,N24002022,BILASIPURA-GUWAHATI ROAD PKG-9,NHIDCL,,RAILWAYS,,2023-03,2023-03,2026-06,2026-06,,1000.27,1000.27,212.32,10.38,Ongoing,2024-10
OCMS-N24002023,,N24002023,BILASIPURA-GUWAHATI ROAD PKG- 10,NHIDCL,,RAILWAYS,,2023-03,2023-03,2026-06,2026-06,,1264.9,1264.9,270.76,14.23,Ongoing,2024-10
OCMS-N24002024,,N24002024,DABOKA BYPASS OF DABOKA - PAROKHAOWA PKG -1,NHIDCL,,RAILWAYS,,2023-01,2023-01,2025-11,2025-11,,516.88,516.88,177.39,50.11,Ongoing,2024-10
OCMS-N24002025,,N24002025,2 LANE WITH PAVED SHOULDER FROM KM 16+900 (BOGAPANI) TO KM 27+150 (GOLAI GAON) ON EXISTING DIBRUGARH,NHIDCL,,RAILWAYS,,2023-01,2023-01,2025-12,2025-12,,356.65,356.65,115.18,5.55,Ongoing,2024-10
OCMS-N24002026,,N24002026,2 LANE WITH PAVED SHOULDER FROM KM 27+150 (GOLAI GAON) TO KM 47+682 (LEDO) ON EXISTING DIBRUGARH TO,NHIDCL,,RAILWAYS,,2023-03,2023-03,2025-12,2025-12,,643.42,643.42,67.22,8.45,Ongoing,2024-10
OCMS-N24002027,,N24002027,KEIFANG - TUVAI PKG-3,NHIDCL,,RAILWAYS,,2021-12,2021-12,2025-02,2025-12,,500.88,500.88,148.05,39.0,Ongoing,2024-10
OCMS-N24002028,,N24002028,LMPHAL TO JIRIBAM PKG-7,NHIDCL,,RAILWAYS,,2023-01,2023-01,2025-12,2025-12,,760.16,760.16,67.05,28.83,Ongoing,2024-10
OCMS-N24002029,,N24002029,WIDENING TO FOUR LANE WITH PAVED SHOULDER FROM DESIGN KM.49.200 TO KM.89.285 OF NH- 731B ON EPC MODE,MoRTH,,POWER,,2022-03,2022-03,2026-01,2026-01,,917.91,917.91,483.86,24.0,Ongoing,2024-10
OCMS-N24002030,,N24002030,DEVELOPMENT OF EXTERNAL TRUNK CONNECTIVITY AND INTERNAL INFRASTRUCTURE WORKS AT MULTI MODEL LOGISTIC,NHIDCL,,RAILWAYS,,2020-02,2020-02,2022-03,2024-10,,592.06,592.06,304.02,100.0,Ongoing,2024-10
OCMS-N24002031,,N24002031,CONSTRUCTION OF TWO LANE WITH PAVED SHOULDER FROM EXISTING KM.0.000 TO KM.55.610 (DESIGN KM. 0.000 T,MoRTH,,POWER,,2021-12,2021-12,2026-02,2026-02,,840.93,840.93,349.53,8.0,Ongoing,2024-10
OCMS-N24002032,,N24002032,CONSTRUCTION OF 4-LANE HIGHWAY WITH PAVED SHOULDERS FROM KM 49.155 TO KM 74.700 OF NH-731A ON HYBRID,MoRTH,,POWER,,2022-01,2022-01,2026-01,2026-01,,1156.72,1156.72,241.12,24.0,Ongoing,2024-10
OCMS-N24002033,,N24002033,CONSTRUCTION OF 4 LANE ACCESS CONTROLLED HIGHWAY FROM CHILLAKURU CROSS ROAD TO TURPUKANUPUR KM 0+000,NHAI,,POWER,,2022-07,2022-07,2025-12,2025-12,,909.47,909.47,97.03,14.51,Ongoing,2024-10
OCMS-N24002034,,N24002034,UPGRADATION TO 4L PS DIVIDED CARRIAGEWAY FROM PATAN (NEAR RAJPUR) TO GOJARIYA FROM KM 52.000 TO KM 1,NHAI,,ROAD TRANSPORT AND HIGHWAYS,,2021-12,2021-12,2025-03,2025-03,,1181.34,1181.34,370.68,53.75,Ongoing,2024-10
OCMS-N24002035,,N24002035,WIDENING TO 6L OF EXISTING 4L JETPUR - GONDAL - RAJKOT SECTION FROM KM. 117.600 TO KM. 185.00 ON NH,NHAI,,ROAD TRANSPORT AND HIGHWAYS,,2023-09,2023-09,2025-09,2025-09,,2070.44,2070.44,169.45,14.0,Ongoing,2024-10
OCMS-N24002036,,N24002036,DEVELOPMENT OF SIX-LANE ACCESS CONTROLLED HIGHWAY FROM GOGWAN JALALPUR (SHAMLI DISTRICT) TO RANIPUR,NHAI,,POWER,,2022-04,2022-04,2025-05,2025-05,,1843.59,1843.59,774.19,33.0,Ongoing,2024-10
OCMS-N24002037,,N24002037,UPGRADATION OF EXISTING 4 LANE ISMAILABAD-AMBALA SECTION (KM. 0+000 TO KM 42+500) (PART OF AMBALA-KO,NHAI,,PETROLEUM,,2023-01,2023-01,2025-12,2025-12,,609.32,609.0,96.06,22.1,Ongoing,2024-10
OCMS-N24002038,,N24002038,CONSTRUCTION OF 6-LANE GREENFIELD KARNAL RING ROAD STARTING FROM NH-44 NEAR VILLAGE SHAMGARH (DESIGN,NHAI,,PETROLEUM,,2022-11,2022-11,2025-08,2025-08,,1691.45,1998.0,590.77,42.0,Ongoing,2024-10
OCMS-N24002039,,N24002039,CONSTRUCTION OF 6-LANE GREENFIELD AMBALA RING ROAD STARTING FROM JUNCTION WITH SHAMLI-AMBALA SECTION,NHAI,,PETROLEUM,,2023-02,2023-02,2025-10,2025-10,,1088.64,1178.0,354.9,35.0,Ongoing,2024-10
OCMS-N24002040,,N24002040,DEVELOPMENT OF SIX-LANE ACCESS CONTROLLED HIGHWAY FROM RANIPUR BARSI (SAHARANPUR DISTRICT) TO ADHOYA,NHAI,,PETROLEUM,,2022-04,2022-04,2025-05,2028-05,,1554.21,1554.21,409.06,36.1,Ongoing,2024-10
OCMS-N24002041,,N24002041,DEVELOPMENT OF SIX-LANE ACCESS CONTROLLED HIGHWAY FROM ADHOYA MUSALMANA (AMBALA DISTRICT) TO SADOPUR,NHAI,,PETROLEUM,,2022-04,2022-04,2025-05,2025-05,,1491.71,1491.71,606.1,35.22,Ongoing,2024-10
OCMS-N24002042,,N24002042,CONSTRUCTION OF 4-LANING OF BHIWANI HANSI ROAD SECTION OF NH 148B (DESIGN LENGTH 42.934 KM) UNDER BH,NHAI,,PETROLEUM,,2022-11,2022-11,2025-12,2025-12,,1322.13,1322.13,195.39,49.1,Ongoing,2024-10
OCMS-N24002043,,N24002043,CONSTRUCTION OF 4-LANE GREENFIELD JALBEHRA - SHAHBAD SECTION OF NH ? 152G FROM KM 0+000 TO KM 22+850,NHAI,,PETROLEUM,,2022-03,2022-03,2025-06,2025-06,,927.22,927.22,389.09,54.35,Ongoing,2024-10
OCMS-N24002044,,N24002044,4L AMBALA - KALAAMB FROM KM. - 0.800 TO KM. 33.015 OF OLD NH-72,NHAI,,PETROLEUM,,2023-06,2023-06,2025-06,2025-06,,629.16,629.16,127.0,70.0,Ongoing,2024-10
OCMS-N24002045,,N24002045,CONSTRUCTION OF 6 LANE DURG RAIPUR ARANG BYPASS PKG 1 SECTION OF NH 53 FROM CH 0.000 TO CH 44.50,NHAI,,PETROLEUM,,2022-06,2022-06,2025-07,2025-07,,1828.0,1828.0,318.96,11.76,Ongoing,2024-10
OCMS-N24002046,,N24002046,CONSTRUCTION OF 6 LANE DURG RAIPUR ARANG BYPASS PKG 2 SECTION OF NH 53 FROM CH 44+500 TO CH.92+230 I,NHAI,,PETROLEUM,,2022-06,2022-06,2025-05,2025-05,,1958.94,1958.94,585.16,22.1,Ongoing,2024-10
OCMS-N24002047,,N24002047,6L ACCESS CONTROLLED HIGHWAY FROM JN WITH JAITPUR PUSHTA ROAD TO JN WITH SECTOR 62/65 DIVIDING ROAD,NHAI,,PETROLEUM,,2020-05,2020-05,2023-08,2024-10,,1328.07,2346.0,1087.16,100.0,Ongoing,2024-10
OCMS-N24002048,,N24002048,CONSTRUCTION OF GREENFIELD CONNECTIVITY TO JEWAR INTERNATIONAL AIRPORT FROM DND FARIDABAD BALLABHGAR,NHAI,,PETROLEUM,,2022-07,2022-07,2025-06,2025-06,,2414.67,2898.0,1029.63,27.66,Ongoing,2024-10
OCMS-N24002049,,N24002049,PKG NAME: 4L OF KATHLIGHAT TO SHAKRAL VILLAGE FROM KM 128.835 TO KM 146.300 OF NH- 5 (SHIMLA BYPASS,NHAI,,RAILWAYS,,2022-03,2022-03,2026-04,2026-04,,1703.48,2278.0,651.98,14.5,Ongoing,2024-10
OCMS-N24002050,,N24002050,REHABILITATION AND UPGRADATION TO 4L CONFIGURATION and STRENGTHENING OF SIHUNI TO RAJOL FROM KM 51.0,NHAI,,RAILWAYS,,2022-02,2022-02,2025-09,2025-09,,696.65,698.46,346.53,41.5,Ongoing,2024-10
OCMS-N24002051,,N24002051,CONSTRUCTION OF NEW 2 LANE WITH PAVED SHOULDER OF HAMIRPUR BYPASS (PACKAGE IVA) OF NH-88 (NEW NH-103,NHAI,,RAILWAYS,,2022-07,2022-07,2025-10,2025-10,,739.39,739.39,288.28,54.24,Ongoing,2024-10
OCMS-N24002052,,N24002052,REHABILITATION AND UP- GRADATION OF EXISTING ROAD TO 2L PS FROM END OF HAMIRPUR BYPASS (NEAR CHILBAHA,NHAI,,RAILWAYS,,2022-02,2022-02,2025-04,2025-04,,1146.19,1146.19,889.44,51.11,Ongoing,2024-10
OCMS-N24002053,,N24002053,FOUR LANING OF KHAJURI TO WYNDHAMGANJ FROM KM 219.600 TO KM 260.483 ON NH-75 PKG SEC- V ON HAM,NHAI,,POWER,,2022-04,2022-04,2025-09,2025-09,,1232.0,1400.0,344.6,51.48,Ongoing,2024-10
OCMS-N24002054,,N24002054,FOUR LANING OF BHOGU TO SANKHA FROM KM 147.450 TO KM 196.870 ON NH-75 PKG SEC-III,NHAI,,POWER,,2022-10,2022-10,2025-11,2025-11,,1390.77,1600.0,205.88,54.03,Ongoing,2024-10
OCMS-N24002055,,N24002055,FOUR LANING OF BASUKINATH- DEOGHAR SECTION OF NH-114A FROM KM 85.081 TO KM 130.240 UNDER NHDP PHASE-I,NHAI,,POWER,,2023-03,2023-03,2025-12,2025-12,,1444.94,1444.94,0.0,0.0,Ongoing,2024-10
OCMS-N24002056,,N24002056,BHARATMALA PARIYOJANA OF BOKARO JAINA MORE - GOLA SECTION OF NH-320 FROM KM. 21.110 TO KM. 53.600 IN,NHAI,,POWER,,2020-06,2020-06,2025-06,2025-06,,964.64,964.64,362.33,30.23,Ongoing,2024-10
OCMS-N24002057,,N24002057,FOUR LANING OF MEHGAMA HANSDIHA SECTION OF NH-33 FROM EXISTING KM 41.900 TO 93.000 IN THE STATE OF J,NHAI,,POWER,,2022-12,2022-12,2025-05,2025-05,,1443.77,1443.77,0.0,0.0,Ongoing,2024-10
OCMS-N24002058,,N24002058,ADDITIONAL STRUCTURES ON 6LGURGAON-JAIPUR SECTION OF NH-48 BETWEEN KM 42.700 TO KM 273.00,NHAI,,COAL,,2022-08,2022-08,2024-06,2025-06,,409.64,409.64,191.15,44.8,Ongoing,2024-10
OCMS-N24002059,,N24002059,2L NH-1 FROM KM 8.660 TO KM 33.775 (SUMBAL TO WAYUL) TO 4L DUAL CARRIAGEWAY NH STANDARD AS PART OF S,NHAI,,RAILWAYS,,2022-09,2022-09,2026-06,2026-06,,1183.6,1183.6,125.74,3.63,Ongoing,2024-10
OCMS-N24002060,,N24002060,DELHI AMRITSAR KATRA EXPRESSWAY (PHASE-II PKG XVIII) DEVELOPMENT AND UPGRADATION OF FOUR LANE ACCESS,NHAI,,RAILWAYS,,2023-03,2023-03,2025-11,2025-11,,1107.0,1107.0,77.75,14.25,Ongoing,2024-10
OCMS-N24002061,,N24002061,4/6L ACCESS CONTROL EXPRESSWAY FROM DESIGN CHAINAGE KM 515.000 TO 528.300 (KUNJWANI TO SIDHRA SECTIO,NHAI,,RAILWAYS,,2022-08,2022-08,2025-06,2025-06,,2474.47,2675.93,715.57,20.59,Ongoing,2024-10
OCMS-N24002062,,N24002062,CONSTRUCTION OF 6- LANE BRIDGE AND ITS APPROACHES ACROSS RIVER GANGA AS PART OF PATNA RING ROAD (NH,NHAI,,POWER,,2023-03,2023-03,2027-09,2027-09,,3012.27,3012.27,7.62,0.69,Ongoing,2024-10
OCMS-N24002063,,N24002063,BALANCE WORK - WB-10 (GANDAK BRIDGE) KM 402.00 TO KM 440.00,DEVANPUR - KOTWA,,POWER,,2021-12,2021-12,2024-01,2025-06,,210.05,210.05,100.28,68.58,Ongoing,2024-10
OCMS-N24002064,,N24002064,PERMANENT RECTIFICATION OF 3 NOS. OF BLACK SPOTS IN PROJECT HIGHWAY NH-27 OF U.P BORDER - DEWAPUR,NHAI,,POWER,,2022-12,2022-12,2025-12,2025-12,,381.8,381.8,32.97,16.01,Ongoing,2024-10
OCMS-N24002065,,N24002065,4L GREENFIELD ALIGNMENT OF AMAS TO SHIVRAMPUR FROM 0.000 KM. TO 55.002 KM. OF NH 119 D,PKG-I,,POWER,,2022-02,2022-02,2025-03,2025-03,,1390.92,1390.92,150.71,8.17,Ongoing,2024-10
OCMS-N24002066,,N24002066,4L GREENFIELD ALIGNMENT OF SHIVRAMPUR TO RAMNAGAR FROM KM. 55.002 TO KM. 109.300 OF NH 119 D (PKG-I,NHAI,,POWER,,2022-02,2022-02,2025-07,2025-07,,1494.31,1494.31,38.28,4.59,Ongoing,2024-10
OCMS-N24002067,,N24002067,BALANCE WORK OF 4L OF NAURADEHI SANCTUARY DE- SCOPED STRETCH OF HIRAN RIVER TO SINDOOR RIVER FROM KM.,NHAI,,RAILWAYS,,2021-01,2021-01,2023-07,2024-12,,178.18,178.18,161.64,84.39,Ongoing,2024-10
OCMS-N24002068,,N24002068,CONSTRUCTION OF 4-LANE FROM BARELA TO MANEGAON SECTION OF NH-30 FROM DESIGN CH. 2.900 TO DESIGN CH.,NHAI,,RAILWAYS,,2022-12,2022-12,2025-03,2025-03,,652.33,652.33,253.55,50.95,Ongoing,2024-10
OCMS-N24002069,,N24002069,CONSTRUCTION OF ADDITIONAL 3 LANE WITH PAVED SHOULDER (DESIGN LENGTH 8.87 KM) AS REALIGNMENT OF BAKA,NHAI,,RAILWAYS,,2022-07,2022-07,2024-12,2024-12,,209.29,209.29,125.83,95.1,Ongoing,2024-10
OCMS-N24002070,,N24002070,INDORE - EDLABAD (PKG-II) [TEJAJINAGAR TO BALWARA],NHAI,,RAILWAYS,,2022-01,2022-01,2025-01,2025-01,,1162.8,1162.8,472.07,72.8,Ongoing,2024-10
OCMS-N24002071,,N24002071,4L OF INDORA CHOWK TO PACHPAOLI AND AGRASEN CHOWK - ASHOKA CHOWK,NHAI,,POWER,,2023-03,2023-03,2026-06,2026-06,,998.27,998.27,127.21,16.75,Ongoing,2024-10
OCMS-N24002072,,N24002072,IMPROVEMENT OF EXISTING ALIGNMENT OF PANDHARPUR TOWN PART BYPASSED SECTION FROM WAKHARI TO LORD VITT,NHAI,,POWER,,2022-07,2022-07,2025-10,2025-10,,150.21,150.21,12.74,19.6,Ongoing,2024-10
OCMS-N24002073,,N24002073,GARHMUKTESHWAR (KM. 83.200 OF NH-24) TO MEERUT (KM. 9.860 OF NH-235) INCLUDING CONNECTOR TO NH-119,NHAI,,POWER,,2019-10,2019-10,2023-10,2024-06,,2068.99,2171.0,209.6,47.4,Ongoing,2024-10
OCMS-N24002074,,N24002074,WIDENING/DEVELOPMENT OF EXISTING NH-85 FROM KM 0.000 TO KM 124.636 SECTION TO 2L/@L+PS SECTION IN TH,NHAI,,RAILWAYS,,2022-08,2022-08,2025-06,2025-06,,1231.74,1231.74,112.4,19.4,Ongoing,2024-10
OCMS-N24002075,,N24002075,6L OF JODHPUR ROMANA (BATHINDA) - MANDI DABWALI,PUNJAB HARYANA BORDER,,RAILWAYS,,2020-12,2020-12,2025-08,2025-08,,757.13,757.0,246.51,91.0,Ongoing,2024-10
OCMS-N24002076,,N24002076,6L AMRITSAR-BATHINDA GREENFIELD SECTION FROM JN. WITH BHAGTA BHAI KA-BHADAUR ROAD NEAR DYALPURA BHAI,NHAI,,RAILWAYS,,2021-03,2021-03,2025-10,2025-10,,2029.17,2029.0,84.23,25.0,Ongoing,2024-10
OCMS-N24002077,,N24002077,CONSTRUCTION OF (I) 4-LANE HIGHWAY FROM VIDISHA TO HINOTIYA FROM KM. 0.000 TO KM. 27.000 (LENGTH=27,NHAI,,RAILWAYS,,2022-09,2022-09,2025-12,2025-12,,1000.63,1000.63,135.06,17.5,Ongoing,2024-10
OCMS-N24002078,,N24002078,REHABILITATION AND UP GRADATION FROM 4 TO 8 LANING OF CHANDIKHOLE PARADIP SECTION OF NH 53 FROM KM.,NHAI,,POWER,,2023-12,2023-12,2025-12,2025-12,,711.0,711.0,96.9,20.5,Ongoing,2024-10
OCMS-N24002079,,N24002079,REHABILITATION AND UP GRADATION FROM 4 TO 8 LANING OF CHANDIKHOLE PARADIP SECTION OF NH 53 FROM KM,NHAI,,POWER,,2023-12,2023-12,2025-12,2025-12,,742.25,742.25,146.86,23.01,Ongoing,2024-10
OCMS-N24002080,,N24002080,REHABILITATION AND UP GRADATION FROM 4 TO 8 LANING OF CHANDIKHOLE PARADIP SECTION OF NH 53 FROM KM,NHAI,,POWER,,2023-12,2023-12,2025-12,2025-12,,762.75,762.75,161.57,26.5,Ongoing,2024-10
OCMS-N24002081,,N24002081,3L MAJOR BRIDGE OVER RIVER BRAHMANI AT KM. 401.250 (DUBURI CHANDIKHOLE SECTION) OF NH 200 (NEW NH 5,NHAI,,POWER,,2022-08,2022-08,2025-01,2025-06,,153.61,153.61,14.22,15.6,Ongoing,2024-10
OCMS-N24002082,,N24002082,IMPROVEMENT OF GEOMETRICS OF THONDUPALLY TO KOTHUR FROM KM 22.300 TO KM 34.14 OF NH-44-RCW,NHAI,,RAILWAYS,,2022-02,2022-02,2024-09,2024-09,,541.58,541.58,20.82,0.0,Ongoing,2024-10
OCMS-N24002083,,N24002083,FOUR LANING OF KARIMNAGAR- WARANGAL SECTION OF NH-563 FROM DESIGN CH.48.860 KM NEAR SH-1 CH.170.400 K,NHAI,,RAILWAYS,,2022-03,2022-03,2025-07,2025-07,,2146.86,2413.0,741.05,50.21,Ongoing,2024-10
OCMS-N24002084,,N24002084,4L OF THIRUMANGALAM TO VADUGAPATTI SECTION FROM KM 0.000 TO KM 36.000 OF NH-744,NHAI,,RAILWAYS,,2022-03,2022-03,2025-02,2025-03,,1076.97,1076.97,325.73,64.01,Ongoing,2024-10
OCMS-N24002085,,N24002085,WIDENING OF RAEBARELI TO PRAYAGRAJ SECTION FROM KM. 82.650 TO KM. 161.450 OF NH-30 AND LINK ROAD FRO,NHAI,,POWER,,2023-11,2023-11,2025-03,2025-03,,1470.93,1470.93,69.56,16.37,Ongoing,2024-10
OCMS-N24002086,,N24002086,CONSTRUCTION OF FOUR LANE HIGHWAY FORM GHAZIPUR BALLIA UP BIHAR STATE BORDER (GREENFIELD) SECTION OF,NHAI,,POWER,,2022-10,2022-10,2025-07,2025-07,,1706.47,1706.47,688.34,40.3,Ongoing,2024-10
OCMS-N24002087,,N24002087,CONSTRUCTION OF FOUR LANE HIGHWAY FROM GHAZIPUR BALLIA UP BIHAR STATE BORDER (GREENFIELD) SECTION OF,NHAI,,POWER,,2022-10,2022-10,2025-10,2025-10,,1493.14,1493.14,45.3,21.0,Ongoing,2024-10
OCMS-N24002088,,N24002088,CONSTRUCTION OF FOUR LANE HIGHWAY FROM GHAZIPUR BALLIA UP BIHAR STATE BORDER (GREENFIELD) SECTION OF,NHAI,,POWER,,2022-10,2022-10,2025-08,2025-08,,1493.5,1493.5,474.79,26.28,Ongoing,2024-10
OCMS-N24002089,,N24002089,CONSTRUCTION OF FOUR LANE HIGHWAY FROM GHAZIPUR BALLIA UP BIHAR STATE BORDER GREENFIELD SECTION OF N,NHAI,,POWER,,2022-10,2022-10,2025-06,2025-06,,617.87,617.88,95.37,40.0,Ongoing,2024-10
OCMS-N24002090,,N24002090,CONSTRUCTION OF FOUR-LANE ?WESTERN SIDE SPUR OF RAMPUR-RUDRAPUR SECTION CONNECTING NH-24 TO NH-87 BY,NHAI,,POWER,,2021-03,2021-03,2024-11,2025-04,,646.27,646.27,45.12,20.85,Ongoing,2024-10
OCMS-N24002091,,N24002091,6L ACCESS CONTROLLED LUDHIANA-BATHINDA GREENFIELD HIGHWAY FROM JN. WITH AMRITSAR-BATHANDA GREENFIELD,NHAI,,RAILWAYS,,2021-06,2021-06,2025-09,2025-09,,906.51,906.51,134.05,30.48,Ongoing,2024-10
OCMS-N24002092,,N24002092,6-LANE AMRITSAR-BATHINDA GREENFIELD SECTION OF NH-754A FROM JUNCTION WITH MOGA JALANDHAR ROAD (NH-70,NHAI,,RAILWAYS,,2021-03,2021-03,2025-10,2025-10,,1801.37,1801.37,867.81,20.71,Ongoing,2024-10
OCMS-N24002093,,N24002093,"IMPROVEMENT , UP-GRADATION OF NH-734 SECTION OF MORADABAD - THAKURDWARA - KASHIPUR: ?PACKAGE-I: MORA",NHAI,,POWER,,2022-10,2022-10,2025-09,2025-09,,1841.92,1841.92,219.02,28.2,Ongoing,2024-10
OCMS-N24002094,,N24002094,"IMPROVEMENT AND UP- GRADATION OF EXISTING ROAD TO 4L PS FROM KM 123.650 TO 175.080, FROM START OF SHA",NHAI,,POWER,,2022-09,2022-09,2025-11,2025-11,,1212.26,1212.26,296.13,16.17,Ongoing,2024-10
OCMS-N24002095,,N24002095,FOUR LANING OF SONAULI GORAKHPUR SECTION OF NH 29E (NEW NH 24) FROM DESIGN CH. 0.000 TO DESIGN CH. 7,NHAI,,POWER,,2021-12,2021-12,2025-03,2025-03,,2555.5,2555.5,770.48,36.77,Ongoing,2024-10
OCMS-N24002096,,N24002096,CONSTRUCTION OF 4 LANE GREEN FIELD NORTHERN EAST SIDE GORAKHPUR BYPASS (26.616 KMS) STARTING FROM NH,NHAI,,POWER,,2023-02,2023-02,2026-01,2026-01,,1973.98,1973.98,545.4,23.01,Ongoing,2024-10
OCMS-N24002097,,N24002097,STRENGTHENING OF EXISTING 4L AYODHYA BYPASS SECTION FROM DESIGN KM.121.600 TO KM. 144.020 OF NH 28 (,NHAI,,POWER,,2023-02,2023-02,2025-09,2025-03,,526.45,526.45,139.37,62.1,Ongoing,2024-10
OCMS-N24002098,,N24002098,6L OF AMBALA-CHANDIGARH GREENFIELD SECTION FROM KM. 0.000 TO KM. 25.000 WITH 4L SPUR TO LALRU FROM K,NHAI,,RAILWAYS,,2022-03,2022-03,2025-10,2025-10,,1641.66,1641.66,86.0,31.5,Ongoing,2024-10
OCMS-N24002100,,N24002100,4L OF EXISTING BEAS ? BABA BAKALA - DERA BABA NANAK SECTION FROM START OF BATALA BYPASS TILL INTERSE,NHAI,,RAILWAYS,,2021-10,2021-10,2025-06,2025-06,,1003.38,1003.38,231.73,60.3,Ongoing,2024-10
OCMS-N24002101,,N24002101,4L OF BEAS-MEHTA-BATALA-DERA BABA NANAK FROM INTERSECTION WITH JALANDHAR-AMRITSAR HIGHWAY (NH-3) NEA,NHAI,,RAILWAYS,,2021-08,2021-08,2025-06,2025-06,,809.51,809.51,130.42,36.62,Ongoing,2024-10
OCMS-N24002102,,N24002102,DELHI-AMRITSAR-KATRA EXPRESSWAY (PHASE-I SPUR-I) FROM JN. WITH KAPURTHALA - SULTANPUR LODHI ROAD (NH,NHAI,,RAILWAYS,,2020-01,2020-01,2026-04,2026-04,,2165.23,2165.23,125.28,14.85,Ongoing,2024-10
OCMS-N24002103,,N24002103,COMPLETION OF BALANCE WORKS PENDING IN BIT AND PIECES (INCOMPLETE STRETCH AT 7 LOCATIONS) AND LISTED,NHAI,,POWER,,2022-09,2022-09,2025-01,2025-01,,166.52,166.52,43.74,0.0,Ongoing,2024-10
OCMS-N24002104,,N24002104,CONSTRUCTION OF RING ROAD AROUND KANPUR FROM KM.000 TO KM. 23.325 (CHACHENDI SACHENDI I TO MAHARAJPU,NHAI,,POWER,,2023-01,2023-01,2026-06,2026-06,,1754.0,1754.0,218.15,14.5,Ongoing,2024-10
OCMS-N24002105,,N24002105,CONSTRUCTION OF NEW 4 LANE PRAYAGRAJ SOUTHERN BYPASS (PHASE-I) FROM DESIGN KM 43+200 (AT MAHUWARI VI,NHAI,,POWER,,2023-08,2023-08,2026-06,2026-06,,1378.36,739.0,100.15,15.5,Ongoing,2024-10
OCMS-N24002106,,N24002106,CONSTRUCTION OF NEW 4 LANE PRAYAGRAJ SOUTHERN BYPASS FROM DESIGN KM 50.860 (NABABA URF NIBI KALA UPA,NHAI,,POWER,,2023-08,2023-08,2025-03,2025-03,,993.77,349.48,180.56,55.1,Ongoing,2024-10
OCMS-N24002107,,N24002107,CONSTRUCTION OF NEW DOUBLE TIER 4 LANE ELEVATED CORRIDOR FROM CHENNAI PORT TO MADURAVOYAL IN CHENNAI,NHAI,,RAILWAYS,,2023-03,2023-03,2026-05,2026-05,,1382.0,1382.0,0.0,0.0,Ongoing,2024-10
OCMS-N24002108,,N24002108,CONSTRUCTION OF NEW DOUBLE TIER 4L ELEVATED CORRIDOR FROM CHENNAI PORT TO MADURAVOYAL IN CHENNAI DIS,NHAI,,RAILWAYS,,2023-03,2023-03,2026-05,2026-05,,1618.96,1618.96,0.0,0.0,Ongoing,2024-10
OCMS-N24002109,,N24002109,CONSTRUCTION OF NEW DOUBLE TIER 4L ELEVATED CORRIDOR FROM CHENNAI PORT TO MADURAVOYAL IN CHENNAI DIS,NHAI,,RAILWAYS,,2023-03,2023-03,2026-05,2026-05,,1301.37,1301.37,0.0,0.0,Ongoing,2024-10
OCMS-N24002110,,N24002110,CONSTRUCTION OF NEW DOUBLE TIER 4L ELEVATED CORRIDOR FROM CHENNAI PORT TO MADURAVOYAL IN CHENNAI DIS,NHAI,,RAILWAYS,,2023-03,2023-03,2026-05,2026-05,,1207.4,1207.4,0.0,0.0,Ongoing,2024-10
OCMS-N24002111,,N24002111,FOUR LANING OF MUGAIYUR TO MARAKKANAM SECTION OF NH- 332A FROM KM 31.000 TO KM 62.000,NHAI,,RAILWAYS,,2019-02,2019-02,2025-12,2025-12,,825.94,1116.13,157.89,25.84,Ongoing,2024-10
OCMS-N24002112,,N24002112,SIX LANING OF TUTICORIN PORT ROAD SECTION OF NH-7A (NEW NH- 138) FROM KM 0.000 TO KM 6.140 [EFFECTIVE,NHAI,,RAILWAYS,,2023-03,2023-03,2024-07,2025-01,,200.3,200.3,57.34,67.11,Ongoing,2024-10
OCMS-N24002113,,N24002113,4L OF LEFT-OVER WORKS INCLUDING ADDITIONAL STRUCTURES FROM KERALA/TAMIL NADU BORDER TO KANYAKUMARI S,NHAI,,RAILWAYS,,2023-03,2023-03,2025-08,2025-08,,1141.78,1141.78,197.8,23.72,Ongoing,2024-10
OCMS-N24002114,,N24002114,4L OF VADUGAPATTI TO THERKUVENGANALLUR (RAJAPALYAM) SECTION FROM KM 36.000 TO KM 71.600 OF NH744 UND,NHAI,,RAILWAYS,,2022-02,2022-02,2025-04,2025-04,,1097.59,1317.06,564.93,78.95,Ongoing,2024-10
OCMS-N24002115,,N24002115,CONSTRUCTION OF MARIAHU BYPASS WITH FOUR LANE PAVED SHOULDER CONFIGURATION,KM.53.540 TO KM.59.200,,POWER,,2023-03,2023-03,2025-08,2025-08,,438.24,438.24,169.48,12.0,Ongoing,2024-10
OCMS-N24002116,,N24002116,REHABILITATION AND UPGRADATION FROM KM 51.600 TO KM 75.700 OF NH-321G (NUHKHAS TO ETAH SECTION) TO T,MoRTH,,POWER,,2022-01,2022-01,2025-08,2025-08,,343.54,343.54,46.94,19.0,Ongoing,2024-10
OCMS-N24002117,,N24002117,UPGRADATION OF DHORAJI JAMKANDORNA KALAVAD SECTION OF NH 927D FROM DESIGN CHAINAGE KM 00 TO KM 58.11,MoRTH,,ROAD TRANSPORT AND HIGHWAYS,,2022-10,2022-10,2024-02,2026-02,,246.6,291.0,29.33,15.0,Ongoing,2024-10
OCMS-N24002118,,N24002118,UPGRADATION TO TWO LANE WITH PAVED SHULDER CONFIGUARATION FROM KM 00 TO 47 OF NH 351 MAHUVA TO BADHA,MoRTH,,ROAD TRANSPORT AND HIGHWAYS,,2022-12,2022-12,2024-02,2025-08,,173.06,219.0,0.15,0.0,Ongoing,2024-10
OCMS-N24002119,,N24002119,REHABILITATION AND UPGRADATION TO 2 LANE WITH PAVED SHOULDER FROM DESIGN CHAINAGE KM 162.800 TO KM,BRO,,RAILWAYS,,2022-10,2022-10,2026-01,2026-01,,562.45,562.45,80.79,18.0,Ongoing,2024-10
OCMS-N24002120,,N24002120,CONSTRUCTION OF JASRA BYPASS WITH FOUR LANE PAVED SHOULDER CONFIGURATION FROM KM. 379.670 ON NH-76 (,MoRTH,,POWER,,2023-02,2023-02,2025-09,2025-09,,274.06,274.06,76.74,48.0,Ongoing,2024-10
OCMS-N24002121,,N24002121,IMPROVEMENT AND UP- GRADATION TO TWO LANE WITH PAVED SHOULDER CONFIGURATION FROM EXISTING KM. 420.00,MoRTH,,POWER,,2022-01,2022-01,2025-09,2025-09,,509.65,509.65,135.93,12.0,Ongoing,2024-10
OCMS-N24002122,,N24002122,6L ACCESS CONTROLLED GREENFIELD HIGHWAY FROM NARAYANMPET (CH. 203+500) TO CHANDRASEKHARPURAM (CH. 22,NHAI,,POWER,,2024-02,2024-02,2026-02,2026-02,,813.66,813.66,13.15,3.57,Ongoing,2024-10
OCMS-N24002123,,N24002123,6L ACCESS CONTROLLED GREENFIELD HIGHWAY FROM CHANDRASEKHARAPURAM (CH. 228+000) TO POLAVARAM (CH. 260,NHAI,,POWER,,2024-02,2024-02,2026-02,2026-02,,1292.65,1292.65,51.2,2.68,Ongoing,2024-10
OCMS-N24002124,,N24002124,6L ACCESS CONTROLLED GREENFIELD HIGHWAY FROM POLAVARAM (CH. 260+000) TO MARRIPUDI (CH. 285+500) OF [,NHAI,,POWER,,2024-02,2024-02,2026-02,2026-02,,747.29,747.29,54.66,4.56,Ongoing,2024-10
OCMS-N24002125,,N24002125,6L ACCESS CONTROLLED GREENFIELD HIGHWAY FROM MARRIPUDI (CH. 285+500) TO SOMAVARAPPADU (CH. 314+600),NHAI,,POWER,,2024-02,2024-02,2026-02,2026-02,,976.4,976.4,128.18,18.0,Ongoing,2024-10
OCMS-N24002126,,N24002126,6L ACCESS CONTROLLED GREENFIELD HIGHWAY FROM SOMAVARAPPADU (CH.314.600) TO MUPPAVARAM (CH.343+240) O,NHAI,,POWER,,2024-02,2024-02,2026-02,2026-02,,1103.89,1103.89,54.54,0.0,Ongoing,2024-10
OCMS-N24002127,,N24002127,SILCHAR VAIRENGTE SAIRANG ROAD PKG- 1,NHIDCL,,RAILWAYS,,2023-02,2023-02,2026-07,2026-07,,1256.9,1256.9,320.55,12.96,Ongoing,2024-10
OCMS-N24002128,,N24002128,SILCHAR VAIRENGTE SAIRANG ROAD PKG- 2,NHIDCL,,RAILWAYS,,2023-03,2023-03,2026-08,2026-08,,1716.21,1716.21,744.22,32.05,Ongoing,2024-10
OCMS-N24002129,,N24002129,FOUR LANNING OF BADARPUR BYPASS FROM DESIGN CHAINAGE KM 27+300 AT CROSSING WITH NH-6,NHIDCL,,RAILWAYS,,2023-02,2023-02,2026-08,2026-08,,574.26,574.26,177.78,19.59,Ongoing,2024-10
OCMS-N24002130,,N24002130,TAMENGLONG- MAHUR ROAD PKG-7,NHIDCL,,RAILWAYS,,2023-12,2023-12,2026-03,2026-03,,846.82,846.82,284.84,31.35,Ongoing,2024-10
OCMS-N24002131,,N24002131,UKHRUL TOLOI TADUBI PKG-2,NHIDCL,,RAILWAYS,,2023-03,2023-03,2026-02,2026-03,,578.98,578.98,68.3,34.04,Ongoing,2024-10
OCMS-N24002132,,N24002132,4 LANE WITH PAVED SHOULDER AGARTALA BYPASS (WESTERN SIDE) CONNECTING NH- 8,NHIDCL,,PETROLEUM,,2023-03,2023-03,2027-03,2027-03,,2026.05,2026.05,0.0,1.45,Ongoing,2024-10
OCMS-N24002133,,N24002133,IMPROVEMENT OF 2 LANE WITH PAVED SHOULDER OF STRETCH FROM BIKRAMGANJ DAWATH MELAYABAGH NAWANAGR -DUM,MoRTH,,POWER,,2021-03,2021-03,2025-03,2025-06,,178.63,178.63,54.73,46.0,Ongoing,2024-10
OCMS-N24002134,,N24002134,REHABILITATION AND UP- GRADATION FROM KM. 0.000 TO KM. 40.390 OF NH-730S (MAHARAJGANJ ? NICHLOUL ? TH,MoRTH,,POWER,,2023-03,2023-03,2025-12,2025-12,,809.25,809.25,152.15,0.0,Ongoing,2024-10
OCMS-N24002135,,N24002135,WIDENING AND STRENGTHENLNG TO 2L+PS FROM KM 0.000 TO 40.000,DHAUGAON- PODAMARI SECTION,,POWER,,2022-03,2022-03,2026-02,2026-02,,186.52,186.52,22.06,0.0,Ongoing,2024-10
OCMS-N24002136,,N24002136,WIDENING AND STRENGTHENING TO 4L+PS/2L+PS FROM KM 0.000 TO 35.800 (KUAKHIA - MANGALPUR SECTION) OF N,MoRTH,,POWER,,2022-03,2022-03,2026-02,2026-02,,636.1,636.1,188.5,16.66,Ongoing,2024-10
OCMS-N24002137,,N24002137,STRENGTHENING OF 6-LANE PIMPALGAON-NASHIK-GONDE (KM. 380 - KM. 440) SECTION OF NH-3 IN MAHARASHTRA U,NHAI,,POWER,,2024-02,2024-02,2025-03,2025-03,,175.0,175.0,83.42,44.0,Ongoing,2024-10
OCMS-N24002138,,N24002138,CONSTRUCTION OF FOUR LANE HIGHWAY WITH PAVED SHOULDER FROM KM.74.700 TO KM.112.950 OF NH-731A (I/C Y,MoRTH,,POWER,,2022-03,2022-03,2026-06,2026-06,,1141.67,1141.67,216.82,7.0,Ongoing,2024-10
OCMS-N24002139,,N24002139,4-LANE WITH PAVED SHOULDERS FROM KM 32/0 TO KM 79/650 (DESIGN CHAINAGE KM 32+000 TO KM 78+760) PUTTA,MoRTH,,POWER,,2023-03,2023-03,2025-12,2025-11,,1318.57,1318.57,284.28,35.0,Ongoing,2024-10
OCMS-N24002140,,N24002140,SOMAYAJULAPALLI ? DHONE SECTION OF NH ? 340B FROM KM.0/0 TO 56/200 [DESIGN CH. KM 0/00 TO KM 53/33],MoRTH,,POWER,,2023-04,2023-04,2025-12,2025-12,,629.73,629.73,205.1,42.0,Ongoing,2024-10
OCMS-N24002141,,N24002141,2 LANE WITH PAVED SHOULDER CONFIGURATION FROM SEETHARAMAPURAM TO DUTTALURU SECTION OF NH-167 BG FROM,MoRTH,,POWER,,2023-06,2023-06,2025-07,2025-07,,364.07,364.07,151.37,72.0,Ongoing,2024-10
OCMS-N24002142,,N24002142,2-LANE WITH PAVED SHOULDER CONFIGURATION OF LAMBASINGI TO PADERU SECTION (KM 205+000 TO KM 253+974),MoRTH,,POWER,,2023-08,2023-08,2025-11,2025-11,,361.24,361.24,24.93,9.11,Ongoing,2024-10
OCMS-N24002143,,N24002143,BYPASS ROAD TO ADONI TOWN CONNECTING NH-167 (HAGARI - JADCHARLA ROAD) FROM KM.62/700 TO 71/400 IN KU,MoRTH,,POWER,,2023-08,2023-08,2026-02,2026-02,,361.24,361.24,37.08,23.0,Ongoing,2024-10
OCMS-N24002144,,N24002144,VODAREVU-CHILAKALURIPET SECTION (DESIGN CHAINAGE 0+00 TO 47+000) OF NH-167A (PACKAGE- I),MoRTH,,POWER,,2023-08,2023-08,2026-02,2026-02,,1064.24,1064.24,255.03,21.0,Ongoing,2024-10
OCMS-N24002145,,N24002145,TADIPATRI BYPASS (KM 0+000 TO KM 6+285) OF 4-LANE ON NH-67 IN ANANTAPURAMU,MoRTH,,POWER,,2023-11,2023-11,2026-03,2026-03,,159.66,159.66,50.76,48.0,Ongoing,2024-10
OCMS-N24002146,,N24002146,KURNOOL/KADAPA BORDER- JAMMALAMADUGU SECTION OF NH- 167K I.E. DESIGN CH. KM 248+010 TO KM 269+900,MoRTH,,POWER,,2023-11,2023-11,2025-11,2025-11,,292.63,292.63,6.0,0.0,Ongoing,2024-10
OCMS-N24002147,,N24002147,DORNALA TO KUNTA JUNCTION FROM DESIGN CHAINAGE KM 244+000 TO 267+990 SECTION OF NH-765 (PACKAGE-2),MoRTH,,POWER,,2022-12,2022-12,2024-01,2026-03,,244.83,244.83,35.33,14.35,Ongoing,2024-10
OCMS-N24002148,,N24002148,PADERU BYPASS (KM 0+000 TO KM 13+000) OF 2- LANE WITH PAVED SHOULDER ON NH-516E,MoRTH,,POWER,,2023-03,2023-03,2024-03,2026-02,,244.43,244.43,8.72,0.0,Ongoing,2024-10
OCMS-N24002149,,N24002149,DAVUALAPALLY TO MALLAPALEM SECTION {DESIGN CH. KM 133+922 TO KM 154+216 (EXISTING CH. KM 133+922 TO,MoRTH,,POWER,,2024-01,2024-01,2024-02,2026-02,,393.61,393.61,41.66,0.0,Ongoing,2024-10
OCMS-N24002150,,N24002150,CONSTRUCTION OF BALRAMPUR BYPASS WITH 2L FLEXIBLE PAVEMENT CONFIGURATION FROM KM.223.000 OF NH-330 T,MoRTH,,POWER,,2022-12,2022-12,2026-02,2026-02,,515.69,515.69,120.11,0.0,Ongoing,2024-10
OCMS-N24002151,,N24002151,WIDENING TO 4L/4L+PS AND STRENGTHENING IN SELECTED STRETCHES FROM KM 0/8 TO 50/570 OF NH 532 INCLUD,MoRTH,,RAILWAYS,,2022-03,2022-03,2024-01,2025-07,,257.14,294.7,111.53,30.0,Ongoing,2024-10
OCMS-N24002152,,N24002152,WIDENING FROM 2L+PS TO 4L/4L+PS AND IMPROVEMENTS THE SELECTED STRETHCES FROM KM 26/5 - 81/2 INCLU,MoRTH,,RAILWAYS,,2023-03,2023-03,2023-11,2025-11,,274.84,274.84,165.73,58.0,Ongoing,2024-10
OCMS-N24002153,,N24002153,"STRENGTHENING OF 2L+PS FROM KM 17/8 ? 18/2, CONSTRUCTION OF 2L+PS FROM KM 18/2 TO KM 20/0 AND CONSTR",MoRTH,,RAILWAYS,,2023-03,2023-03,2024-02,2025-08,,169.68,169.68,53.13,35.0,Ongoing,2024-10
OCMS-N24002154,,N24002154,CONSTRUCTION OF 4-LANE PANCHGRAM BYPASS FROM DESIGN CHAINAGE KM 15+500 ON NH-37 (OLD NH-53) AT KALIN,NHIDCL,,RAILWAYS,,2023-03,2023-03,2027-02,2027-02,,728.97,728.97,91.62,0.0,Ongoing,2024-10
OCMS-N24002155,,N24002155,WIDENING/IMPROVEMENT TO 4-LANE WITH PAVED SHOULDER FROM KM 55+000 (NAGABANG GAMSUK) TO KM 82+514 (OY,NHIDCL,,RAILWAYS,,2023-03,2023-03,2027-03,2027-03,,665.47,665.47,73.01,0.0,Ongoing,2024-10
OCMS-N24002156,,N24002156,CONSTRUCTION OF 2-LANE WITH PAVED SHOULDER OF SHILLONG WESTERN BYPASS STARTING FROM NH-06 NEAR LADUM,NHIDCL,,DONER,,2023-03,2023-03,2026-09,2026-09,,620.3,620.3,168.64,0.0,Ongoing,2024-10
OCMS-N24002157,,N24002157,SHILLONG WESTERN BYPASS PACKAGE-2,NHIDCL,,DONER,,2023-03,2023-03,2026-09,2026-09,,686.0,686.0,241.74,0.0,Ongoing,2024-10
OCMS-N24002158,,N24002158,CONSTRUCTION OF 2-LANE WITH PAVED SHOULDERS OF SHILLONG WESTERN BYPASS STARTING FROM NH-06 NEAR LADU,NHIDCL,,DONER,,2023-03,2023-03,2026-09,2026-09,,562.48,562.48,263.14,0.0,Ongoing,2024-10
OCMS-N24002159,,N24002159,REHABILITATION AND UP-GRADATION OF ROAD FROM DESIGN KM 25.250 TO KM 36.460 (TOTAL LENGH: 11.210 KM),NHIDCL,,PETROLEUM,,2020-02,2020-02,2026-03,2026-03,,174.43,174.43,0.0,0.02,Ongoing,2024-10
OCMS-N24002160,,N24002160,IMPROVEMENT AND WIDENING TO 2-LANE WITH PAVED SHOULDER OF ROAD FROM KM 101.300 TO KM 127.319 (TOTAL,NHIDCL,,PETROLEUM,,2024-01,2024-01,2026-07,2026-07,,431.78,431.78,0.0,0.54,Ongoing,2024-10
OCMS-N24002161,,N24002161,KHOWAI ?TELIAMURA-AMARPUR-HARINA- SABROOM PACKAGE-2,NHIDCL,,PETROLEUM,,2024-01,2024-01,2026-09,2026-09,,657.21,657.21,8.31,5.0,Ongoing,2024-10
OCMS-N24002162,,N24002162,KHOWAI ?TELIAMURA-AMARPUR-HARINA- SABROOM PACKAGE-3,NHIDCL,,PETROLEUM,,2024-01,2024-01,2026-09,2026-09,,670.9,670.9,0.0,0.0,Ongoing,2024-10
OCMS-N24002163,,N24002163,CONSTRUCTION FOR MITIGATION MEASURES KM 368.00- UTTARAKHAND-TO KM 433.00 ON NH-07-PKG-1,NHIDCL,,RAILWAYS,,2023-12,2023-12,2025-12,2025-12,,216.88,216.88,0.0,5.0,Ongoing,2024-10
OCMS-N24002164,,N24002164,CONSTRUCTION FOR MITIGATION MEASURES KM 450.00- UTTARAKHAND-TO KM 468.00 ON NH-07-PKG-3,NHIDCL,,RAILWAYS,,2023-12,2023-12,2025-12,2025-12,,250.33,250.33,0.0,5.0,Ongoing,2024-10
OCMS-N24002165,,N24002165,CONSTRUCTION OF BYPASS TO MADURAI - ACHAMBATHU - VIRATIPATHU IN KM 6/850 - 10/382 OF NH 49 EXTN. (NE,MoRTH,,RAILWAYS,,2022-03,2022-03,2026-08,2026-08,,238.97,238.97,34.51,5.0,Ongoing,2024-10
OCMS-N24002166,,N24002166,FOUR LANING OF RAGHOGARH (DESIGN CH.29.300/EXISTING CH. 29.555) TO NANASA (DESIGN CH.92.971/EXISTING,NHAI,,RAILWAYS,,2024-03,2024-03,2026-03,2026-03,,799.2,799.2,195.31,10.04,Ongoing,2024-10
OCMS-N24002167,,N24002167,UPGRADATION TO 2 LANE WITH PAVED SHOULDER OF HANUMANGARH TO KENCHIYAN OF NH 54 ON EPC MODE IN THE ST,MoRTH,,COAL,,2024-03,2024-03,2026-10,2026-10,,334.64,334.64,0.0,0.0,Ongoing,2024-10
OCMS-N24002168,,N24002168,UPGRADATION TO 2 LANE WITH PAVED SHOULDER FROM NEECHLI ODEN (NATHDWARA) AT DESIGN KM 88.800 TO BHATE,MoRTH,,COAL,,2023-03,2023-03,2026-10,2026-10,,606.61,606.61,0.0,0.0,Ongoing,2024-10
OCMS-N24002169,,N24002169,REHABILITATION/UPGRADATION OF EXISTING HIGHWAY TO 2L+PS/4 LANE OF DHAWALI TO RAJOLI FROM DESIGN KM.1,MoRTH,,POWER,,2022-03,2022-03,2025-09,2025-09,,316.44,316.44,0.0,0.0,Ongoing,2024-10
OCMS-N24002170,,N24002170,REHABILITATION/ UPGRADATION OF EXISTING HIGHWAY TO FOUR LANE STANDARDS IN KURKHEDA TOWN FROM (KM.413,MoRTH,,POWER,,2022-03,2022-03,2025-05,2025-05,,163.86,163.86,0.0,0.0,Ongoing,2024-10
OCMS-N24002171,,N24002171,REHABILITATION & UP-GRADATION FOR TALERE A?? GAGANBAWDAA?? KOLHAPUR ROAD (NH-166G) STRETCHES START F,MoRTH,,POWER,,2023-02,2023-02,2025-04,2025-04,,249.13,249.13,0.0,0.0,Ongoing,2024-10
OCMS-N24002172,,N24002172,"UP-GRADATION TO 4 LANE CONFIGURATION FOR THE WORK OF PETH NAKA TO SANGLI ROAD, NH-166H, FROM KM 0+00",MoRTH,,POWER,,2023-02,2023-02,2025-12,2025-12,,856.82,856.82,0.0,0.0,Ongoing,2024-10
OCMS-N24002173,,N24002173,REHABILITATION AND UP- GRADATION TO 2 LANE WITH PAVED SHOULDER CONFIGURATION OF MAHUD SANGOLA ROAD NH,MoRTH,,POWER,,2023-02,2023-02,2025-04,2025-04,,253.78,253.78,0.0,0.0,Ongoing,2024-10
OCMS-N24002174,,N24002174,UP-GRADATION TO FOUR LANE/ TWO LANE WITH PAVED SHOULDERS CONFIGURATION OF KALYAN - MURBAD - MALSHEJ,MoRTH,,POWER,,2023-02,2023-02,2026-08,2026-08,,984.07,984.07,0.0,0.0,Ongoing,2024-10
OCMS-N24002175,,N24002175,CONSTRUCTION OF FOUR-LANE CONCRETE ROAD FROM POLICE HEADQUARTER GONDIA CITY TO RAWANWADI VILLAGE (BI,MoRTH,,POWER,,2023-02,2023-02,2025-08,2025-08,,328.11,328.11,0.0,0.0,Ongoing,2024-10
OCMS-N24002176,,N24002176,REHABILITATION/UP GRADATION OF KARANJA ? KHERDA - MURTIZAPUR SECTION TO 4LANE+PAVED SHOULDER STANDA,MoRTH,,POWER,,2023-03,2023-03,2026-02,2026-02,,594.44,594.44,0.0,0.0,Ongoing,2024-10
OCMS-N24002177,,N24002177,REHABILITATION / UPGRADATION TO 4 LANE WITH PAVED SHOULDER OF EXISTING SECTION IN SILLOD TOWN WITH D,MoRTH,,POWER,,2023-03,2023-03,2025-07,2025-07,,153.79,153.79,0.0,0.0,Ongoing,2024-10
OCMS-N24002178,,N24002178,"REHABILITATION, UPGRADATION & WIDENING OF EXISTING HIGHWAY TO RIGID PAVEMENT 2 LANE WITH PAVED SHOUL",MoRTH,,POWER,,2023-02,2023-02,2026-07,2026-07,,723.13,723.13,0.0,0.0,Ongoing,2024-10
OCMS-N24002179,,N24002179,CONSTRUCTION OF 4 LANE WITH PAVED SHOULDER (PATTAN BYPASS) GREENFIELD BYPASS FROM EXISTING CH. KM 24,BRO,,RAILWAYS,,2023-03,2023-03,2026-07,2026-07,,980.21,980.21,222.74,5.0,Ongoing,2024-10
OCMS-N24002180,,N24002180,REHABILITATION AND UPGRADATION TO 2 LANE WITH PAVED SHOULDER FROM EXISTING CHAINAGE KM 166.100 TO KM,BRO,,RAILWAYS,,2021-09,2021-09,2026-07,2026-07,,734.64,734.64,19.6,8.0,Ongoing,2024-10
OCMS-N24002181,,N24002181,CONSTRUCTION OF SIX LANE ELEVATED CORRIDOR FROM KM. 508.000 TO KM. 513.150 INCLUDING APPROACHES ON N,MoRTH,,ROAD TRANSPORT AND HIGHWAYS,,2023-04,2023-04,2026-04,2026-04,,641.46,641.46,0.0,0.0,Ongoing,2024-10
OCMS-N24002182,,N24002182,WORK OF DEVELOPMENT AND CONSTRUCTION OF ELEVATED CORRIDORFROM KM 38/660 TO KM 42/690 (ISCON JUNCTION,MoRTH,,ROAD TRANSPORT AND HIGHWAYS,,2023-03,2023-03,2026-03,2026-03,,530.2,530.2,0.0,0.0,Ongoing,2024-10
OCMS-N24002183,,N24002183,"WIDENING 2 LANE TO 4-LANE FROM KM 92/320 TO KM 115/320 (VAV CHOKDI-SATLASANA TO TO VRUNDAVAN CHOKDI,",MoRTH,,ROAD TRANSPORT AND HIGHWAYS,,2022-03,2022-03,2026-03,2026-03,,151.13,171.0,0.0,0.0,Ongoing,2024-10
OCMS-N24002184,,N24002184,CONSTRUCTION OR 4 LANE RANIGANJ BYPASS OF LENGTH 5 261 KM ON NH 60 NEW NH 14 FROM KM 273 00 OF NH,MoRTH,,POWER,,2023-03,2023-03,2026-03,2026-03,,410.83,410.83,92.21,6.5,Ongoing,2024-10
OCMS-N24002185,,N24002185,CONSTRUCTION OF 2 LANE WITH PAVED SHOULDERS (BARAMULLA BYPASS) GREENFIELD BYPASS FROM EXISTING CH. K,BRO,,RAILWAYS,,2023-03,2023-03,2026-09,2026-09,,992.43,992.43,315.99,0.0,Ongoing,2024-10
OCMS-N24002186,,N24002186,WIDENING TO 2 LANE WITH PAVED SHOULDERS FROM DESIGN KM 103.200 (EXISTING KM 103.200) TO DESIGN KM 11,MoRTH,,POWER,,2024-03,2024-03,2025-09,2025-09,,166.58,166.58,3.62,0.0,Ongoing,2024-10
OCMS-N24002187,,N24002187,CONSTRUCTION OF 2 LANE WITH PAVED SHOULDER FROM KM 55.6 TO KM 90.7 (EXISTING CHAINAGES) OF NH-766C (,MoRTH,,POWER,,2024-02,2024-02,2026-02,2026-02,,313.56,313.56,53.65,0.0,Ongoing,2024-10
OCMS-N24002188,,N24002188,WIDENING TO 2L+PS FROM KM 71.00 TO 104.00 (EXISTING CHAINAGES) (SARJAPUR TO PATTADKALLU) ON BHANAPUR,MoRTH,,POWER,,2024-03,2024-03,2026-03,2026-03,,445.62,445.62,33.24,0.0,Ongoing,2024-10
OCMS-N24002189,,N24002189,WIDENING TO TWO LANE WITH PAVED SHOULDERS FROM KM 0.00 (DESIGN CHAINAGE 0.00) TO KM 23.338 (DESIGN C,MoRTH,,POWER,,2024-09,2024-09,2026-03,2026-03,,196.05,196.05,2.34,0.0,Ongoing,2024-10
OCMS-N24002190,,N24002190,CONSTRUCTION OF 4-LANE ACCESS CONTROLLED GREENFIELD HIGHWAY SECTION ON NH-163G (KHAMMAM- VIJAYAWADA),NHAI,,RAILWAYS,,2023-03,2023-03,2026-08,2026-08,,983.0,983.0,0.0,0.0,Ongoing,2024-10
OCMS-N25000072,,N25000072,JAL MARG VIKAS PROJECT,IWAI,,SHIPPING AND,,2018-01,2018-01,2023-03,2025-12,,5369.18,5061.15,3115.95,61.79,Ongoing,2024-10
OCMS-N26000114,,N26000114,PHASE-I OF CONSOLIDATION OF EXISTING CDR DATA CENTERS AND NIB-P3 DATA CENTERS WITH STATE OF THE ART,BSNL,,TELECOMMUNI,,2020-03,2020-03,2021-06,2024-12,,461.42,461.42,159.98,81.0,Ongoing,2024-10
OCMS-N26000115,,N26000115,SUPER EDGE ROUTERS FOR BSNL INTERNET PROTOCOL - MULTI PROTOCOL LEBEL SWITCHING (IPMPLS) NETWORK and,BSNL,,CATIONS,,2023-03,2023-03,2024-03,2024-12,,239.6,239.6,169.1,100.0,Ongoing,2024-10
OCMS-N26000116,,N26000116,MPLS-IP BASED ACCESS AND AGGREGATION NETWORK (MAAN) IN BSNL ALONG WITH TEST AND MEASURING EQUIPMENT,BSNL,,CATIONS,,2023-05,2023-05,2024-08,2024-11,,645.13,645.13,263.8,75.33,Ongoing,2024-10
OCMS-N26000117,,N26000117,PLANNIN ENGINEERING SUPPLY INSTALLATION TESTING COMMISSIONING INTEGARTION and ANNUAL MAINTENANCE OF,BSNL,,CATIONS,,2023-06,2023-06,2025-06,2025-06,,24556.35,24544.55,3711.06,50.71,Ongoing,2024-10
OCMS-N26000118,,N26000118,OPTICAL TRANSPORT NETWORK (OTN) PH-4 IN BSNL,BSNL,,CATIONS,,2024-02,2024-02,2025-08,2025-08,,810.99,810.99,274.0,27.42,Ongoing,2024-10
OCMS-N28000056,,N28000056,DELHI MRTS PHASE-III,DMRC,,URBAN DEVELOPMENT,,2011-09,2011-09,2016-03,2021-08,,38585.0,40180.91,40535.62,99.99,Ongoing,2024-10
OCMS-N28000058,,N28000058,BANGALORE METRO RAIL PROJECT PHASE-2,BMRCL,,URBAN DEVELOPMENT,,2014-02,2014-02,2021-02,2025-03,,26405.14,26405.14,20936.29,89.0,Ongoing,2024-10
OCMS-N28000067,,N28000067,2000 BOYS HOSTEL(1000 DOUBLE BEDDED ROOM) AT ISM DHANBAD,CPWD EDUCATION,,DEPARTMENT OF HIGHER EDUCATION,,2012-09,2012-09,2016-03,2016-03,,171.86,171.86,175.3,0.0,Ongoing,2024-10
OCMS-N28000071,,N28000071,ESTABLISHMENT OF CENTRAL ARMED POLICE FORCE INSTITUTE OF MEDICAL SCIENCES(CAPFIMS) AT NEW DELHI,CPWD FOR MHA,,FINANCE,,2013-10,2013-10,2019-10,2024-09,,1219.21,2091.53,1916.06,100.0,Ongoing,2024-10
OCMS-N28000081,,N28000081,KOCHI METRO RAIL PROJECT,KMRCL,,URBAN DEVELOPMENT,,2012-07,2012-07,2017-07,2020-09,,5181.79,6218.14,6059.17,100.0,Ongoing,2024-10
OCMS-N28000084,,N28000084,CHENNAI METRO RAIL LTD (PHASE 1),CMRL,,URBAN DEVELOPMENT,,2009-02,2009-02,2015-12,2015-12,,14600.0,18380.0,17619.68,100.0,Ongoing,2024-10
OCMS-N28000086,,N28000086,MUMBAI METRO LINE 3 (COLABA- BANDRA-SEEPZ),MMRCL,,URBAN DEVELOPMENT,,2013-07,2013-07,2020-03,2023-12,,23136.0,37276.0,23687.33,87.2,Ongoing,2024-10
OCMS-N28000097,,N28000097,CHENNAI METRO RAIL LTD (PHASE 1 EXT),CMRL,,URBAN DEVELOPMENT,,2016-06,2016-06,2018-03,2021-02,,3770.0,3770.0,2527.73,100.0,Ongoing,2024-10
OCMS-N28000098,,N28000098,ESTABLISHMENT OF NATIONAL ANIMAL RESOURCE FACILITY FOR BIOMEDICAL RESEARCH AT HYDERABAD,CPWD FOR HEALTH,,HEALTH AND FAMILY WELFARE,,2016-10,2016-10,2020-03,2025-01,,209.84,281.05,251.51,97.5,Ongoing,2024-10
OCMS-N28000100,,N28000100,CONSTRUCTION OF ACADEMIC AND RESIDENTIAL COMPLEX UNDER PHASE-II FOR THE CAMPUS OF IIT PATNA,CPWD EDUCATION,,DEPARTMENT OF HIGHER EDUCATION,,2016-02,2016-02,2017-06,2024-01,,496.18,460.0,436.15,100.0,Ongoing,2024-10
OCMS-N28000104,,N28000104,NSG AT KOLKATA,CPWD FOR MHA,,HOME AFFAIRS,,2014-10,2014-10,2018-04,2024-12,,162.88,210.83,187.06,88.5,Ongoing,2024-10
OCMS-N28000105,,N28000105,REDEVELOPMENT OF GPRA COLONY AT NAUROJI NAGAR,NBCC,,URBAN DEVELOPMENT,,2016-07,2016-07,,2024-10,,2694.0,2694.0,2402.68,98.0,Ongoing,2024-10
OCMS-N28000109,,N28000109,CONSTRUCTION OF 726 Nos RESIDENTIAL QUARTERS CHENNAI,CPWD FOR FINANC,,FINANCE,,2017-11,2017-11,2021-11,2022-11,,348.77,348.77,223.39,100.0,Ongoing,2024-10
OCMS-N28000112,,N28000112,C/O NEW HOSPITAL BLOCK FOR SREE CHITRA TIRUNAL INSTITIUTE OF MEDICAL SCIENCE AND TECHNOLOGY (SCTIMST,CPWD FOR HEALTH,,HEALTH AND FAMILY WELFARE,,2017-09,2017-09,2020-03,2024-09,,150.29,162.0,149.49,100.0,Ongoing,2024-10
OCMS-N28000115,,N28000115,SETTING UP PHYSICAL INFRASTRUCTURE FOR THE NATIONAL INSTITUTE OF COMMUNICATION FINANCE(NICF) AT GHIT,CPWD FOR TELECO,,TELECOMMUNI,,2014-10,2014-10,2018-03,2025-03,,248.2,248.2,224.32,98.0,Ongoing,2024-10
OCMS-N28000117,,N28000117,"CONSTRUCTION OF IITB RESEARCH PARK AT IIT BOMBAY, POWAI, MUMBAI",CPWD EDUCATION,,DEPARTMENT OF HIGHER EDUCATION,,2018-01,2018-01,2020-07,2024-02,,223.37,230.0,141.16,100.0,Ongoing,2024-10
OCMS-N28000121,,N28000121,PUNE METRO RAIL PROJECT,PHASE 1,,URBAN DEVELOPMENT,,2016-12,2016-12,2021-11,2024-09,,11420.0,13656.22,12735.4,100.0,Ongoing,2024-10
OCMS-N28000122,,N28000122,AHMEDABAD METRO RAIL PROJECT PHASE 1,MEGA,,URBAN DEVELOPMENT,,2014-11,2014-11,2018-12,2025-03,,10773.0,12924.55,12364.3,99.8,Ongoing,2024-10
OCMS-N28000124,,N28000124,BHOPAL METRO RAIL,MPMRCL,,URBAN DEVELOPMENT,,2018-11,2018-11,2023-02,2028-06,,6941.4,6941.4,2474.71,32.68,Ongoing,2024-10
OCMS-N28000125,,N28000125,INDORE METRO RAIL,MPMRCL,,URBAN DEVELOPMENT,,2018-11,2018-11,2023-02,2028-12,,7500.8,7500.8,3244.68,48.19,Ongoing,2024-10
OCMS-N28000126,,N28000126,INDIAN INSTITUTE OF SCIENCE EDUCATION AND RESEARCH BERHAMPUR,CPWD EDUCATION,,DEPARTMENT OF HIGHER EDUCATION,,2019-01,2019-01,2022-03,2025-02,,790.79,790.79,674.84,94.0,Ongoing,2024-10
OCMS-N28000127,,N28000127,CONSTRUCTION OF 300 BEDDED HOSPITAL AND TEACHING BLOCK IN DR YS PARMAR GMC AT NAHAN HIMACHAL PRADESH,CPWD FOR HEALTH,,HEALTH AND FAMILY WELFARE,,2018-12,2018-12,2021-06,2026-08,,260.0,371.78,46.24,7.0,Ongoing,2024-10
OCMS-N28000128,,N28000128,REDEVELOPMENT OF GENERAL POOL RESIDENTIAL COLONY AT SRINIWASPURI NEW DELHI PHASE- I,CPWD,,URBAN DEVELOPMENT,,2016-10,2016-10,2021-07,2024-06,,1180.0,1100.8,36.69,2.0,Ongoing,2024-10
OCMS-N28000129,,N28000129,REDEVELOPMENT OF GPRA AT KASTURBA NAGAR PHASE I,CPWD,,URBAN DEVELOPMENT,,2016-10,2016-10,2022-03,2024-06,,1128.0,1128.0,576.45,48.0,Ongoing,2024-10
OCMS-N28000130,,N28000130,CONSTRUCTION OF PERMANENT CAMPUS OF IIM JAMMU (PHASE 1),CPWD EDUCATION,,DEPARTMENT OF HIGHER EDUCATION,,2019-03,2019-03,2022-07,2024-08,,424.93,500.91,467.62,98.0,Ongoing,2024-10
OCMS-N28000131,,N28000131,CONSTRUCTION OF PERMANENT CAMPUS IIT JAMMU (PHASE 1C),CPWD EDUCATION,,DEPARTMENT OF HIGHER EDUCATION,,2018-01,2018-01,2023-04,2024-09,,676.0,1144.68,64.75,98.5,Ongoing,2024-10
OCMS-N28000134,,N28000134,DELHI GHAZIABAD MEERUT RRTS CORRIDOR,NCRTC,,URBAN DEVELOPMENT,,2019-03,2019-03,2025-06,2025-06,,30274.0,30274.0,22955.39,80.8,Ongoing,2024-10
OCMS-N28000135,,N28000135,DELHI METRO PHASE IV THREE PRIORITY CORRIDORS,DMRC,,URBAN DEVELOPMENT,,2019-07,2019-07,2025-03,2026-03,,24948.65,24948.65,13503.45,56.0,Ongoing,2024-10
OCMS-N28000136,,N28000136,DELHI METRO RAIL EXTENSION FROM NAJAFGARH TO DHANSA BUS STAND,DMRC,,URBAN DEVELOPMENT,,2017-05,2017-05,2020-12,2022-11,,565.0,565.0,522.33,100.0,Ongoing,2024-10
OCMS-N28000137,,N28000137,AHMEDABAD METRO RAIL PROJECT PHASE II,MEGA,,URBAN DEVELOPMENT,,2019-03,2019-03,2024-03,2025-06,,5384.17,5384.17,3510.54,75.05,Ongoing,2024-10
OCMS-N28000138,,N28000138,SURAT METRO RAIL PROJECT,MEGA,,URBAN DEVELOPMENT,,2019-03,2019-03,2024-03,2025-10,,12020.32,12020.32,5701.41,55.3,Ongoing,2024-10
OCMS-N28000140,,N28000140,"C/O PERMANENT CAMPUS OF IIT PALAKKAD PHASE IA AT PUDESSERY VILLAGE,KANJIKODE WEST, DISTRICT PALAKKA",CPWD EDUCATION,,DEPARTMENT OF HIGHER EDUCATION,,2019-07,2019-07,2021-03,2025-11,,753.63,753.63,412.37,66.0,Ongoing,2024-10
OCMS-N28000141,,N28000141,"C/O PERMANENT CAMPUS OF IIT BHILAI AT KUTHELABHATA, DURG CHHATTISGARH, STAGE I PHASE I.",CPWD EDUCATION,,DEPARTMENT OF HIGHER EDUCATION,,2020-03,2020-03,2022-07,2022-07,,808.62,808.62,640.7,99.2,Ongoing,2024-10
OCMS-N28000142,,N28000142,"CONSTRUCTION OF PERMANENT CAMPUS OF INDIAN INSTITUTE OF MANAGEMENT (IIM) AMRITSAR, PUNJAB.",CPWD EDUCATION,,DEPARTMENT OF HIGHER EDUCATION,,2019-10,2019-10,2022-05,2024-12,,348.24,348.24,275.88,88.0,Ongoing,2024-10
OCMS-N28000144,,N28000144,KANPUR METRO RAIL PROJECT,LMRCL,,URBAN DEVELOPMENT,,2019-05,2019-05,2024-03,2026-06,,11076.48,11076.48,7845.03,66.8,Ongoing,2024-10
OCMS-N28000145,,N28000145,AGRA METRO RAIL PROJECT,LMRCL,,URBAN DEVELOPMENT,,2019-05,2019-05,2024-03,2025-12,,8379.62,8379.62,4101.5,44.6,Ongoing,2024-10
OCMS-N28000146,,N28000146,CONSTRUCTION OF TWO NOS GIRLS HOSTELS AND ONE NO BOYS HOSTEL OF 500 CAPACITY EACH G PLUS 8 STOREYED,CPWD EDUCATION,,DEPARTMENT OF HIGHER EDUCATION,,2020-03,2020-03,2020-06,2024-05,,193.83,193.83,185.75,99.0,Ongoing,2024-10
OCMS-N28000147,,N28000147,"C/o separate family accommodation (Phase-I) on EPC basis for SSB at Faridabad (Haryana)""",CPWD FOR MHA,,HOME AFFAIRS,,2020-01,2020-01,2023-10,2025-01,,166.98,166.98,108.99,85.0,Ongoing,2024-10
OCMS-N28000148,,N28000148,PATNA METRO RAIL CORPORATION LIMITED,PATNA METRO RAI,,URBAN DEVELOPMENT,,2019-02,2019-02,2024-06,2024-09,,13365.77,13925.5,2710.61,39.09,Ongoing,2024-10
OCMS-N28000149,,N28000149,CONSTRUCTION729 QUARTERS (TYPE II-180 TYPE III-364 TYPE IV- 112 TYPE V-68 TYPE-VI-5 SHOPS COMMUNI,CPWD,,URBAN DEVELOPMENT,,2019-05,2019-05,2020-09,2024-10,,299.97,299.97,245.83,82.0,Ongoing,2024-10
OCMS-N28000150,,N28000150,C/O AIIMS AT AWANTIPORA (KASHMIR) JAMMU AND KASHMIR,CPWD FOR HEALTH,,HEALTH AND FAMILY WELFARE,,2019-03,2019-03,2025-09,2025-11,,1828.0,1577.0,1126.55,58.2,Ongoing,2024-10
OCMS-N28000151,,N28000151,BANGALORE METRO RAIL PROJECT LIMITED. PHASE. 2A AND 2B,BMRCL,,URBAN DEVELOPMENT,,2021-06,2021-06,2026-06,2026-06,,14788.1,14788.1,2424.04,30.0,Ongoing,2024-10
OCMS-N28000153,,N28000153,"CONSTRUCTION OF 184 MULTI STORIED FLATS FOR HON'BLE MPS AT BKS MARG, NEW DELHI",CPWD,,URBAN DEVELOPMENT,,2022-01,2022-01,2024-11,2025-05,,646.52,646.52,333.9,65.0,Ongoing,2024-10
OCMS-N28000154,,N28000154,CONSTRUCTION OF PERMANENT CAMPUS OF CENTRAL UNIVERSITY OF HIMACHAL PRADESH AT DEHRA AND JADRANGAL (D,CPWD,,URBAN DEVELOPMENT,,2022-04,2022-04,2024-11,2024-11,,512.34,512.34,0.0,0.0,Ongoing,2024-10
OCMS-N28000155,,N28000155,NAGPUR METRO RAIL PROJECT PHASE II,NMRCL,,URBAN DEVELOPMENT,,2022-12,2022-12,2027-12,2027-12,,6708.0,6708.0,321.78,13.64,Ongoing,2024-10
OCMS-N28000156,,N28000156,REDEVELOPMENT OF GPRA AT NETAJI NAGAR NEW DELHI PACKAGE 2,NBCC,,URBAN DEVELOPMENT,,2016-10,2016-10,2024-03,2025-03,,1536.72,1536.72,334.65,77.0,Ongoing,2024-10
OCMS-N28000157,,N28000157,PCMC NIGDI PROJECT EXTENSION OF CORRIDOR 1 OF PUNE METRO PHASE 1,MMRC,,URBAN DEVELOPMENT,,2023-10,2023-10,2027-01,2027-01,,910.18,910.18,12.35,6.2,Ongoing,2024-10
OCMS-N28000158,,N28000158,KOCHI METRO RAIL PROJECT PHASE II FROM JLN STADIUM TO INFOPARK VIA KAKKANAD,KMRCL,,URBAN DEVELOPMENT,,2018-07,2018-07,2026-11,2026-11,,1957.05,1957.05,2.81,0.0,Ongoing,2024-10
OCMS-N28000159,,N28000159,KOCHI METRO RAIL PROJECT PHASE IB SECTION FROM S N JUNCTION TO THRIPUNITHURA,KMRCL,,URBAN DEVELOPMENT,,2019-06,2019-06,2023-09,2023-09,,355.7,448.33,1.64,0.0,Ongoing,2024-10
OCMS-N30000001,,N30000001,PROTECTION OF MAJULI ISLAND FROM FLOOD AND EROSION OF RIVER BRAHMAPUTRA,BPB,,WATER RESOURCES,,2017-03,2017-03,2019-12,2023-12,,233.57,233.57,217.42,,Ongoing,2024-10
OCMS-N30000002,,N30000002,POLAVARAM IRRIGATION PROJECT,PPA,,WATER RESOURCES,,2009-02,2009-02,2020-03,2026-03,,10151.04,55548.87,21644.53,76.75,Ongoing,2024-10
OCMS-N30000004,,N30000004,INTERCEPTION AND DIVERSION WITH STP AT RISHIKESH,UKJalNigam,,WATER RESOURCES,,2017-03,2017-03,2019-11,2022-02,,158.0,158.0,105.88,100.0,Ongoing,2024-10
OCMS-N30000006,,N30000006,"INTERCEPTION, DIVERSION AND TREATMENT WORKS FOR NAINI DISTRICT G PHAPHAMAU DISTRICT F AND JHUSI AREA",UPJalNigam,,URBAN DEVELOPMENT,,2017-05,2017-05,2021-09,2023-06,,767.59,767.59,276.97,100.0,Ongoing,2024-10
OCMS-N30000008,,N30000008,FARRUKHABAD I AND D AND STP WORKS HAM,UPJalNigam,,URBAN DEVELOPMENT,,2017-10,2017-10,2022-03,2024-11,,213.62,261.12,177.62,95.0,Ongoing,2024-10
OCMS-N30000010,,N30000010,STP AT PANKHA KANPUR AND INTEGRATION WITH EXISTING STPS,UPJalNigam,,URBAN DEVELOPMENT,,2018-03,2018-03,2021-09,2023-07,,967.23,967.23,254.98,100.0,Ongoing,2024-10
OCMS-N30000013,,N30000013,"INTERCEPTION AND DIVERSION WORKS WITH STP AT BAREILLY, UTTAR PRADESH",UPJalNigam,,URBAN DEVELOPMENT,,2019-03,2019-03,2021-08,2024-07,,271.39,271.39,182.26,100.0,Ongoing,2024-10
OCMS-N30000014,,N30000014,CONSTRUCTION OF 564 MLD 124 MGD WASTE WATER TREATMENT PLANT WITH EFFLUENT STANDARDS OF BOD ? 10MG/L,DJB,,URBAN DEVELOPMENT,,2017-03,2017-03,2022-12,2024-12,,665.78,665.78,782.51,96.0,Ongoing,2024-10
OCMS-N30000015,,N30000015,REHABILITATION AND UP- GRADATION OF PHASE I STP 182 MLD R2,DJB,,URBAN DEVELOPMENT,,2016-05,2016-05,2021-12,2024-02,,211.79,211.79,208.71,100.0,Ongoing,2024-10
OCMS-N30000016,,N30000016,REHABILITATION AND UPGRADATION OF KONDLI PHASE I STP 45 MLD PHASE II STP 114 MLD AND PHASE III S,DJB,,URBAN DEVELOPMENT,,2016-05,2016-05,2022-02,2023-07,,239.11,239.11,268.13,100.0,Ongoing,2024-10
OCMS-N30000017,,N30000017,CONSTRUCTION OF 318 MLD WWTP WITH 10 YEARS O AND M AT CORONATION PILLAR DELHI,DJB,,URBAN DEVELOPMENT,,2018-12,2018-12,2021-01,2022-03,,515.07,515.07,388.08,100.0,Ongoing,2024-10
OCMS-N30000018,,N30000018,7 NOS PRIORITIZED STPS 1 NO. SPS AND PERIPHERAL SEWERS IN COMMAND AREA OF NAJAFHARH DRAIN DHANSA TO,DJB,,URBAN DEVELOPMENT,,2017-05,2017-05,2020-05,2020-05,,344.81,344.81,0.0,0.0,Ongoing,2024-10
OCMS-N30000019,,N30000019,MATHURA SEWERAGE SCHEME,UPJalNigam,,URBAN DEVELOPMENT,,2017-12,2017-12,2020-12,2022-06,,460.45,460.45,315.3,100.0,Ongoing,2024-10
OCMS-N30000021,,N30000021,INTERCEPTION AND DIVERSION WORKS AND STP AT MUZAFFARNAGAR UTTAR PRADESH,UPJalNigam,,URBAN DEVELOPMENT,,2019-01,2019-01,2021-12,2024-12,,231.79,234.03,141.79,96.0,Ongoing,2024-10
OCMS-N30000022,,N30000022,INTERCEPTION AND DIVERSION WORKS AND SEWAGE TREATMENT PLANT AT JAUNPUR UTTAR PRADESH,UPJalNigam,,URBAN DEVELOPMENT,,2019-01,2019-01,2021-10,2023-07,,206.05,206.05,139.86,100.0,Ongoing,2024-10
OCMS-N30000024,,N30000024,SEWERAGE SCHEME INTERCEPTION AND DIVERSION WITH STP WORKS AT MEERUT UTTAR PRADESH,UPJalNigam,,URBAN DEVELOPMENT,,2019-02,2019-02,2022-06,2025-12,,681.78,690.71,13.34,0.0,Ongoing,2024-10
OCMS-N30000025,,N30000025,INTERCEPTION AND DIVERSION WORKS WITH STP AT LUCKNOW UTTAR PRADESH,UPJalNigam,,URBAN DEVELOPMENT,,2019-03,2019-03,2021-07,2024-09,,298.12,240.93,94.86,100.0,Ongoing,2024-10
OCMS-N30000026,,N30000026,SEWER NETWORK SPS AND STP BEGUSARAI,BUIDCO,,URBAN DEVELOPMENT,,2018-03,2018-03,2021-07,2024-12,,230.06,230.06,237.44,96.0,Ongoing,2024-10
OCMS-N30000027,,N30000027,I AND D AND STP WORKS FOR BHAGALPUR,BUIDCO,,URBAN DEVELOPMENT,,2017-10,2017-10,2020-09,2024-10,,254.13,413.29,120.95,83.0,Ongoing,2024-10
OCMS-N30000028,,N30000028,I AND D AND STP AT CHAPPRA,BUIDCO,,URBAN DEVELOPMENT,,2018-11,2018-11,2020-12,2024-02,,236.15,236.15,142.08,100.0,Ongoing,2024-10
OCMS-N30000029,,N30000029,DETAILED PROJECT REPORT FOR I AND D SEWERAGE SYSTEM AND STP FOR ASANSOL AND KULTI TOWNS,KMDA,,STEEL,,2019-01,2019-01,2022-04,2024-12,,384.96,384.96,0.0,0.0,Ongoing,2024-10
OCMS-N30000030,,N30000030,INTERCEPTION AND DIVERSION WORKS WITH STP FOR DRAINS FALLING IN RIVER DAMODAR AT DURGAPURL,KMDA,,STEEL,,2019-03,2019-03,2022-04,2024-12,,287.53,287.53,0.0,0.0,Ongoing,2024-10
OCMS-N30000031,,N30000031,I AND D AND STP WORKS AT BURDWAN WEST BENGAL,KMDA,,STEEL,,2018-12,2018-12,2022-04,2024-12,,234.31,234.31,0.0,0.0,Ongoing,2024-10
OCMS-N30000032,,N30000032,INTERCEPTION AND DIVERSION WITH STP AT MAHESHTALA,KMDA,,STEEL,,2018-05,2018-05,2022-02,2025-03,,198.43,224.69,75.82,83.0,Ongoing,2024-10
OCMS-N30000033,,N30000033,INTEGRATION OF STPS WITH REHABILITATION AND O AND M OF EXISTING ASSETS,KMDA,,STEEL,,2018-03,2018-03,2022-06,2024-03,,165.16,165.16,0.0,0.0,Ongoing,2024-10
OCMS-N30000034,,N30000034,INTERCEPTION DIVERSION TREATMENT WORKS AT TOLLYS NULLAH ADI GANGA,KMDA,,STEEL,,2017-08,2017-08,2022-09,2026-12,,307.12,653.67,0.0,0.0,Ongoing,2024-10
OCMS-N30000035,,N30000035,SEWER NETWORKS SPS AND STP HAJIPUR,BUIDCO,,URBAN DEVELOPMENT,,2018-03,2018-03,2021-08,2024-12,,305.19,305.19,311.72,91.0,Ongoing,2024-10
OCMS-N30000036,,N30000036,"SEWER NETWORKS, SPS AND STP, MUNGER",BUIDCO,,URBAN DEVELOPMENT,,2018-03,2018-03,2021-10,2024-06,,294.02,522.85,413.94,100.0,Ongoing,2024-10
OCMS-N30000037,,N30000037,SEWERAGE SYSTEM WITH SEWER NETWORK PATNA BEUR,BUIDCO,,URBAN DEVELOPMENT,,2014-12,2014-12,2020-03,2022-06,,225.77,398.9,363.79,100.0,Ongoing,2024-10
OCMS-N30000039,,N30000039,SAIDPUR SEWER NETWORK PATNA,BUIDCO,,URBAN DEVELOPMENT,,2015-04,2015-04,2021-01,2022-06,,268.63,493.85,489.65,100.0,Ongoing,2024-10
OCMS-N30000040,,N30000040,SEWERAGE SCHEME AT PAHARI ZONE V PATNA,BUIDCO,,URBAN DEVELOPMENT,,2017-05,2017-05,2021-04,2023-02,,356.37,356.37,312.24,100.0,Ongoing,2024-10
OCMS-N30000042,,N30000042,INTERCEPTION AND DIVERSION WITH STP AT HUGHLY-CHINSURAH,KMDA,,STEEL,,2018-05,2018-05,2022-02,2024-12,,160.0,154.73,84.27,88.0,Ongoing,2024-10
OCMS-N30000043,,N30000043,SEWERAGE TREATMENT PLANT AT PAHARI PATNA,BUIDCO,,URBAN DEVELOPMENT,,2017-05,2017-05,2020-11,2022-05,,191.62,191.62,123.27,100.0,Ongoing,2024-10
OCMS-N30000044,,N30000044,SEWERAGE SYSTEM WITH SEWER NETWORK PATNA KARMALICHAK,BUIDCO,,URBAN DEVELOPMENT,,2017-03,2017-03,2021-05,2023-02,,277.42,277.42,355.31,100.0,Ongoing,2024-10
OCMS-N30000045,,N30000045,"INTERCEPTION, DIVERSION AND TREATMENT WORKS AT HOWRAH",KMDA,,STEEL,,2017-08,2017-08,2021-12,2024-02,,185.22,185.22,49.99,100.0,Ongoing,2024-10
OCMS-N30000046,,N30000046,SEWERAGE SYSTEM AND STP WORKS AT HALISHAHR,KMDA,,STEEL,,2014-02,2014-02,2019-12,2022-06,,274.76,332.56,276.93,100.0,Ongoing,2024-10
OCMS-N30000047,,N30000047,SEWERAGE SYSTEM WITH SEWER NETWORK AT BARRACKPORE,KMDA,,STEEL,,2014-12,2014-12,2020-04,2022-06,,272.32,272.32,307.26,100.0,Ongoing,2024-10
OCMS-N30000048,,N30000048,"INTERCEPTION, DIVERSION AND TREATMENT WORKS AT BARANAGAR AND KAMARAHATI",KMDA,,STEEL,,2018-01,2018-01,2021-12,2024-02,,172.1,172.1,47.2,100.0,Ongoing,2024-10
OCMS-N30000049,,N30000049,INTERCEPTION AND DIVERSION WITH STP AT BALLY,KMDA,,STEEL,,2017-10,2017-10,2021-12,2024-02,,164.93,164.93,45.45,100.0,Ongoing,2024-10
OCMS-N30000050,,N30000050,SEWERAGE SYSTEM AND STP FOR KANKARBAG ZONE PATNA,BUIDCO,,URBAN DEVELOPMENT,,2017-08,2017-08,2022-06,2024-09,,578.89,578.89,155.42,46.0,Ongoing,2024-10
OCMS-N30000051,,N30000051,"SEWERAGE SYSTEM AND STP FOR DIGHA ZONE, PATNA",BUIDCO,,URBAN DEVELOPMENT,,2017-08,2017-08,2022-06,2024-09,,824.0,824.0,377.18,48.0,Ongoing,2024-10
OCMS-N38000001,,N38000001,CENTRE FOR DISABILITY SPORTS,CPWD,,SOCIAL JUSTICE,,2019-02,2019-02,2024-03,2024-03,,170.99,170.99,73.8,74.0,Ongoing,2024-10
OCMS-N40000001,,N40000001,NATIONAL INDUSTRIAL CORRIDOR PROJECT,DMIC FOR DPIIT,,DPIIT,,2011-09,2011-09,2027-03,2027-03,,20084.0,20084.0,10217.21,50.99,Ongoing,2024-10
OCMS-N40000002,,N40000002,INDIA INTERNATIONAL CONVENTION AND EXPO CENTRE,IICC FOR DPIIT,,DPIIT,,2017-11,2017-11,2019-12,2024-11,,4773.0,5401.0,4823.97,97.4,Ongoing,2024-10
OCMS-N42000001,,N42000001,CONSTRUCTION AND DEVELOPMENT OF NATINAL INSTITUTE OF TECHNOLOGY MEGHALAYA PERMANENT CAMPUS AT SOHRA,RITES OF HIGHER,,DEPARTMENT,,2013-09,2013-09,2014-09,2024-07,,484.32,429.7,276.05,74.0,Ongoing,2024-10
OCMS-N42000002,,N42000002,"CONSTRUCTION OF PERMANENT CAMPUS FOR NATIONAL INSTITUTE OF TECHNOLOGY GOA AT CUNCOLIM, GOA.",CPWD EDUCATION,,DEPARTMENT OF HIGHER EDUCATION,,2019-05,2019-05,2021-08,2024-12,,303.9,390.4,364.0,99.0,Ongoing,2024-10
OCMS-N42000005,,N42000005,CONSTRUCTION OF PERMANENT CAMPUS FOR INDIAN INSTITUTE OF TECHNOLOGY TIRUPATI AT MERLAPAKA VILLAGE YE,CPWD EDUCATION,,CIVIL AVIATION,,2019-02,2019-02,2020-06,2020-06,,655.34,655.34,366.21,95.0,Ongoing,2024-10
OCMS-N42000006,,N42000006,"CONSTRUCTION OF PERMANENT CAMPUS FOR INDIAN INSTITUTE OF TECHNOLOGY, DHARWAD",PHASE 1A,,DEPARTMENT OF HIGHER EDUCATION,,2019-07,2019-07,2022-03,2023-03,,851.0,851.0,886.26,100.0,Ongoing,2024-10
OCMS-N42000007,,N42000007,"CONSTRUCTION OF PERMANENT CAMPUS FOR IISER AT JANGALAPALLI VILLAGE, YERPEDU MANDAL, CHITTOOR DISTRIC",CPWD EDUCATION,,CIVIL AVIATION,,2019-09,2019-09,2022-09,2024-06,,588.72,656.39,666.18,100.0,Ongoing,2024-10
OCMS-N42000008,,N42000008,ESTABLISHMENT OF PERMANENT CAMPUS PHASE 1 OF IIM SIRMAUR,CPWD EDUCATION,,DEPARTMENT OF HIGHER EDUCATION,,2018-09,2018-09,2022-06,2025-01,,392.51,446.43,299.17,88.5,Ongoing,2024-10
OCMS-N42000009,,N42000009,PERMANENT CAMPUS FOR IIM BODH GAYA,CPWD EDUCATION,,DEPARTMENT OF HIGHER EDUCATION,,2018-09,2018-09,2020-09,2020-09,,375.0,375.0,327.75,98.9,Ongoing,2024-10
OCMS-N42000010,,N42000010,ADDITIONAL INFRASTRUCTURE AT IISC BANGALORE SH RCC MONOLITHIC FOR MEN WOMEN HOSTEL,CPWD,,DEPARTMENT OF HIGHER EDUCATION,,2021-08,2021-08,2024-02,2024-11,,316.25,316.25,333.42,94.0,Ongoing,2024-10
OCMS-N42000011,,N42000011,CONSTRUCTION OF PERMANENT CAMPUSES OF CENTRAL UNIVERSITY OF HIMACHAL PRADESH AT DEHRA AND DHARAMSHAL,CPWD,,DEPARTMENT OF HIGHER EDUCATION,,2021-03,2021-03,2022-08,2025-07,,512.37,512.37,116.3,55.0,Ongoing,2024-10
OCMS-N44000002,,N44000002,"CONSTRUCTION OF SIKKIM UNIVERSITY CAMPUS PHASE-I, PACKAGE -II AT YANGANG SOUTH SIKKIM",Sikkim Universi,,DEPARTMENT,,2020-08,2020-08,2025-01,2024-12,,314.06,303.55,157.24,54.0,Ongoing,2024-10
OCMS-N45000002,,N45000002,CONSTRUCTION OF HEADQUARTER BUILDING OF CRPF AT LODHI ROAD NEW DELHI,CPWD FOR MHA,,FINANCE,,2019-06,2019-06,2022-07,2025-05,,277.35,277.35,92.78,55.0,Ongoing,2024-10
OCMS-N45000003,,N45000003,CONSTRUCTION OF 683 VARIOUS TYPE FAMILY QUARTERS AT GROUP CENTRE CRPF CHANDAULI,CPWD FOR MHA,,HOME AFFAIRS,,2019-05,2019-05,2022-01,2023-03,,199.31,199.31,86.49,85.0,Ongoing,2024-10
