project_id,paimana_code,ocms_code,project_name,implementing_agency,ministry,sector,state,approval_date,start_date,original_completion,revised_completion,actual_completion,original_cost_cr,revised_cost_cr,cumulative_expenditure_cr,physical_progress_pct,status,report_month
OCMS-N04000073,,N04000073,"CONSTRUCTION OF NEW INTEGRATED TERMINAL BUILDING AT VSI AIRPORT, PORTBLAIR",AAI,,CIVIL AVIATION,,2013-10,2013-10,2018-09,2023-06,,417.23,707.73,698.8,100.0,Ongoing,2025-01
OCMS-N04000074,,N04000074,"MODERNIZATION OF CHENNAI AIRPORT PHASE II, CHENNAI",AAI,,ROAD TRANSPORT AND HIGHWAYS,,2018-06,2018-06,2022-02,2026-03,,2467.0,2467.0,1534.29,69.0,Ongoing,2025-01
OCMS-N04000075,,N04000075,UPGRADATION OF PASSENGER TERMINAL BUILDING AND AIRSIDE FACILITIES AT TIRUCHIRAPALLI INTERNATIONAL AI,AAI,,ROAD TRANSPORT AND HIGHWAYS,,2018-08,2018-08,2021-10,2023-12,,951.28,1112.49,1112.49,100.0,Ongoing,2025-01
OCMS-N04000076,,N04000076,"CONSTRUCTION OF COMBINED OPERATIONAL OFFICES FOR DGCA, BCAS, AAIB, AERA AND AAI AT SAFDARJUNG AIRPOR",AAI,,CIVIL AVIATION,,2016-11,2016-11,2020-04,2024-04,,303.8,351.21,340.52,100.0,Ongoing,2025-01
OCMS-N04000077,,N04000077,"CCS INTERNATIONAL AIRPORT , LUCKNOW",AAI,,CIVIL AVIATION,,2018-06,2018-06,2021-09,2026-10,,1383.0,3291.81,2601.36,79.03,Ongoing,2025-01
OCMS-N04000078,,N04000078,CONSTRUCTION OF TERMINAL BUILDING AND ASSOCIATED WORKS AT LEH AIRPORT,AAI,,CIVIL AVIATION,,2018-07,2018-07,2021-09,2025-10,,480.33,640.0,402.66,62.47,Ongoing,2025-01
OCMS-N04000079,,N04000079,"CONSTRUCTION OF NEW INTEGRATED TERMINAL BUILDING, RECONSTRUCTION OF OLD TERMINAL BUILDING, MODIFICAT",AAI,,URBAN DEVELOPMENT,,2017-03,2017-03,2021-04,2023-12,,475.39,520.0,508.14,100.0,Ongoing,2025-01
OCMS-N04000080,,N04000080,CONSTRUCTION OF ATC TOWER AND TECHNICAL BLOCK AT NSCBI AIRPORT KOLKATA,AAI,,CIVIL AVIATION,,2016-01,2016-01,2020-03,2023-12,,458.0,458.0,246.68,100.0,Ongoing,2025-01
OCMS-N04000081,,N04000081,"AIRSIDE CAPACITY ENHANCEMENT OF NSBI AIRPORT, KOLKATA",AAI,,CIVIL AVIATION,,2019-01,2019-01,2021-11,2023-05,,389.71,397.0,396.57,100.0,Ongoing,2025-01
OCMS-N04000082,,N04000082,"CONSTRUCTION OF NEW DORNESTIC TERMINAL BUILDING AND OTHER STRUCTURES, PHASE I AND II",AAI,,ROAD TRANSPORT AND HIGHWAYS,,2018-05,2018-05,2022-10,2025-06,,1216.9,1216.9,881.96,82.1,Ongoing,2025-01
OCMS-N04000083,,N04000083,CONSTRUCTION OF NEW INTEGRATED TERMINAL BUILDING AT LGBI AIRPORT GUWAHATI,AAI,,CIVIL AVIATION,,2016-12,2016-12,2021-03,2025-07,,1142.0,2333.0,1604.18,76.92,Ongoing,2025-01
OCMS-N04000085,,N04000085,"CONSTRUCTION OF DOMESTIC PASSENGER TERMINAL BUILDING AT DEHRADUN AIRPORT, DEHRADUN",AAI,,CIVIL AVIATION,,2018-07,2018-07,2020-09,2024-09,,456.86,500.0,483.76,100.0,Ongoing,2025-01
OCMS-N04000086,,N04000086,"CO CIVIL AVIATION REASEARCH ORG. (PH-II) AT BEGUMPET AIRPORT, HYDRABAD",AAI,,CIVIL AVIATION,,2020-05,2020-05,2022-05,2023-06,,353.61,353.61,303.22,100.0,Ongoing,2025-01
OCMS-N04000087,,N04000087,UPGRADATION OF JABALPUR AIRPORT,AAI,,CIVIL AVIATION,,,,,2024-07,,412.24,412.24,401.38,100.0,Ongoing,2025-01
OCMS-N04000088,,N04000088,"C/O NEW GREENFIELD AIRPORT AT HISSAR, RAJKOT, GUJARAT",AAI,,CIVIL AVIATION,,2018-01,2018-01,2022-08,2024-12,,1405.0,1405.0,1302.23,100.0,Ongoing,2025-01
OCMS-N04000089,,N04000089,EXT AND STR. OF EXISTING RUNWAY 08/26 AT TIRUPATI AIRPORT,AAI,,CIVIL AVIATION,,2017-08,2017-08,2020-02,2024-01,,177.1,177.1,143.08,100.0,Ongoing,2025-01
OCMS-N04000090,,N04000090,DEVELOPMENT OF TUTICORIN AIRPORT,AAI,,ROAD TRANSPORT AND HIGHWAYS,,,,,2025-03,,380.87,455.99,341.91,98.0,Ongoing,2025-01
OCMS-N04000091,,N04000091,C/O OF NITB AND ASSOCIATED WORK AT VIJAYAWADA AIRPORT,AAI,,CIVIL AVIATION,,2020-04,2020-04,2023-03,2025-06,,611.8,611.8,396.34,66.0,Ongoing,2025-01
OCMS-N04000092,,N04000092,CONSTRUCTION OF NEW GREEN FIELD AIRPORT AT HOLLONGI ITANAGAR ARUNACHAL PRADESH,AAI,,CIVIL AVIATION,,2019-02,2019-02,2022-08,2025-03,,645.63,712.15,681.02,99.15,Ongoing,2025-01
OCMS-N04000093,,N04000093,"EXTENSION OF TERMINAL BUILDING, PTT, APRON AND CAR PARK AT SURAT AIRPORT.",AAI,,CIVIL AVIATION,,2018-08,2018-08,2021-02,2025-02,,353.25,353.25,346.57,98.75,Ongoing,2025-01
OCMS-N04000094,,N04000094,DEVELOPMENT OF AYODHYA AIRPORT PHASE-01,AAI,,CIVIL AVIATION,,2021-03,2021-03,2022-12,2025-03,,242.14,358.0,339.44,99.9,Ongoing,2025-01
OCMS-N04000095,,N04000095,EXTENSION OF EXISTING INTEGRATED TERMINAL BUILDING AND ALLIED WORKS AT GOA AIRPORT.,AAI,,CIVIL AVIATION,,2017-11,2017-11,2021-09,2025-03,,255.69,255.69,101.36,75.0,Ongoing,2025-01
OCMS-N04000096,,N04000096,"EXTENSION OF RUNWAY WITH BLAST PAD, RESA, TAXIWAY, APRON, GSE AREA, ISOLATION BAY, NEW DOMESTIC TERM",AAI,,URBAN DEVELOPMENT,,2017-06,2017-06,2020-12,2024-04,,255.68,270.0,267.86,100.0,Ongoing,2025-01
OCMS-N04000098,,N04000098,DEVELOPMENT OF GWALIOR AIRPORT PHASE 01,AAI,,CIVIL AVIATION,,2021-10,2021-10,2023-08,2024-08,,446.12,446.12,432.58,100.0,Ongoing,2025-01
OCMS-N04000099,,N04000099,"DEVELOPMENT OF NEW GREENFIELD AIRPORT AT DHOLERA, AHMEDABAD (GUJARAT). PHASE-1.",AAI,,CIVIL AVIATION,,2022-06,2022-06,2025-12,2025-12,,1305.0,1143.95,312.11,42.0,Ongoing,2025-01
OCMS-N04000100,,N04000100,"CONSTRUCTION OF NEW INTEGRATED TERMINAL BUILDING, CONTROL TOWER CUM TECHNICAL BLOCK, APRON, LINK TAX",AAI,,CIVIL AVIATION,,2021-11,2021-11,2024-07,2026-03,,499.0,499.0,133.55,38.12,Ongoing,2025-01
OCMS-N04000101,,N04000101,CONSTRUCTION OF NEW TERMINAL BUILDING AT JODHPUR AIRPORT,AAI,,CIVIL AVIATION,,2022-05,2022-05,2024-11,2025-06,,480.0,480.0,180.53,62.0,Ongoing,2025-01
OCMS-N04000102,,N04000102,"PRAYAGRAJ AIRPORT - CONSTRUCTION OF NEW TERMINAL BUILDING, SECOND LINK TAXI TRACK, APRON EXPANSION,",AAI,,CIVIL AVIATION,,2023-05,2023-05,2024-11,2025-06,,185.75,274.38,165.59,83.0,Ongoing,2025-01
OCMS-N04000103,,N04000103,RAJAHMUNDRY AIRPORT: CONSTRUCTION OF NEW DOMESTIC TERMINAL BUILDING AND MISCELLANEOUS WORKS INCLUD,AAI,,CIVIL AVIATION,,2022-12,2022-12,2025-08,2025-08,,347.15,347.15,58.79,35.0,Ongoing,2025-01
OCMS-N04000104,,N04000104,UDAIPUR AIRPORT- CONSTRUCTION OF NEW INTEGRATED PASSENGER TERMINAL BUILDING,AAI,,CIVIL AVIATION,,2023-06,2023-06,2026-03,2026-09,,887.0,887.0,201.53,47.17,Ongoing,2025-01
OCMS-N04000105,,N04000105,BELAGAVI AIRPORT- EXPANSION OF TERMINAL BUILDING AND ASSOCIATED WORKS,AAI,,CIVIL AVIATION,,2023-06,2023-06,2026-02,2026-02,,322.45,322.45,63.36,28.0,Ongoing,2025-01
OCMS-N04000106,,N04000106,KADAPPA AIRPORT- CONSTRUCTION OF NEW DOMESTIC TERMINAL BUILDING AND MISCELLANEOUS WORKS INCLUDING MA,AAI,,CIVIL AVIATION,,2023-03,2023-03,2026-01,2026-01,,265.91,265.91,31.78,19.0,Ongoing,2025-01
OCMS-N04000107,,N04000107,JAMMU - CONSTRUCTION OF NEW CIVIL ENCLAVE,AAI,,CIVIL AVIATION,,2022-07,2022-07,2026-06,2026-06,,861.37,861.37,108.48,21.5,Ongoing,2025-01
OCMS-N04000108,,N04000108,HUBBALI AIRPORT - CONSTRUCTION OF NEW DOMESTIC TERMINAL BUILDING AND MISCELLANEOUS WORKS,AAI,,CIVIL AVIATION,,2023-06,2023-06,2026-02,2026-01,,320.47,320.47,31.25,21.0,Ongoing,2025-01
OCMS-N04000109,,N04000109,"NSCBI AIRPORT KOLKATA: RE- CONSTRUCTION OF RIGID POSITIONS OF SECONDARY RUNWAY, 'K' AND 'A' TAXIWAY",AAI,,CIVIL AVIATION,,2023-04,2023-04,2025-10,2025-10,,328.3,328.3,73.04,35.0,Ongoing,2025-01
OCMS-N04000110,,N04000110,PAKYONG AIRPORT- WIDENING OF BASIC STRIP AT WESTERN SIDE OF RUNWAY CHAINAGE 80M TO 920M I/C SLOPE ST,AAI,,CIVIL AVIATION,,2023-11,2023-11,2026-06,2026-06,,323.26,323.26,17.83,8.0,Ongoing,2025-01
OCMS-N04000111,,N04000111,CALICUT AIRPORT - DEVELOPMENT OF ADDITIONAL RESA ON EITHER END ON RUNWAY 10-28 AT CALICUT AIRPORT,AAI,,CIVIL AVIATION,,2023-06,2023-06,2025-09,2025-09,,323.98,323.98,12.14,5.0,Ongoing,2025-01
OCMS-N04000112,,N04000112,"DARBHANGA:DEVELOPMENT OF NEW CIVIL ENCLAVE AT DARBHANGA, BIHAR. SH- CONSTRUCTION OF NEW TERMINAL BUI",AAI,,ROAD TRANSPORT AND HIGHWAYS,,2024-07,2024-07,2026-07,2026-07,,911.66,911.66,27.05,7.0,Ongoing,2025-01
OCMS-N04000113,,N04000113,AGRA: DEVELOPMENT OF NEW CIVIL ENCLAVE AT AGRA AIRPORT.,AAI,,CIVIL AVIATION,,2024-06,2024-06,2026-07,2026-07,,579.0,579.0,17.35,6.0,Ongoing,2025-01
OCMS-N04000114,,N04000114,"VARANASI: DEVELOPMENT OF LAL BAHADUR SHASTRI INTERNATIONAL AIRPORT, VARANASI.",AAI,,CIVIL AVIATION,,2024-07,2024-07,2027-07,2027-07,,2869.65,2869.65,45.4,6.0,Ongoing,2025-01
OCMS-N04000115,,N04000115,BAGDOGRA AIRPORT: DEVELOPMENT OF NEW CIVIL ENCLAVE AT BAGDOGRA AIRPORT. SUB-HEAD : CONSTRUCTION OF N,AAI,,CIVIL AVIATION,,2024-08,2024-08,2027-03,2027-03,,1549.0,1549.0,70.32,3.45,Ongoing,2025-01
OCMS-N06000008,,N06000008,KUSMUNDA EXPN.OCP(SECL)(15-50)MTY,SECL,,URBAN DEVELOPMENT,,,,,2030-03,,7612.33,8547.98,4647.14,81.0,Ongoing,2025-01
OCMS-N06000045,,N06000045,PELMA OCP(15.00MTY),SECL,,URBAN DEVELOPMENT,,,,2023-03,2033-03,,1624.59,1624.59,14.91,17.0,Ongoing,2025-01
OCMS-N06000087,,N06000087,RAJRAPPA RCE OCP ( 3.0 MTY),CCL,,ROAD TRANSPORT AND HIGHWAYS,,,,,2025-03,,510.85,510.85,488.31,74.5,Ongoing,2025-01
OCMS-N06000096,,N06000096,MURAIDIH UG TURN-KEY PROJECT,BCCL,,ROAD TRANSPORT AND HIGHWAYS,,,,,2026-01,,339.88,339.88,190.48,70.0,Ongoing,2025-01
OCMS-N06000098,,N06000098,MOONIDIH XV SEAM UG,BCCL,,ROAD TRANSPORT AND HIGHWAYS,,,,2019-03,2026-02,,1230.27,1230.27,596.63,80.2,Ongoing,2025-01
OCMS-N06000104,,N06000104,CHHAL OC SEAM -III (6.00 MTY),SECL,,URBAN DEVELOPMENT,,,,,2025-03,,610.63,610.63,572.04,85.0,Ongoing,2025-01
OCMS-N06000112,,N06000112,BASUNDHARA (WEST) OC EXTN(7.00 MTY),MCL,,ROAD TRANSPORT AND HIGHWAYS,,2014-05,2014-05,2019-03,2027-03,,479.15,479.15,267.05,62.0,Ongoing,2025-01
OCMS-N06000113,,N06000113,SIARMAL OCP (40.00MTY),MCL,,ROAD TRANSPORT AND HIGHWAYS,,,,2029-03,2029-03,,5194.96,5194.96,3430.37,42.8,Ongoing,2025-01
OCMS-N06000117,,N06000117,GARJANBAHAL OCP,MCL,,ROAD TRANSPORT AND HIGHWAYS,,,,2021-03,2026-03,,1375.38,1375.38,849.48,58.1,Ongoing,2025-01
OCMS-N06000123,,N06000123,AMERA OC RCE,SECL,,URBAN DEVELOPMENT,,,,2018-03,2026-03,,335.97,335.97,86.89,42.0,Ongoing,2025-01
OCMS-N06000125,,N06000125,KANCHAN OC EXPANSION,SECL,,CIVIL AVIATION,,,,,2026-03,,371.04,371.04,135.31,47.0,Ongoing,2025-01
OCMS-N06000126,,N06000126,MADHUBAND NLW WASHERY,BCCL,,ROAD TRANSPORT AND HIGHWAYS,,,,,2023-11,,289.45,302.0,300.01,100.0,Ongoing,2025-01
OCMS-N06000132,,N06000132,AMALGAMATED YEKONA-I YEKONA-II,WCL,,URBAN DEVELOPMENT,,,,,2025-03,,727.28,727.28,530.02,86.0,Ongoing,2025-01
OCMS-N06000135,,N06000135,AMGAON OPENCAST PROJECT RCE,SECL,,URBAN DEVELOPMENT,,,,,2026-03,,316.1,316.1,188.32,65.0,Ongoing,2025-01
OCMS-N06000148,,N06000148,AMADAND OPENCAST EXPANSION PROJECT,SECL,,CIVIL AVIATION,,2016-03,2016-03,2021-03,2027-03,,869.44,869.44,258.63,64.0,Ongoing,2025-01
OCMS-N06000152,,N06000152,NEYVELI UTTAR PRADESH POWER PROJECT LIMITED 1980 MW,NLC,,COAL,,2016-07,2016-07,2021-11,2025-06,,17237.0,21780.94,19230.7,88.5,Ongoing,2025-01
OCMS-N06000154,,N06000154,NILJAI EXPANSION (DEEP) OC (3.5 MTY),WCL,,COAL,,,,,2025-03,,319.76,319.76,183.67,98.0,Ongoing,2025-01
OCMS-N06000161,,N06000161,KAKATIYAKHANI OPENCAST III PROJECT PHASE-1,SCCL,,CIVIL AVIATION,,2017-03,2017-03,2022-03,2025-03,,413.84,413.84,382.88,60.0,Ongoing,2025-01
OCMS-N06000162,,N06000162,DUDHICHUA EXPANSION OCP (10 TO 20 MTPA),NCL,,CIVIL AVIATION,,2017-11,2017-11,2022-03,2024-08,,1255.17,1398.56,1254.21,100.0,Ongoing,2025-01
OCMS-N06000163,,N06000163,RANIGANJ MASTER PLAN,ECL,,CIVIL AVIATION,,,,,2024-08,,2661.73,5146.48,773.95,42.0,Ongoing,2025-01
OCMS-N06000164,,N06000164,MAHAMAYA OPENCAST PROJECT,SECL,,URBAN DEVELOPMENT,,,,,2026-03,,410.26,410.26,179.93,38.0,Ongoing,2025-01
OCMS-N06000165,,N06000165,SIDULI MINE (OC AND UG),ECL,,CIVIL AVIATION,,,,2026-03,2027-03,,535.18,535.17,4.2,14.0,Ongoing,2025-01
OCMS-N06000166,,N06000166,JHIRIA WEST OPENCAST PROJECT,SECL,,URBAN DEVELOPMENT,,,,,2026-03,,366.94,366.94,32.59,36.0,Ongoing,2025-01
OCMS-N06000167,,N06000167,INTEGRATED LAKHANPUR-BELPAHAR- LILARI OCP,MCL,,ROAD TRANSPORT AND HIGHWAYS,,2018-05,2018-05,2027-03,2027-03,,2434.75,2434.75,1866.35,55.1,Ongoing,2025-01
OCMS-N06000169,,N06000169,CHITRA EAST (RCE) OCP,ECL,,ROAD TRANSPORT AND HIGHWAYS,,,,2024-03,2026-03,,513.98,513.98,219.21,51.0,Ongoing,2025-01
OCMS-N06000170,,N06000170,NAKRAKONDA KUMARDIH B OCP,ECL,,CIVIL AVIATION,,,,,2029-03,,502.68,502.67,65.8,25.0,Ongoing,2025-01
OCMS-N06000171,,N06000171,REORGANISATION OF BHARATPUR OCP EXPANSION,MCL,,ROAD TRANSPORT AND HIGHWAYS,,2018-11,2018-11,2029-03,2029-03,,2838.87,2838.87,1734.45,44.6,Ongoing,2025-01
OCMS-N06000179,,N06000179,UKNI DEEP OC,WCL,,URBAN DEVELOPMENT,,,,2021-03,2025-03,,237.06,318.14,163.86,91.0,Ongoing,2025-01
OCMS-N06000183,,N06000183,GANDHIGRAM UG MINE,WCL,,CIVIL AVIATION,,,,2026-03,2026-03,,414.16,414.16,11.75,28.0,Ongoing,2025-01
OCMS-N06000184,,N06000184,BLOCK-B EXPANSION OPENCAST PROJECT,NCL,,CIVIL AVIATION,,2019-07,2019-07,2023-03,2025-03,,998.71,998.71,402.44,28.08,Ongoing,2025-01
OCMS-N06000186,,N06000186,TETARIAKHAR EXPANSION OCP,CCL,,ROAD TRANSPORT AND HIGHWAYS,,,,,2025-03,,243.52,243.52,44.39,46.6,Ongoing,2025-01
OCMS-N06000189,,N06000189,TALABIRA II AND III OCP,NLC,,ROAD TRANSPORT AND HIGHWAYS,,,,2027-01,2027-01,,2401.07,2401.07,1477.16,57.0,Ongoing,2025-01
OCMS-N06000191,,N06000191,SHYAMSUNDARPUR UG INCLUDING SAPI UNIT,ECL,,CIVIL AVIATION,,2020-04,2020-04,2025-03,2026-03,,483.65,483.65,51.11,12.0,Ongoing,2025-01
OCMS-N06000192,,N06000192,BINA KAKRI AMALGAMATION OCP 14 MTPA,NCL,,COAL,,2020-08,2020-08,2024-03,2025-03,,836.42,836.42,714.34,56.74,Ongoing,2025-01
OCMS-N06000193,,N06000193,PACHWARA SOUTH COAL BLOCK,NLC,,ROAD TRANSPORT AND HIGHWAYS,,,,,2028-09,,2242.92,2242.9,378.34,44.0,Ongoing,2025-01
OCMS-N06000194,,N06000194,PATHERDIH 2.5 NLW COAL WASHERY,BCCL,,ROAD TRANSPORT AND HIGHWAYS,,,,,2025-06,,334.27,334.27,127.62,43.84,Ongoing,2025-01
OCMS-N06000195,,N06000195,2.0 MTPA BHOJUDIH NLW WASHERY,BCCL,,CIVIL AVIATION,,,,,2025-02,,341.22,341.22,340.47,96.58,Ongoing,2025-01
OCMS-N06000196,,N06000196,NIGAHI EXPANSION OCP (15 TO 25 MTPA),NCL,,CIVIL AVIATION,,2020-11,2020-11,2025-03,2025-03,,1729.68,1729.68,718.18,42.4,Ongoing,2025-01
OCMS-N06000197,,N06000197,BAROUD OC EXPANSION (3-10 MTY),SECL,,URBAN DEVELOPMENT,,,,,2029-03,,2309.8,2309.8,868.56,39.0,Ongoing,2025-01
OCMS-N06000198,,N06000198,JAMPALI OCP RCE,SECL,,URBAN DEVELOPMENT,,,,2024-03,2025-03,,278.64,278.64,207.96,73.0,Ongoing,2025-01
OCMS-N06000199,,N06000199,PORDA CHIMTAPANI OCP (10 MTY),SECL,,URBAN DEVELOPMENT,,,,,2029-03,,2310.12,2310.12,45.48,10.0,Ongoing,2025-01
OCMS-N06000200,,N06000200,DIPKA OC EXPANSION 40 MTY,SECL,,URBAN DEVELOPMENT,,,,,2029-03,,5241.4,5241.4,2734.37,37.0,Ongoing,2025-01
OCMS-N06000202,,N06000202,GODAVARIKHANI COAL MINE,SCCL,,CIVIL AVIATION,,,,,2025-03,,438.98,438.98,167.99,68.0,Ongoing,2025-01
OCMS-N06000203,,N06000203,NAINI COAL MINE,SCCL,,ROAD TRANSPORT AND HIGHWAYS,,,,2024-03,2026-03,,494.3,494.3,491.33,35.0,Ongoing,2025-01
OCMS-N06000204,,N06000204,VENKATESH KHANI COAL MINE,SCCL,,CIVIL AVIATION,,,,,2026-03,,484.51,484.51,281.16,30.0,Ongoing,2025-01
OCMS-N06000205,,N06000205,GHONSA EXPANSION DEEP OC,WCL,,URBAN DEVELOPMENT,,,,,2029-03,,184.71,241.72,9.25,6.0,Ongoing,2025-01
OCMS-N06000206,,N06000206,SASTI EXPANSION OC,WCL,,URBAN DEVELOPMENT,,,,2026-03,2026-03,,319.04,371.59,68.64,24.0,Ongoing,2025-01
OCMS-N06000208,,N06000208,KHADIA EXPANSION OCP,NCL,,COAL,,,,,2025-03,,491.67,491.67,80.87,7.38,Ongoing,2025-01
OCMS-N06000209,,N06000209,DHUPTALA OC(SASTI UG TO OC),WCL,,URBAN DEVELOPMENT,,,,,2028-03,,711.0,720.87,159.15,33.0,Ongoing,2025-01
OCMS-N06000210,,N06000210,RCE OF RAMAGUNDAM OPENCAST II EXTENSION PROJECT,SCCL,,CIVIL AVIATION,,2015-11,2015-11,2023-03,2025-03,,489.62,489.62,405.54,70.0,Ongoing,2025-01
OCMS-N06000211,,N06000211,RCE OF INDARAM OPENCAST PROJECT,SCCL,,CIVIL AVIATION,,,,,2025-03,,349.28,424.81,402.64,80.0,Ongoing,2025-01
OCMS-N06000213,,N06000213,RCE OF KALYANIKHANI OPENCAST PROJECT,SCCL,,CIVIL AVIATION,,2016-03,2016-03,2020-03,2025-03,,384.32,384.32,247.36,75.0,Ongoing,2025-01
OCMS-N06000214,,N06000214,RCE OF KAKATHIYAKHANI OC - 2 PROJECT,SCCL,,CIVIL AVIATION,,2017-08,2017-08,2020-03,2025-03,,442.42,442.42,201.29,63.0,Ongoing,2025-01
OCMS-N06000216,,N06000216,REVISED PROJECT REPORT MAGADH EXPANSION OCP,CCL,,ROAD TRANSPORT AND HIGHWAYS,,2020-08,2020-08,2028-03,2028-03,,7254.37,7254.37,1318.42,19.0,Ongoing,2025-01
OCMS-N06000217,,N06000217,EXPANSION PROJECT AMRAPALI OCP,CCL,,ROAD TRANSPORT AND HIGHWAYS,,,,,2028-03,,5136.15,5136.15,770.67,19.0,Ongoing,2025-01
OCMS-N06000218,,N06000218,UCE OF EPR OF NORTH URIMARI OCP,CCL,,ROAD TRANSPORT AND HIGHWAYS,,,,,2026-03,,778.8,778.8,683.42,75.0,Ongoing,2025-01
OCMS-N06000219,,N06000219,ADASA UG TO OC (1.50 MTY),WCL,,URBAN DEVELOPMENT,,,,,2025-03,,316.0,333.43,208.2,78.0,Ongoing,2025-01
OCMS-N06000220,,N06000220,SONEPUR BAZARI EXPANSION OC,ECL,,CIVIL AVIATION,,,,,2029-03,,5365.88,5365.88,524.6,17.0,Ongoing,2025-01
OCMS-N06000222,,N06000222,DINESH (MAKARDHOKDA-III) OC (8.0 MTY),WCL,,URBAN DEVELOPMENT,,2020-02,2020-02,2027-03,2027-03,,822.88,1184.33,578.89,48.0,Ongoing,2025-01
OCMS-N06000223,,N06000223,EXPANSION PR OF JHANJRA UG (5.00 MTY),ECL,,CIVIL AVIATION,,2020-04,2020-04,2029-03,2029-03,,1210.12,1210.12,463.11,38.0,Ongoing,2025-01
OCMS-N06000226,,N06000226,AMALGAMATED INDER-KAMPTEE DEEP OC (3.20 MTY),WCL,,URBAN DEVELOPMENT,,2018-09,2018-09,2024-03,2025-03,,235.9,313.34,116.46,87.0,Ongoing,2025-01
OCMS-N06000229,,N06000229,GOPALJI-KANIHA OCP,MCL,,ROAD TRANSPORT AND HIGHWAYS,,,,2028-03,2028-03,,6107.87,6107.87,1648.02,16.7,Ongoing,2025-01
OCMS-N06000230,,N06000230,BALARAM EXPANSION OCP,MCL,,ROAD TRANSPORT AND HIGHWAYS,,,,,2029-03,,3504.21,3504.21,983.88,49.9,Ongoing,2025-01
OCMS-N06000231,,N06000231,MUNGOLI NIRGUDA EXTENSION (DEEP) OC,WCL,,URBAN DEVELOPMENT,,2020-11,2020-11,2026-03,2026-03,,826.8,826.8,518.85,52.0,Ongoing,2025-01
OCMS-N06000232,,N06000232,JAGANNATHPUR OC RCE (3.0 MTY),SECL,,URBAN DEVELOPMENT,,,,,2025-03,,459.49,459.49,262.19,92.0,Ongoing,2025-01
OCMS-N06000233,,N06000233,RAMPUR BATURA OC (4.0 MTY),SECL,,CIVIL AVIATION,,,,,2026-03,,1248.93,1248.93,480.27,44.0,Ongoing,2025-01
OCMS-N06000236,,N06000236,MOHANPUR EXPANSION OC PHASE II,ECL,,CIVIL AVIATION,,,,,2026-03,,888.99,888.99,61.45,30.0,Ongoing,2025-01
OCMS-N06000237,,N06000237,KOTRE BASANTPUR PACHMO OCP,CCL,,ROAD TRANSPORT AND HIGHWAYS,,,,,2032-03,,625.4,625.4,411.4,60.0,Ongoing,2025-01
OCMS-N06000238,,N06000238,CHANDRAGUPT OCP,CCL,,ROAD TRANSPORT AND HIGHWAYS,,,,2032-03,2032-03,,973.5,973.5,7.95,12.4,Ongoing,2025-01
OCMS-N06000239,,N06000239,SIRKA OCP,CCL,,ROAD TRANSPORT AND HIGHWAYS,,,,2025-03,2025-03,,222.82,222.82,139.31,60.0,Ongoing,2025-01
OCMS-N06000240,,N06000240,JHARKHAND LAIYO OCP,CCL,,ROAD TRANSPORT AND HIGHWAYS,,,,,2031-03,,764.57,764.57,145.8,20.0,Ongoing,2025-01
OCMS-N06000241,,N06000241,EPR TAPIN SOUTH OCP,CCL,,ROAD TRANSPORT AND HIGHWAYS,,,,2025-03,2025-03,,230.41,230.41,18.14,18.3,Ongoing,2025-01
OCMS-N06000242,,N06000242,EPR PUNDI OCP,CCL,,ROAD TRANSPORT AND HIGHWAYS,,,,2027-03,2027-03,,713.35,713.35,236.57,39.0,Ongoing,2025-01
OCMS-N06000243,,N06000243,EPR ROHINI KARKATA OCP,CCL,,ROAD TRANSPORT AND HIGHWAYS,,,,,2028-03,,1020.42,1020.42,82.92,11.7,Ongoing,2025-01
OCMS-N06000244,,N06000244,BONJEMEHARI EXPANSION OCP,ECL,,CIVIL AVIATION,,,,,2026-03,,570.12,570.11,80.09,16.0,Ongoing,2025-01
OCMS-N06000245,,N06000245,EXPANSION OF KONAR OCP,CCL,,ROAD TRANSPORT AND HIGHWAYS,,,,,2032-03,,799.34,799.34,390.37,32.0,Ongoing,2025-01
OCMS-N06000246,,N06000246,EXPANSION OF KARO OCP,CCL,,ROAD TRANSPORT AND HIGHWAYS,,,,,2026-03,,908.47,908.47,145.93,17.2,Ongoing,2025-01
OCMS-N06000247,,N06000247,EXPANSION OF ASHOK OCP,CCL,,ROAD TRANSPORT AND HIGHWAYS,,,,,2028-03,,2898.28,2898.28,175.01,12.1,Ongoing,2025-01
OCMS-N06000248,,N06000248,KULDA EXPANSION OCP- 15 MTY,MCL,,ROAD TRANSPORT AND HIGHWAYS,,,,,2026-03,,348.16,348.16,207.75,60.0,Ongoing,2025-01
OCMS-N06000249,,N06000249,SUBHADRA OCP,MCL,,ROAD TRANSPORT AND HIGHWAYS,,,,2029-03,2029-03,,1693.81,1693.81,1171.56,39.1,Ongoing,2025-01
OCMS-N06000250,,N06000250,TAWA III UG MINE,WCL,,CIVIL AVIATION,,,,2027-03,2027-03,,314.09,324.25,0.56,9.0,Ongoing,2025-01
OCMS-N06000251,,N06000251,SAONER UG MINE I EXPANSION,WCL,,URBAN DEVELOPMENT,,,,,2028-03,,228.64,253.51,118.34,27.0,Ongoing,2025-01
OCMS-N06000252,,N06000252,SINGHORI DEEP OC,WCL,,URBAN DEVELOPMENT,,,,2029-03,2029-03,,335.75,421.84,22.01,16.0,Ongoing,2025-01
OCMS-N06000253,,N06000253,MAKARDHOKDA I EXPANSION OC,WCL,,URBAN DEVELOPMENT,,,,,2026-03,,361.87,497.06,33.9,12.0,Ongoing,2025-01
OCMS-N06000254,,N06000254,BHATADI EXPANSION OC,WCL,,URBAN DEVELOPMENT,,,,,2028-03,,580.6,729.86,61.33,17.0,Ongoing,2025-01
OCMS-N06000255,,N06000255,NEW MAJARI UG TO OC (3.0 MTY),WCL,,URBAN DEVELOPMENT,,,,,2027-03,,402.27,496.38,47.99,27.0,Ongoing,2025-01
OCMS-N06000256,,N06000256,BHANEGAON OC (1.15MTY),WCL,,URBAN DEVELOPMENT,,,,,2028-03,,405.2,494.6,10.21,7.0,Ongoing,2025-01
OCMS-N06000257,,N06000257,AMALGAMATED DHANKASA JAMUNIA UG,1.84 MTY,,CIVIL AVIATION,,2022-09,2022-09,2027-03,2027-03,,399.2,497.01,64.13,42.0,Ongoing,2025-01
OCMS-N06000258,,N06000258,GOLETI OPENCAST MINE,SCCL,,CIVIL AVIATION,,,,,2026-03,,345.6,345.6,56.0,18.0,Ongoing,2025-01
OCMS-N06000259,,N06000259,JAWAHAR KHANI OPENCAST (JK OC) MINE,SCCL,,COAL,,2021-12,2021-12,2025-03,2025-03,,297.88,297.88,45.15,20.0,Ongoing,2025-01
OCMS-N06000260,,N06000260,VISHNUPURI UG TO OC,WCL,,CIVIL AVIATION,,,,2029-03,2029-03,,220.62,227.65,0.0,7.0,Ongoing,2025-01
OCMS-N06000264,,N06000264,GOKUL EXPANSION OC,WCL,,URBAN DEVELOPMENT,,,,2026-03,2026-03,,309.58,456.95,3.65,7.0,Ongoing,2025-01
OCMS-N06000265,,N06000265,URDHAN OC,WCL,,CIVIL AVIATION,,,,2031-03,2031-03,,206.88,228.42,22.12,9.0,Ongoing,2025-01
OCMS-N06000266,,N06000266,SHARDA UG,WCL,,CIVIL AVIATION,,,,2028-03,2028-03,,166.25,200.16,1.69,11.0,Ongoing,2025-01
OCMS-N06000267,,N06000267,KOLGAON EXPANSION (DEEP) OC,WCL,,URBAN DEVELOPMENT,,,,,2027-03,,198.71,206.19,0.55,5.0,Ongoing,2025-01
OCMS-N06000269,,N06000269,NLCIL 300 MW SOLAR POWER PROJECT,PART OF 510 MW CPSU SCHEME,,COAL,,2023-03,2023-03,2024-09,2025-03,,1813.0,1813.0,451.16,58.0,Ongoing,2025-01
OCMS-N06000270,,N06000270,NLC TALABIRA THERMAL POWER PROJECT (PHASE-1: 3 X 800 MW),NLC,,ROAD TRANSPORT AND HIGHWAYS,,2024-01,2024-01,2029-05,2030-03,,27213.0,27213.0,1433.3,1.55,Ongoing,2025-01
OCMS-N06000271,,N06000271,AMALGAMATED GAURI PAUNI EXPANSION OC,WCL,,URBAN DEVELOPMENT,,2024-03,2024-03,2030-03,2030-03,,1225.21,1428.25,52.83,17.0,Ongoing,2025-01
OCMS-N06000272,,N06000272,ITAPARA OC,ECL,,CIVIL AVIATION,,,,2030-03,2030-03,,929.1,929.1,59.55,7.0,Ongoing,2025-01
OCMS-N06000273,,N06000273,AMALGAMATED NTST KUJAMA OCP 8.5 MTY,BCCL,,ROAD TRANSPORT AND HIGHWAYS,,2023-01,2023-01,2030-03,2030-03,,4011.85,4011.85,389.65,24.69,Ongoing,2025-01
OCMS-N06000274,,N06000274,KATKONA RO UG PROJECT (1.74 MTY),SECL,,URBAN DEVELOPMENT,,,,,2029-03,,329.22,329.22,60.34,2.0,Ongoing,2025-01
OCMS-N06000275,,N06000275,HURA C OC,ECL,,ROAD TRANSPORT AND HIGHWAYS,,,,2029-03,2029-03,,859.41,859.41,438.86,62.0,Ongoing,2025-01
OCMS-N06000276,,N06000276,UCE OF TILABONI UG,ECL,,CIVIL AVIATION,,,,2029-03,2029-03,,749.07,749.07,51.13,10.0,Ongoing,2025-01
OCMS-N06000277,,N06000277,UCE OF PARASEA BELBAID REORGANISATION UG,ECL,,CIVIL AVIATION,,2023-01,2023-01,2029-03,2028-03,,389.1,389.1,130.56,16.0,Ongoing,2025-01
OCMS-N06000278,,N06000278,GAURI CENTRAL OCM,WCL,,URBAN DEVELOPMENT,,,,2030-03,2030-03,,973.07,1015.07,0.0,,Ongoing,2025-01
OCMS-N06000279,,N06000279,50 MW SOLAR POWER PROJECT - NEYVELI MINED OUT AREA,NLC,,COAL,,2023-05,2023-05,2025-06,2025-04,,218.03,218.03,108.84,26.0,Ongoing,2025-01
OCMS-N06000280,,N06000280,CHUPERBHITA- SIMLONG OCP,ECL,,ROAD TRANSPORT AND HIGHWAYS,,,,,2037-03,,979.08,979.08,0.0,,Ongoing,2025-01
OCMS-N06000281,,N06000281,PARASCOLE JAMBAD OCP,ECL,,CIVIL AVIATION,,,,,2037-03,,1193.55,1193.55,0.0,,Ongoing,2025-01
OCMS-N06000282,,N06000282,BALLARPUR NORTHWEST OC MINE,WCL,,URBAN DEVELOPMENT,,,,,2029-03,,360.18,360.18,0.0,,Ongoing,2025-01
OCMS-N06000283,,N06000283,NORTHERN EXTENSION OF MUNGOLI NIRGUDA DEEP OC,WCL,,URBAN DEVELOPMENT,,2024-06,2024-06,2029-03,2029-03,,1024.91,1184.44,0.0,,Ongoing,2025-01
OCMS-N06000284,,N06000284,AMALGAMATED GONDEGAON - GHATROHAN EXPANSION OCM,WCL,,URBAN DEVELOPMENT,,2024-09,2024-09,2029-03,2029-03,,668.54,871.59,0.0,,Ongoing,2025-01
OCMS-N06000285,,N06000285,RPR OF HINGULA EXPANSION OCP,MCL,,ROAD TRANSPORT AND HIGHWAYS,,,,,2029-03,,1561.85,1561.85,0.0,,Ongoing,2025-01
OCMS-N06000286,,N06000286,BHUBANESWARI EXPANSION OCP,MCL,,COAL,,,,2031-03,2031-03,,5366.28,5366.28,,,Ongoing,2025-01
OCMS-N07000001,,N07000001,"C/O RESIDENTIAL COMPLEX BUILDING FOR CENTRAL BOARD OF INDIRECT TAXES AND CUSTOMS AT SECTOR-9, DWARKA",NPCC,,FINANCE,,2018-07,2018-07,2022-04,2022-04,,228.5,220.27,176.28,85.0,Ongoing,2025-01
OCMS-N10000010,,N10000010,5TH STREAM ALUMINA REFINERY EXPANSION PROJECT,NALCO,,MINES,,2014-12,2014-12,2021-04,2025-09,,4103.0,5677.4,3479.1,70.53,Ongoing,2025-01
OCMS-N10000011,,N10000011,UTKAL D AND E COAL BLOCK,NALCO,,MINES,,,,,2024-03,,534.0,1021.97,770.8,83.5,Ongoing,2025-01
OCMS-N10000012,,N10000012,CONVERSION OF FLAT BOTTOM SETTLERS AND WASHERS WITH A SINGLE TRAIN OF HRDS AND DCWS IN STREAMS 1 AND,NALCO,,MINES,,2015-12,2015-12,2020-11,2026-11,,355.0,581.0,130.79,12.6,Ongoing,2025-01
OCMS-N10000013,,N10000013,SOURCING OF BAUXITE ARRANGEMENT FOR 5TH STREAM ALUMINA REFINERY FROM SOUTH BLOCK MINING LEASE OF PAN,NALCO,,MINES,,2017-11,2017-11,2021-04,2025-05,,483.0,483.0,367.4,87.62,Ongoing,2025-01
OCMS-N10000014,,N10000014,25.5 MW WIND POWER PROJECT AT KAYATHAR IN TAMILNADU,NALCO,,MINES,,2017-09,2017-09,2019-06,2024-12,,166.62,163.17,135.63,65.0,Ongoing,2025-01
OCMS-N10000015,,N10000015,"CONSTRUCTION OF BASEMENTG FLOOR10 STORIES BUILDING FOR THE STATE OF THE ART, DG, GSI AT SECTOR- V, SA",CPWD,,MINES,,2019-04,2019-04,2022-04,2026-08,,255.37,255.37,64.06,30.0,Ongoing,2025-01
OCMS-N10000016,,N10000016,POTTANGI BAUXITE MINES,NALCO,,MINES,,,,,2025-05,,1437.0,1381.0,649.96,50.6,Ongoing,2025-01
OCMS-N10000017,,N10000017,CONSTRUCTION OF RED MUD POND - II AT NALCO DAMANJODI ODISHA,NALCO,,MINES,,2019-09,2019-09,2023-03,2024-05,,225.79,270.66,5.0,100.0,Ongoing,2025-01
OCMS-N12000095,,N12000095,NEW SINTER PLANT AT BOKARO STEEL PLANT,SAIL,,STEEL,,2015-03,2015-03,2017-10,2026-11,,1034.01,1752.3,872.03,51.75,Ongoing,2025-01
OCMS-N12000103,,N12000103,"CONSTRUCTION OF INTERNATIONAL CENTRE FOR PERFORMING ARTS AND CULTURE,SHILONG IN MEGALAYA UNDER NLCPR",HSCL FOR DONER,,DONER,,,,2017-09,2017-09,,151.33,151.33,148.33,100.0,Completed,2025-01
OCMS-N12000122,,N12000122,REBUILDING OF COKE OVEN BATTERY-2 ALONGWITH AUGMENTATION OF COKE HANDLING AND GAS HANDLING FACILITY,SAIL,,STEEL,,2020-11,2020-11,2023-05,2025-03,,377.18,377.18,421.26,94.68,Ongoing,2025-01
OCMS-N12000124,,N12000124,NMDC SLURRY PIPE LINE PROJECT - PHASE-1,NMDC,,ROAD TRANSPORT AND HIGHWAYS,,2015-11,2015-11,2023-06,2025-12,,2907.0,5427.06,2468.23,67.4,Ongoing,2025-01
OCMS-N12000125,,N12000125,INSTALLATION OF 4TH SLAB CASTER ALONG WITH ITS AUXILIARIES AND A NEW LADLE FURNACE IN SMS-II AT RSP,SAIL,,STEEL,,2022-01,2022-01,2025-05,2025-05,,970.18,970.18,571.77,75.02,Ongoing,2025-01
OCMS-N12000127,,N12000127,SCREENING PLANT-III AT KIRANDUL,NMDC,,ROAD TRANSPORT AND HIGHWAYS,,,,,2026-01,,2092.97,2718.84,1376.15,68.02,Ongoing,2025-01
OCMS-N12000129,,N12000129,REVAMPING OF OLD SUB SYSTEM OF BLAST FURNACE 3 AT BOKARO STEEL PLANT,SAIL,,STEEL,,2023-09,2023-09,2025-07,2025-07,,513.82,513.82,90.72,57.0,Ongoing,2025-01
OCMS-N12000130,,N12000130,CONSTRUCTION OF RESIDENTIAL TOWERS AT BIOM KIRANDUL COMPLEX,NMDC,,ROAD TRANSPORT AND HIGHWAYS,,2021-07,2021-07,2024-11,2025-12,,282.44,349.75,174.59,63.56,Ongoing,2025-01
OCMS-N12000131,,N12000131,"REPLACEMENT OF CONVERTER VESSELS, TRUNNION RINGS, SUPPORT SYSTEM AND INSTALLATION OF SECONDARY EMISS",SAIL,,ROAD TRANSPORT AND HIGHWAYS,,2023-10,2023-10,2026-06,2026-06,,471.83,471.83,42.06,5.73,Ongoing,2025-01
OCMS-N12000132,,N12000132,REBUILDING OF COKE OVEN BATTERY NO.4 OF DURGAPUR STEEL PLANT,SAIL,,STEEL,,2023-11,2023-11,2026-12,2026-12,,916.78,916.78,62.49,4.3,Ongoing,2025-01
OCMS-N12000133,,N12000133,REBUILDING OF COKE OVEN BATTERY NO.6 OF BOKARO STEEL PLANT,SAIL,,STEEL,,2023-11,2023-11,2026-11,2026-11,,627.31,627.31,67.5,31.0,Ongoing,2025-01
OCMS-N12000134,,N12000134,REBUILDING OF COKE OVEN BATTERY NO.7 AND 8 OF BHILAI STEEL PLANT,SAIL,,ROAD TRANSPORT AND HIGHWAYS,,2023-11,2023-11,2025-10,2025-10,,884.1,884.1,289.97,57.73,Ongoing,2025-01
OCMS-N12000135,,N12000135,REPLACEMENT OF REMAINING 04 NOS. OF BATTERY CYCLONES WITH 04 NOS. OF ESPS IN SINTER PLANT-1 AT BSL,SAIL,,STEEL,,2024-03,2024-03,2026-06,2026-06,,260.37,260.37,0.0,5.0,Ongoing,2025-01
OCMS-N12000136,,N12000136,"SCREENING PLANT-II, DONIMALAI",NMDC,,STEEL,,2023-09,2023-09,2026-08,2026-08,,1043.63,1043.63,,,Ongoing,2025-01
OCMS-N16000213,,N16000213,LIFE EXTENSION OF WALL PLATFORMS OF MUMBAI HIGH AND HEERA FIELDS,ONGC,,HEALTH AND FAMILY WELFARE,,2015-12,2015-12,2018-04,2025-06,,3190.69,3375.9,2967.37,87.8,Ongoing,2025-01
OCMS-N16000234,,N16000234,IRUGUR-DEVANGONTHI POL PIPELINE,BPCL,,MINES,,,,,2025-10,,678.0,1732.0,532.09,48.1,Ongoing,2025-01
OCMS-N16000235,,N16000235,VISAKH REFINERY MODERNISATION PROJECT,HPCL,,DEPARTMENT OF HIGHER EDUCATION,,2016-07,2016-07,2020-07,2025-02,,20928.0,30609.0,27738.0,98.7,Ongoing,2025-01
OCMS-N16000239,,N16000239,DEVELOPMENT PLAN OF CBM - BOKARO BLOCK,ONGC,,PETROLEUM,,2015-12,2015-12,2023-03,2025-03,,823.27,1137.79,1060.31,83.3,Ongoing,2025-01
OCMS-N16000247,,N16000247,KG-DWN-98-2 CLUSTER II DEVELOPMENT PROJECT,ONGC,,DEPARTMENT OF HIGHER EDUCATION,,2016-03,2016-03,2020-06,2025-03,,34012.0,34012.0,32076.43,96.0,Ongoing,2025-01
OCMS-N16000275,,N16000275,DURGAPUR-HALDIA PIPELINE PROJECT,GAIL,,PETROLEUM,,,,,2025-12,,1740.0,2433.15,2117.5,88.0,Ongoing,2025-01
OCMS-N16000279,,N16000279,REDEVELOPMENT OF SANTHAL FIELD,ONGC,,CIVIL AVIATION,,,,,2026-03,,1162.56,1162.56,1145.82,92.6,Ongoing,2025-01
OCMS-N16000285,,N16000285,KOCHI-KOOTTANAD-BANGALORE- MANGALORE PIPELINE PHASE-II,GAIL,,DPIIT,,2009-06,2009-06,2012-12,2025-03,,2915.0,5909.0,4153.3,93.3,Ongoing,2025-01
OCMS-N16000331,,N16000331,DEVELOPMENT OF SURFACE FACILITIES FOR PRODUCTION AND EVACUATION OF CRUDE OIL AND NATURAL GAS FROM NA,OIL,,HEALTH AND FAMILY WELFARE,,2018-01,2018-01,2020-02,2025-06,,543.91,670.9,491.56,93.89,Ongoing,2025-01
OCMS-N16000343,,N16000343,REVAMPING OF FACILITIES AT VIZAG TERMINAL,IOCL,,DEPARTMENT OF HIGHER EDUCATION,,2018-04,2018-04,2022-04,2025-03,,355.0,355.0,247.36,79.3,Ongoing,2025-01
OCMS-N16000358,,N16000358,MUMBAI HIGH NORTH REDEVELOPMENT PHASE-IV,ONGC,,HEALTH AND FAMILY WELFARE,,2019-04,2019-04,2022-03,2025-02,,3228.8,3976.67,3957.65,99.5,Ongoing,2025-01
OCMS-N16000361,,N16000361,ADDITIONAL STORAGE TANKS AT PARADIP,IOCL,,PETROLEUM,,2018-11,2018-11,2021-09,2025-03,,462.3,552.44,481.2,96.9,Ongoing,2025-01
OCMS-N16000362,,N16000362,Fuel Quality Upgradation Project at Paradip Refinery,IOCL,,PETROLEUM,,,,2021-08,2021-08,,,,2727.6,100.0,Completed,2025-01
OCMS-N16000368,,N16000368,INSTALLATION OF STANDBY SRU TRAIN OF 525 TPD ALONGWITH INCINERATOR AT PARADIP REFINERY,IOCL,,PETROLEUM,,,,2022-09,2022-09,,427.1,427.1,312.13,100.0,Completed,2025-01
OCMS-N16000369,,N16000369,CONSTRUCTION OF 80000MT LPG CAVERN AT MANGALORE,HPCL,,PETROLEUM,,2018-12,2018-12,2022-12,2025-03,,854.0,854.0,654.47,93.6,Ongoing,2025-01
OCMS-N16000375,,N16000375,R and D CAMPUS II AT FARIDABAD,IOCL,,PETROLEUM,,,,,2025-07,,2281.94,3219.94,1638.21,62.0,Ongoing,2025-01
OCMS-N16000378,,N16000378,SWRO II WITH LLPH FACILITIES,HPCL,,DEPARTMENT OF HIGHER EDUCATION,,,,,2025-03,,196.26,196.26,171.66,87.5,Ongoing,2025-01
OCMS-N16000379,,N16000379,NUMALIGARH REFINERY EXPANSION PROJECT 6 MMTPA REFINARY,NRL,,HEALTH AND FAMILY WELFARE,,2019-01,2019-01,2024-10,2025-12,,12366.0,18968.0,14668.34,69.31,Ongoing,2025-01
OCMS-N16000382,,N16000382,ACRYLICS OR OXO-ALCOHOL PROJECT AT GUJARAT REFINERY,IOCL,,CIVIL AVIATION,,2019-11,2019-11,2023-05,2025-03,,5251.0,5894.0,4559.99,99.1,Ongoing,2025-01
OCMS-N16000386,,N16000386,BARAUNI REFINERY CAPACITY EXPANSION FROM 6.0 TO 9.0 MMTPA,IOCL,,PETROLEUM,,2020-01,2020-01,2023-04,2026-08,,14810.0,14810.0,10319.56,82.9,Ongoing,2025-01
OCMS-N16000388,,N16000388,SRIKAKULAM ANGUL PIPELINE PROJECT,GAIL,,DPIIT,,,,,2025-06,,2658.34,2658.34,2037.9,93.3,Ongoing,2025-01
OCMS-N16000391,,N16000391,DHAMRA HALDIA PIPELINE PROJECT,GAIL,,DPIIT,,,,,2025-12,,1030.65,1030.65,810.4,85.4,Ongoing,2025-01
OCMS-N16000392,,N16000392,CITY GAS DISTRIBUTION IN WEST BENGAL,HPCL,,PETROLEUM,,2019-03,2019-03,2031-03,2029-03,,5830.2,5830.2,828.43,27.0,Ongoing,2025-01
OCMS-N16000394,,N16000394,NUMALIGARH REFINERY EXPANSION PROJECT COIT AND PIPELINES,NRL,,HEALTH AND FAMILY WELFARE,,2019-01,2019-01,2024-10,2025-09,,10228.0,9058.0,8711.78,81.9,Ongoing,2025-01
OCMS-N16000396,,N16000396,INTEGRATED PARA XYLENE (PX) AND PURIFIED TEREPHTHALIC ACID (PTA) PROJECT AT PARADIP REFINERY,IOCL,,PETROLEUM,,2020-07,2020-07,2024-01,2025-04,,13805.0,13805.0,7116.57,87.5,Ongoing,2025-01
OCMS-N16000398,,N16000398,MUMBAI NAGPUR JHARSUGUDA PIPELINE PROJECT,GAIL,,DPIIT,,2020-06,2020-06,2023-05,2025-06,,7844.25,7844.25,5927.5,91.9,Ongoing,2025-01
OCMS-N16000402,,N16000402,"SECOND GENERATION ETHANOL BIOREFINERY PROJECT, BATHINDA, PUNJAB",HPCL,,PETROLEUM,,2020-05,2020-05,2023-02,2025-03,,1421.46,1421.46,1111.28,95.4,Ongoing,2025-01
OCMS-N16000405,,N16000405,"SETTING UP LUBE COMPLEX AT VILLAGES AMULLAVOYAL AND VAIKKADU, CHENNAI AS RESITEMENT OF EXISTING FACI",IOCL,,PETROLEUM,,,,2023-12,2023-12,,1398.0,1398.0,1303.66,100.0,Completed,2025-01
OCMS-N16000409,,N16000409,PETROCHEMICAL AND LUBE INTEGRATION PROJECT AT GUJARAT REFINERY,IOCL,,CIVIL AVIATION,,2020-09,2020-09,2024-08,2025-12,,18936.0,18936.0,10077.63,78.6,Ongoing,2025-01
OCMS-N16000411,,N16000411,AUGUMENTATION OF SALAYA MATHURA CRUDE OIL PIPELINE SYSTEM,IOCL,,CIVIL AVIATION,,2020-10,2020-10,2023-08,2025-06,,1614.0,1614.0,1069.57,93.44,Ongoing,2025-01
OCMS-N16000412,,N16000412,CAPACITY EXPANSION OF PANIPAT REFINERY FROM 15 TO 25 MMTPA,IOCL,,PETROLEUM,,2021-02,2021-02,2024-09,2025-12,,34627.0,38231.0,17325.96,80.6,Ongoing,2025-01
OCMS-N16000413,,N16000413,AUGMENTATION OF FACILITIES AT THE EXISTING RAIPUR DEPOT,HPCL,,PETROLEUM,,2021-03,2021-03,2024-03,2025-03,,456.0,456.0,370.55,95.6,Ongoing,2025-01
OCMS-N16000414,,N16000414,EXPANSION OF GUWAHATI REFINERY FROM 1 TO 1.2 MMTPA ALONG WITH INSTALLATION OF CATALYTIC REFORMING UN,IOCL,,HEALTH AND FAMILY WELFARE,,2021-05,2021-05,2023-10,2026-05,,412.0,509.84,365.71,80.4,Ongoing,2025-01
OCMS-N16000423,,N16000423,"CGD PROJECT AT KHAGARIA, SAHARSA AND MADHEPURA",IOCL,,PETROLEUM,,2019-06,2019-06,2029-12,2030-03,,163.0,163.0,89.94,27.8,Ongoing,2025-01
OCMS-N16000426,,N16000426,CGD PROJECT AT NAWADA AND KODERMA DISTRICTS,IOCL,,DPIIT,,2019-06,2019-06,2029-12,2030-03,,169.0,169.0,74.75,18.1,Ongoing,2025-01
OCMS-N16000428,,N16000428,REDEVELOPMENT OF LINCH FIELD,ONGC,,CIVIL AVIATION,,,,,2025-07,,631.03,860.04,308.13,63.0,Ongoing,2025-01
OCMS-N16000429,,N16000429,60 KTA POLYPROPYLENE PROJECT,GAIL,,PETROLEUM,,,,,2025-03,,910.56,1299.02,921.4,93.7,Ongoing,2025-01
OCMS-N16000430,,N16000430,SETTING UP 500KTPA PROPANE DEHYDROGENATION INTEGRATED WITH POLYPROPYLENE UNIT ALONG WITH OFFSITE AND,GAIL,,HEALTH AND FAMILY WELFARE,,2019-05,2019-05,2025-04,2025-10,,8797.0,11256.0,5775.34,79.3,Ongoing,2025-01
OCMS-N16000431,,N16000431,REDEVELOPMENT OF SOBHASAN COMPLEX,ONGC,,CIVIL AVIATION,,2021-08,2021-08,2026-02,2026-02,,885.63,1286.67,482.5,56.9,Ongoing,2025-01
OCMS-N16000432,,N16000432,HP CRUDE TO OLEFINS AND AROMATICS TECHNOLOGY DEMO UNIT AT VISAKH REFINERY,HPCL,,DEPARTMENT OF HIGHER EDUCATION,,2021-09,2021-09,2024-06,2026-03,,160.0,220.0,19.73,47.0,Ongoing,2025-01
OCMS-N16000434,,N16000434,CBR 9 MMTPA PROJECT,CPCL,,MINES,,,,,2025-06,,31580.0,36354.0,1303.96,10.2,Ongoing,2025-01
OCMS-N16000435,,N16000435,NEW MUNDRA-PANIPAT CRUDE OIL PIPELINE,IOCL,,COAL,,2021-12,2021-12,2024-10,2025-12,,9028.0,9028.0,6252.17,74.03,Ongoing,2025-01
OCMS-N16000436,,N16000436,PIPELINE REPLACEMENT PROJECT - VII,ONGC,,HEALTH AND FAMILY WELFARE,,,,,2025-03,,3183.58,3645.23,3417.0,99.5,Ongoing,2025-01
OCMS-N16000437,,N16000437,"REVAMPING, AUGMENTATION OF FACILITIES AT EXISTING PORT TERMINAL AT MANGALORE",IOCL,,PETROLEUM,,2022-01,2022-01,2025-07,2025-12,,463.0,500.62,206.94,64.5,Ongoing,2025-01
OCMS-N16000438,,N16000438,"GRASS ROOT POL TERMINAL AT VALLUR, CHENNAI",IOCL,,MINES,,2022-01,2022-01,2024-07,2025-06,,827.0,887.71,536.1,80.1,Ongoing,2025-01
OCMS-N16000439,,N16000439,NORTH EAST GAS GRID,IGGL,,DPIIT,,,,2024-03,2027-03,,9265.0,9265.0,5746.93,83.98,Ongoing,2025-01
OCMS-N16000440,,N16000440,BHATINDA SANGRUR PIPELINE,HPCL,,PETROLEUM,,,,,2025-02,,367.0,397.0,307.68,87.2,Ongoing,2025-01
OCMS-N16000441,,N16000441,"REVAMPING OF FACILITIES AT EXISTING GUWAHATI TERMINAL, ASSAM",IOCL,,HEALTH AND FAMILY WELFARE,,2022-03,2022-03,2026-07,2026-09,,277.0,277.0,163.98,59.1,Ongoing,2025-01
OCMS-N16000442,,N16000442,DEBOTTLENECKING AND AUGMENTATION OF CRYOGENIC FACILITIES AT URAN LPG IMPORT TERMINAL,BPCL,,HEALTH AND FAMILY WELFARE,,2021-04,2021-04,2024-06,2025-04,,1164.69,1164.69,707.46,66.4,Ongoing,2025-01
OCMS-N16000444,,N16000444,COMMERCIAL POLYMER FLOODING PROJECT IN BECHRAJI FIELD,ONGC,,CIVIL AVIATION,,2022-01,2022-01,2024-11,2025-11,,621.4,621.4,123.1,21.4,Ongoing,2025-01
OCMS-N16000445,,N16000445,DEVELOPMENT OF JHARIA CBM BLOCK,PHASE-1,,PETROLEUM,,2019-11,2019-11,2024-01,2025-03,,431.0,431.0,173.22,56.9,Ongoing,2025-01
OCMS-N16000446,,N16000446,EXPANSION OF CRYOGENICS GROUP BY SETTING UP NEW MANUFACTURING FACILITY,IOCL,,HEALTH AND FAMILY WELFARE,,2021-09,2021-09,2023-10,2024-05,,378.0,378.0,120.07,39.08,Ongoing,2025-01
OCMS-N16000449,,N16000449,UPGRADATION OF FACILITIES OF NUMALIGARH-SILIGURI PRODUCT PIPELINE (NSPL) FOR TRANSPORTATION OF ADDIT,OIL,,HEALTH AND FAMILY WELFARE,,2021-06,2021-06,2024-12,2025-04,,860.0,860.0,467.22,92.4,Ongoing,2025-01
OCMS-N16000450,,N16000450,"PROJECT TO CONSTRUCT A FIELD GAS GATHERING STATION AT BAGHJAN AREA FOR COLLECTION,PROCESSING",OIL,,HEALTH AND FAMILY WELFARE,,2020-12,2020-12,2024-07,2025-06,,430.76,430.76,279.38,75.35,Ongoing,2025-01
OCMS-N16000452,,N16000452,CONSTRUCTION OF LUBE OIL BLENDING AND FILLING PLANT AT RASAYANI,BPCL,,HEALTH AND FAMILY WELFARE,,2022-05,2022-05,2024-03,2024-09,,423.39,423.39,211.0,71.0,Ongoing,2025-01
OCMS-N16000453,,N16000453,INSTALLATION OF BITUMEN MANUFACTURING UNIT ALONG WITH ALLIED FACILITIES AT BARAUNI,IOCL,,PETROLEUM,,2022-01,2022-01,2025-04,2026-08,,389.0,389.0,32.31,23.9,Ongoing,2025-01
OCMS-N16000454,,N16000454,INSTALLATION OF NEW BITUMEN UNIT ALONG WITH ALLIED FACILITIES AT GUJARAT,IOCL,,CIVIL AVIATION,,2022-01,2022-01,2024-09,2025-08,,328.0,328.0,40.15,32.8,Ongoing,2025-01
OCMS-N16000455,,N16000455,LAYING OF POL PIPELINES IN COMMON CORRIDOR FOR PROPOSED GRASS ROOT TERMINAL AT VALLUR (CHENNAI),IOCL,,MINES,,2022-01,2022-01,2024-07,2026-05,,829.0,829.0,226.53,56.53,Ongoing,2025-01
OCMS-N16000456,,N16000456,ATF PIPELINE FROM JAWAHARLAL NEHRU PORT TRUST (JNPT) TO NAVI MUMBAI INTERNATIONAL AIRPORT,NMIA,,HEALTH AND FAMILY WELFARE,,2022-09,2022-09,2025-08,2026-03,,165.0,165.0,63.09,57.62,Ongoing,2025-01
OCMS-N16000457,,N16000457,CAPACITY EXPANSION OF DIGBOI REFINERY FROM 0.65 TO 1.0 MMTPA,IOCL,,HEALTH AND FAMILY WELFARE,,2022-06,2022-06,2025-10,2026-03,,768.0,768.0,64.39,24.6,Ongoing,2025-01
OCMS-N16000458,,N16000458,POLY BUTADIENE RUBBER PLANT AT PANIPAT,IOCL,,PETROLEUM,,2022-03,2022-03,2025-03,2026-06,,1459.0,2102.79,739.39,54.0,Ongoing,2025-01
OCMS-N16000470,,N16000470,DAMAN UPSIDE DEVELOPMENT PROJECT (DUDP) IN TAPTI DAMAN BLOCK,ONGC,,HEALTH AND FAMILY WELFARE,,2022-06,2022-06,2025-10,2026-02,,4144.41,6406.9,1431.67,23.7,Ongoing,2025-01
OCMS-N16000477,,N16000477,"RESTORATION OF GAS TERMINAL, PHASE-I (PART-A), HAZIRA PLANT",ONGC,,CIVIL AVIATION,,2022-05,2022-05,2025-02,2025-09,,249.43,249.43,177.24,88.2,Ongoing,2025-01
OCMS-N16000478,,N16000478,HALDIA PANAGARH PIPELINE PROJECT,HPCL,,PETROLEUM,,,,,2025-11,,1010.0,1010.0,344.83,66.59,Ongoing,2025-01
OCMS-N16000480,,N16000480,LAYING OF NATURAL GAS PIPELINE FROM HAZARIBAGH TO RANCHI,IOCL,,PETROLEUM,,2023-03,2023-03,2026-02,2026-02,,202.07,202.07,47.1,37.48,Ongoing,2025-01
OCMS-N16000481,,N16000481,KALOL REDEVELOPMENT PROJECT,ONGC,,CIVIL AVIATION,,,,,2027-03,,1487.41,1487.41,859.39,56.8,Ongoing,2025-01
OCMS-N16000483,,N16000483,OLD PIPE LINE REPLACEMENT (OPRP) GROUP-A,ONGC,,CIVIL AVIATION,,2021-07,2021-07,2025-07,2025-07,,173.03,169.84,134.01,81.6,Ongoing,2025-01
OCMS-N16000484,,N16000484,"CONSTRUCTION OF LPG FACILITIES AT KAMARDANGA, ASSAM",HPCL,,HEALTH AND FAMILY WELFARE,,2023-03,2023-03,2027-07,2027-07,,156.36,156.36,17.7,20.0,Ongoing,2025-01
OCMS-N16000485,,N16000485,"CGD PROJECT AT KURNOOL, GUNTUR AND PRAKASAM DISTRICTS",IOCL,,DEPARTMENT OF HIGHER EDUCATION,,2022-03,2022-03,2030-03,2030-03,,1420.0,1420.0,131.98,5.1,Ongoing,2025-01
OCMS-N16000486,,N16000486,CGD PROJECT AT DHARMAPURI AND KRISHNAGIRI DISTRICTS,IOCL,,MINES,,2022-03,2022-03,2030-03,2030-12,,501.0,501.0,99.83,4.9,Ongoing,2025-01
OCMS-N16000487,,N16000487,"CGD PROJECT AT BEED, JALGAON AND JALNA DISTRICTS",IOCL,,HEALTH AND FAMILY WELFARE,,2022-03,2022-03,2030-03,2031-09,,865.0,865.0,49.13,1.9,Ongoing,2025-01
OCMS-N16000488,,N16000488,CGD PROJECT AT PATHANKOT DISTRICT,IOCL,,PETROLEUM,,2022-03,2022-03,2030-03,2033-09,,151.0,151.0,7.78,1.5,Ongoing,2025-01
OCMS-N16000489,,N16000489,"CGD PROJECT AT JHUNJHUNU, SIKAR AND NAGAUR DISTRICTS",IOCL,,PETROLEUM,,,,2030-03,2030-03,,575.0,575.0,124.37,100.0,Completed,2025-01
OCMS-N16000490,,N16000490,"CGD PROJECT AT MADURAI, THENI AND VIRUDHNAGAR DISTRICTS",IOCL,,PETROLEUM,,,,2030-03,2030-03,,1328.0,1328.0,149.21,100.0,Completed,2025-01
OCMS-N16000491,,N16000491,"CGD PROJECT AT EAST MEDNIPORE, WEST MEDNIPORE AND JHARGRAM DISTRICTS",IOCL,,PETROLEUM,,2022-03,2022-03,2030-03,2031-06,,609.0,609.0,57.97,1.5,Ongoing,2025-01
OCMS-N16000492,,N16000492,"CGD PROJECT AT KANYAKUMARI, TUTICORIN, TIRUNVELI KATTABO AND TENKASI DISTRICTS",IOCL,,PETROLEUM,,,,2030-03,2030-03,,1295.0,1295.0,145.61,100.0,Completed,2025-01
OCMS-N16000494,,N16000494,"SETTING UP OF NEW RAIL FED POL FACILITY AT KAMARDANGA, ASSAM",HPCL,,HEALTH AND FAMILY WELFARE,,2023-03,2023-03,2027-07,2027-07,,384.04,384.04,53.91,16.6,Ongoing,2025-01
OCMS-N16000495,,N16000495,"GRASS ROOT RAIL FED DEPOT AT SEKERKOTE, AGARTALA AS RESITEMENT OF EXISTING DHARMANAGAR DEPOT",IOCL,,PETROLEUM,,2022-06,2022-06,2025-08,2025-09,,656.0,656.0,371.7,72.1,Ongoing,2025-01
OCMS-N16000496,,N16000496,"CGD PROJECT IN TONK, SAWAI MADHOPUR, DAUSA, KARAULI",HPCL,,COAL,,2022-03,2022-03,2030-03,2030-03,,1751.0,1751.0,205.12,21.9,Ongoing,2025-01
OCMS-N16000497,,N16000497,CGD PROJECT IN BIHAR JHARKHAND,HPCL,,PETROLEUM,,,,,2030-06,,1377.0,1377.0,192.76,19.0,Ongoing,2025-01
OCMS-N16000498,,N16000498,CGD PROJECT IN WEST BENGAL 11TH ROUND,HPCL,,PETROLEUM,,2022-06,2022-06,2030-06,2030-06,,2628.0,2628.0,177.63,19.9,Ongoing,2025-01
OCMS-N16000499,,N16000499,MULTI-PRODUCT PIPELINE FROM KRISHNAPATNAM COASTAL INSTALLATION TO THE PROPOSED INSTALLATION AT HYDER,BPCL,,DEPARTMENT OF HIGHER EDUCATION,,2019-09,2019-09,2025-03,2025-10,,1932.0,1932.0,1491.62,73.5,Ongoing,2025-01
OCMS-N16000500,,N16000500,SETTING UP A COMMON USER PETROLEUM TERMINAL AT JAMMU FOR RE-SITEMENT OF EXISTING DEPOTS OF PSU OMCS,BPCL,,PETROLEUM,,2021-04,2021-04,2025-03,2025-03,,676.89,676.89,439.05,63.0,Ongoing,2025-01
OCMS-N16000502,,N16000502,"UPGRADING IPSHEM TO WORLD CLASS FACILITY OF ONGC, GOA",ONGC,,PETROLEUM,,2023-03,2023-03,2024-06,2025-02,,325.53,325.53,301.44,99.8,Ongoing,2025-01
OCMS-N16000503,,N16000503,ANDHERI RESIDENTIAL TOWERS MUMBAI,IOCL,,HEALTH AND FAMILY WELFARE,,2017-06,2017-06,2025-05,2026-06,,281.35,389.67,207.95,44.6,Ongoing,2025-01
OCMS-N16000504,,N16000504,CONSTRUCTION OF ADDITIONAL TANKAGES AND ALLIED FACILITIES AT JNPT TERMINAL,IOCL,,HEALTH AND FAMILY WELFARE,,2022-04,2022-04,2024-10,2026-08,,341.43,436.14,222.23,37.7,Ongoing,2025-01
OCMS-N16000505,,N16000505,AUGMENTATION OF FACILITIES AT MATHURA BITUMEN PLANT,IOCL,,PETROLEUM,,2022-04,2022-04,2025-04,2026-12,,260.12,260.12,1.03,22.8,Ongoing,2025-01
OCMS-N16000506,,N16000506,GRASS-ROOT TERMINAL AT MIRZAPUR UTTAR PRADESH,IOCL,,PETROLEUM,,2022-09,2022-09,2026-06,2026-11,,980.45,980.45,146.18,40.3,Ongoing,2025-01
OCMS-N16000507,,N16000507,INSTALLATION OF INDEPENDENT DE- AROMATIZED SOLVENTS PRODUCTION FACILITIES AT MUMBAI REFINERY,BPCL,,HEALTH AND FAMILY WELFARE,,2023-03,2023-03,2025-07,2025-07,,405.0,405.0,138.75,61.5,Ongoing,2025-01
OCMS-N16000508,,N16000508,REPLACEMENT AND EXTENSION OF JETTY PIPELINES AT KOCHI REFINERY,BPCL,,PETROLEUM,,2023-03,2023-03,2026-03,2026-03,,621.87,621.87,138.62,73.2,Ongoing,2025-01
OCMS-N16000509,,N16000509,POWER SYSTEM UPGRADATION PROJECT,MANGALORE REFIN,,PETROLEUM,,2023-10,2023-10,2026-02,2026-02,,385.0,385.0,70.94,37.58,Ongoing,2025-01
OCMS-N16000510,,N16000510,POWER RECOVERY TURBINE IN PFCCU,NRL,,HEALTH AND FAMILY WELFARE,,,,,2025-07,,293.5,293.5,56.33,87.0,Ongoing,2025-01
OCMS-N16000511,,N16000511,DCU REVAMP PROJECT,NRL,,HEALTH AND FAMILY WELFARE,,,,2025-03,2025-10,,370.0,370.0,228.16,42.7,Ongoing,2025-01
OCMS-N16000512,,N16000512,SETTING UP OF PETROCHEMICAL EVACUATION MARKETING TERMINAL (PEMT) AT BARMER,HPCL,,COAL,,2023-12,2023-12,2026-12,2026-12,,461.05,461.05,48.24,30.8,Ongoing,2025-01
OCMS-N16000513,,N16000513,RAJASTHAN REFINERY PROJECT,HPCLRRL(JV,,COAL,,,,,2025-03,,43129.0,72937.0,52868.75,84.5,Ongoing,2025-01
OCMS-N16000514,,N16000514,"REVAMPING OF SV STATIONS, GAS TERMINAL AND KRIBHCO TERMINAL",ONGC,,CIVIL AVIATION,,2022-11,2022-11,2026-08,2026-08,,837.34,837.34,117.38,32.9,Ongoing,2025-01
OCMS-N16000515,,N16000515,PART REPLACEMENT PIPELINE PROJECT (PRPP),ONGC,,HEALTH AND FAMILY WELFARE,,2022-11,2022-11,2024-05,2025-03,,1219.48,1145.1,477.49,65.4,Ongoing,2025-01
OCMS-N16000518,,N16000518,ETHYLENE CRACKER PROJECT AT BINA REFINERY INCLUDING DOWNSTREAM PETROCHEMICAL PLANTS AND EXPANSION OF,BPCL,,PETROLEUM,,2023-05,2023-05,2028-05,2028-05,,43367.0,43367.0,1133.1,8.9,Ongoing,2025-01
OCMS-N16000519,,N16000519,POL AND LOBS INSTALLATIONS WITH RECEIPT PIPELINES AT RASAYANI,BPCL,,HEALTH AND FAMILY WELFARE,,2023-05,2023-05,2026-05,2026-05,,2585.0,2585.0,299.83,45.8,Ongoing,2025-01
OCMS-N16000520,,N16000520,CGD PROJECTS AT FAZILKA (EXCEPT AREA ALREADY AUTHORIZED) GANGANAGAR AND HANUMANGARH DISTRICTS,BPCL,,COAL,,2022-12,2022-12,2030-06,2030-06,,3207.0,3207.0,213.16,17.1,Ongoing,2025-01
OCMS-N16000521,,N16000521,CGD PROJECTS AT THE NILGIRIS AND ERODE DISTRICTS,BPCL,,MINES,,2022-12,2022-12,2030-03,2030-03,,3685.0,3685.0,152.0,7.2,Ongoing,2025-01
OCMS-N16000522,,N16000522,CITY GAS DISTRIBUTION PROJECTS AT ALIPURDUAR AND COOCH BEHAR,BPCL,,PETROLEUM,,2022-12,2022-12,2030-03,2030-03,,1017.0,1017.0,122.45,22.9,Ongoing,2025-01
OCMS-N16000523,,N16000523,CITY GAS DISTRIBUTION PROJECTS AT GOPALGANJ SIWAN WEST CHAMPARAN EAST CHAMPARAN AND DEORIA DISTRICTS,BPCL,,PETROLEUM,,2022-12,2022-12,2030-06,2030-06,,3919.0,3919.0,229.2,12.7,Ongoing,2025-01
OCMS-N16000524,,N16000524,"CITY GAS DISTRIBUTION PROJECTS AT DARBHANGA, MADHUBANI, SUPAUL, SITAMARHI AND SHEOHAR DISTRICTS",BPCL,,PETROLEUM,,2022-12,2022-12,2030-03,2030-03,,3638.0,3638.0,259.93,14.7,Ongoing,2025-01
OCMS-N16000525,,N16000525,"CITY GAS DISTRIBUTION PROJECTS AT LAKHIMPUR KHERI , SITAPUR, BAHRAICH, SHRAVASTI,BALRAMPUR,",BPCL,,PETROLEUM,,2022-12,2022-12,2030-06,2030-06,,16654.0,16654.0,349.85,6.4,Ongoing,2025-01
OCMS-N16000526,,N16000526,MHN TCPP PGC BGC PROJECT (MTPBP),ONGC,,HEALTH AND FAMILY WELFARE,,,,,2026-05,,2329.45,2354.23,272.3,23.4,Ongoing,2025-01
OCMS-N16000527,,N16000527,CGD PROJECT AT JAMMU DISTRICTS,IOCL,,PETROLEUM,,,,,2034-09,,538.0,538.0,3.1,0.4,Ongoing,2025-01
OCMS-N16000528,,N16000528,PIPELINE NETWORK PROJECT RUDRASAGAR,ONGC,,HEALTH AND FAMILY WELFARE,,2023-01,2023-01,2026-04,2026-04,,344.99,344.99,166.36,41.6,Ongoing,2025-01
OCMS-N16000529,,N16000529,"AUGMENTATION OF DIMAPUR DEPOT, DIMAPUR",IOCL,,PETROLEUM,,2023-08,2023-08,2027-11,2027-11,,227.62,227.62,2.76,13.9,Ongoing,2025-01
OCMS-N16000530,,N16000530,SETTING UP POLYPROPYLENE UNIT AT KOCHI REFINERY,BPCL,,PETROLEUM,,2023-12,2023-12,2027-10,2027-10,,4460.0,4460.0,91.15,6.9,Ongoing,2025-01
OCMS-N16000531,,N16000531,GURDASPUR JAMMU PIPELINE,GAIL,,DPIIT,,,,,2026-07,,521.92,521.92,82.1,23.9,Ongoing,2025-01
OCMS-N16000532,,N16000532,BORHOLLA GGS LIFE EXTENSION PROJECT,ONGC,,HEALTH AND FAMILY WELFARE,,2023-09,2023-09,2026-05,2026-05,,198.7,198.7,19.5,6.4,Ongoing,2025-01
OCMS-N16000533,,N16000533,PRP-VIII GROUP B (NH AND BS ASSET),ONGC,,HEALTH AND FAMILY WELFARE,,,,,2026-02,,2379.84,2379.84,221.91,20.7,Ongoing,2025-01
OCMS-N16000534,,N16000534,HP TDAE UNIT IN MUMBAI REFINERY,HPCL,,HEALTH AND FAMILY WELFARE,,,,,2026-04,,240.0,240.0,16.15,17.2,Ongoing,2025-01
OCMS-N16000535,,N16000535,HP TRIJET UNIT IN VR,HPCL,,DEPARTMENT OF HIGHER EDUCATION,,,,2027-07,2027-07,,193.0,193.0,0.23,14.0,Ongoing,2025-01
OCMS-N16000536,,N16000536,DEMO PLANT FOR PRODUCTION OF BIO- ATF,MANGALORE REFIN,,PETROLEUM,,2024-03,2024-03,2027-03,2027-03,,364.0,364.0,8.26,1.2,Ongoing,2025-01
OCMS-N16000537,,N16000537,INTEGRATED DEVELOPMENT OF 4 CONTRACT AREAS UNDER DSF2,ONGC,,HEALTH AND FAMILY WELFARE,,2023-05,2023-05,2027-04,2027-04,,6183.79,6183.79,0.0,3.6,Ongoing,2025-01
OCMS-N16000538,,N16000538,CONSTRUCTION OF AVIATION FUEL FARM FACILITIES AT BHOGAPURAM AIRPORT,HPCL,,DEPARTMENT OF HIGHER EDUCATION,,2024-08,2024-08,2026-03,2026-03,,240.0,240.0,0.94,8.8,Ongoing,2025-01
OCMS-N16000539,,N16000539,VISAKHA RAIPUR PIPELINE PROJECT,HPCL,,DEPARTMENT OF HIGHER EDUCATION,,,,,2027-09,,2212.0,2212.0,0.0,1.03,Ongoing,2025-01
OCMS-N18000010,,N18000010,TEHRI PUMPED STORAGE PLANT(1000MW),THDCIL,,POWER,,2006-07,2006-07,2016-02,2025-06,,1657.0,8182.82,7533.55,97.9,Ongoing,2025-01
OCMS-N18000014,,N18000014,TAPOVAN-VISHNUGAD HEP (4X130MW),NTPC,,POWER,,,,,2029-04,,2978.48,10907.0,6679.38,75.0,Ongoing,2025-01
OCMS-N18000042,,N18000042,VISHNUGAD PIPALKOTI HYDRO ELECTRIC PROJECT,THDCIL,,POWER,,2008-08,2008-08,2013-06,2026-12,,2491.58,6303.0,4404.36,69.0,Ongoing,2025-01
OCMS-N18000142,,N18000142,LATA-TAPOVAN HYDRO ELECTRIC POWER PROJECT 3X57 MW,NTPC,,POWER,,2012-07,2012-07,2017-08,2017-08,,1527.0,1527.0,149.93,,Ongoing,2025-01
OCMS-N18000172,,N18000172,PAKAL DUL HYDRO ELECTRIC PROJECT,1000 MW,,POWER,,2014-10,2014-10,2020-04,2026-09,,8112.12,8112.12,5678.44,64.0,Ongoing,2025-01
OCMS-N18000177,,N18000177,NORTH KARANPURA STPP (3X660 MW),NTPC,,POWER,,,,,2025-03,,16242.9,17007.0,16605.62,97.0,Ongoing,2025-01
OCMS-N18000178,,N18000178,RAMMAM-III HEPP (3X40 MW),NTPC,,POWER,,,,,2029-03,,1381.84,1803.0,1119.24,45.1,Ongoing,2025-01
OCMS-N18000194,,N18000194,BUXAR THERMAL POWER PLANT (1320 MW),SJVN,,PETROLEUM,,2019-03,2019-03,2024-01,2025-06,,10439.09,12999.36,10892.17,85.21,Ongoing,2025-01
OCMS-N18000212,,N18000212,TELANGANA SUPER THERMAL POWER PROJECT PHASE I,NTPC,,PETROLEUM,,,,2020-11,2020-11,,10598.98,10598.98,10437.71,100.0,Completed,2025-01
OCMS-N18000249,,N18000249,COMPREHENSIVE SCHEME FOR THE STRENGHTENING OF THE TRANSMISSION AND DISTRIBUTION SYSTEM IN A P,PGCIL,,DPIIT,,2014-12,2014-12,2018-12,2025-03,,4754.42,9129.32,6938.35,77.9,Ongoing,2025-01
OCMS-N18000250,,N18000250,NORTH EASTERN REGION POWER SYSTEM IMPROVEMENT PROJECT (NERPSIP) FOR SIX (6) STATES,PGCIL,,DPIIT,,2014-12,2014-12,2018-12,2025-03,,5111.33,6700.0,5026.36,95.5,Ongoing,2025-01
OCMS-N18000264,,N18000264,HVDC BIPOLE LINK BETWEEN WR AND SR -NORTH TRICHUR - SCHEME -II AC SYSTEM STRENGTHENING AT PUGALUR EN,PGCIL,,DPIIT,,2017-08,2017-08,2020-02,2025-09,,1931.39,2635.55,1972.44,99.0,Ongoing,2025-01
OCMS-N18000272,,N18000272,KHURJA SUPER THERMAL POWER PROJECT,THDCIL,,POWER,,2019-03,2019-03,2023-09,2025-04,,11089.42,13276.16,11885.35,94.0,Ongoing,2025-01
OCMS-N18000275,,N18000275,PATRATU STPP-I (3X800MW),NTPC,,POWER,,,,,2025-11,,17112.0,17112.0,15460.45,79.0,Ongoing,2025-01
OCMS-N18000277,,N18000277,DURGAPUR PP-III (2X20 MW) - NSPCL,NTPC,,PETROLEUM,,,,2018-11,2018-11,,,,558.39,100.0,Completed,2025-01
OCMS-N18000278,,N18000278,KIRU HYDRO ELECTRIC PROJECT,CVPPPL,,POWER,,,,,2026-09,,4287.59,4287.59,2191.03,51.8,Ongoing,2025-01
OCMS-N18000279,,N18000279,LUHRI HYDROELECTRIC PROJECT,STAGE1,,POWER,,2020-11,2020-11,2026-01,2028-12,,1810.56,3060.71,1659.55,51.02,Ongoing,2025-01
OCMS-N18000286,,N18000286,SAMBHU KI BHURJ-II SOLAR 300MW,NTPC,,COAL,,,,,2025-03,,1782.0,1782.0,1350.5,95.0,Ongoing,2025-01
OCMS-N18000291,,N18000291,DHAULASIDH HYDROELECTRIC PROJECT (66 MW),SJVN,,POWER,,2020-10,2020-10,2025-11,2027-03,,687.97,1426.0,787.53,63.9,Ongoing,2025-01
OCMS-N18000292,,N18000292,ANTA SOLAR 90 MW,NTPC,,PETROLEUM,,,,2022-03,2022-03,,382.22,382.22,497.17,100.0,Completed,2025-01
OCMS-N18000293,,N18000293,BHENSARA 320 MW,NTPC,,COAL,,,,2022-07,2025-03,,1221.73,1221.73,1015.31,,Ongoing,2025-01
OCMS-N18000294,,N18000294,CHHATTARGARH 150 MW,NTPC,,PETROLEUM,,,,2022-07,2022-07,,,,599.99,100.0,Completed,2025-01
OCMS-N18000295,,N18000295,GUJARAT 200 MW (GUVNL TENDER),NTPC,,CIVIL AVIATION,,,,,2025-03,,842.27,842.27,668.91,30.0,Ongoing,2025-01
OCMS-N18000296,,N18000296,"150 MW SOLAR PV PROJECT IN GUJARAT (LIMBDI, MESANKA AND RADHANPUR)",NTPC,,CIVIL AVIATION,,2021-05,2021-05,2022-09,2025-03,,674.92,674.92,543.02,91.0,Ongoing,2025-01
OCMS-N18000297,,N18000297,Bagodara Solar Power Project,SJVN,,CIVIL AVIATION,,,,,2025-06,,339.35,339.35,315.95,51.0,Ongoing,2025-01
OCMS-N18000319,,N18000319,DAYAPAR WIND ENERGY PROJECT 150MW,NTPC,,CIVIL AVIATION,,2021-11,2021-11,2023-05,2025-03,,937.8,937.8,776.65,98.0,Ongoing,2025-01
OCMS-N18000320,,N18000320,NOKH PLOT-1 SOLAR PV PROJECT 245MW,NTPC,,COAL,,2022-03,2022-03,2023-08,2025-03,,1352.71,1352.71,969.36,45.0,Ongoing,2025-01
OCMS-N18000321,,N18000321,NOKH PLOT-2 SOLAR PV PROJECT 245MW,NTPC,,COAL,,2022-03,2022-03,2023-08,2025-03,,1409.52,1409.52,1345.14,95.0,Ongoing,2025-01
OCMS-N18000322,,N18000322,NOKH PLOT-3 SOLAR PV PROJECT 245MW,NTPC,,COAL,,2022-03,2022-03,2023-08,2025-03,,1426.94,1426.94,1017.04,80.0,Ongoing,2025-01
OCMS-N18000324,,N18000324,RATLE HE PROJECT,NHPC,,POWER,,,,2026-02,2028-11,,5281.94,5281.94,871.65,19.01,Ongoing,2025-01
OCMS-N18000325,,N18000325,TEESTA VI HE PROJECT,NHPC,,POWER,,,,2024-03,2027-12,,5748.04,5748.04,3989.92,64.97,Ongoing,2025-01
OCMS-N18000326,,N18000326,RANGIT IV HE PROJECT,NHPC,,POWER,,,,2024-05,2025-12,,938.29,1828.11,1331.27,83.64,Ongoing,2025-01
OCMS-N18000328,,N18000328,TS FOR EVACUATION OF POWER FROM PAKALDUL HEP IN CHENAB VALLEY HEPS - LTA SYSTEM,PGCIL,,DPIIT,,2022-02,2022-02,2025-04,2025-04,,318.12,318.12,154.75,90.0,Ongoing,2025-01
OCMS-N18000330,,N18000330,TRANSMISSION SYSTEM STRENGTHENING FOR SRINAGAR-LEH TRANSMISSION SYSTEM,PGCIL,,DPIIT,,2022-03,2022-03,2024-12,2025-09,,288.71,288.71,133.79,47.0,Ongoing,2025-01
OCMS-N18000331,,N18000331,TRANSMISSION SYSTEM STRENGTHENING SCHEME FOR EVACUATION OF POWER FROM SOLAR ENERGY ZONES IN RAJASTHA,PGCIL,,DPIIT,,2022-02,2022-02,2023-09,2025-03,,359.47,359.47,271.16,79.0,Ongoing,2025-01
OCMS-N18000332,,N18000332,TRANSMISSION SYSTEM STRENGTHENING SCHEME FOR EVACUATION OF POWER FROM SOLAR ENERGY ZONES IN RAJASTHA,PGCIL,,DPIIT,,2022-05,2022-05,2023-11,2025-03,,1666.0,1666.0,1428.62,83.0,Ongoing,2025-01
OCMS-N18000335,,N18000335,BIKANER SOLAR POWER PROJECT,SJVN,,POWER,,,,,2025-09,,5491.89,5491.89,3123.44,65.49,Ongoing,2025-01
OCMS-N18000337,,N18000337,TRANSMISSION NETWORK EXPANSION IN GUJARAT TO INCREASE ATC FROM ISTS: PART B,PGCIL,,DPIIT,,2022-07,2022-07,2023-06,2025-05,,4546.26,4546.26,2550.35,84.0,Ongoing,2025-01
OCMS-N18000338,,N18000338,TRANSMISSION NETWORK EXPANSION IN GUJARAT TO INCREASE ATC FROM ISTS: PART C,PGCIL,,DPIIT,,2022-07,2022-07,2025-03,2025-03,,186.19,186.19,69.53,90.0,Ongoing,2025-01
OCMS-N18000343,,N18000343,SYSTEM STRENGTHENING SCHEME FOR EASTERN AND NORTH EASTERN REGION,PGCIL,,DPIIT,,2022-10,2022-10,2025-10,2025-10,,307.87,307.87,135.31,68.0,Ongoing,2025-01
OCMS-N18000344,,N18000344,SUNNI DAM HYDRO ELECTRIC PROJECT,SJVN,,POWER,,,,,2028-12,,2614.51,3605.3,880.05,27.61,Ongoing,2025-01
OCMS-N18000345,,N18000345,DAYAPAR WIND ENERGY PROJECT 200MW,NTPC,,CIVIL AVIATION,,2022-07,2022-07,2025-03,2026-01,,1316.02,1316.02,296.21,23.0,Ongoing,2025-01
OCMS-N18000346,,N18000346,KHAWDA 1255MW SOLAR PROJECT,KHAWDA SOLAR PARK,,CIVIL AVIATION,,2022-09,2022-09,2024-09,2026-01,,7179.54,7179.54,2991.1,61.0,Ongoing,2025-01
OCMS-N18000347,,N18000347,BHADLA-II 500MW SOLAR PV PROJECT,NTPC,,COAL,,,,,2025-03,,2598.92,2598.92,1390.1,12.0,Ongoing,2025-01
OCMS-N18000348,,N18000348,SHAJAPUR 325MW SOLAR PV PROJECT,NTPC,,POWER,,,,,2025-03,,1530.49,1530.49,1164.7,70.0,Ongoing,2025-01
OCMS-N18000349,,N18000349,BHUJ SOLAR 300MW (TRANCHE-IV WIND SOLAR HYBRID),NTPC,,CIVIL AVIATION,,2022-11,2022-11,2024-03,2026-03,,1442.6,1442.6,787.54,2.0,Ongoing,2025-01
OCMS-N18000350,,N18000350,WESTERN REGION EXPANSION SCHEME XXV,PGCIL,,PETROLEUM,,2023-02,2023-02,2023-11,2025-03,,385.84,385.84,206.71,78.0,Ongoing,2025-01
OCMS-N18000351,,N18000351,EASTERN REGION EXPANSION SCHEME XXIX,PGCIL,,POWER,,2023-03,2023-03,2025-11,2025-11,,524.04,524.04,324.97,75.0,Ongoing,2025-01
OCMS-N18000352,,N18000352,TRANSMISSION SYSTEM FOR KURNOOL WIND ENERGY ZONE SOLAR ENERGY ZONE (AP) PART-A PART B,PGCIL,,DPIIT,,2023-03,2023-03,2024-11,2025-05,,3546.94,3546.94,1940.14,80.0,Ongoing,2025-01
OCMS-N18000353,,N18000353,ER WR TRANSMISSION LIMITED,PGCIL,,DPIIT,,,,,2025-03,,281.16,281.16,89.14,63.0,Ongoing,2025-01
OCMS-N18000354,,N18000354,TRANSMISSION SYSTEM ASSOCIATED WITH WESTERN REGION EXPANSION SCHEME XXVII,PGCIL,,PETROLEUM,,2023-03,2023-03,2024-09,2025-02,,271.69,271.69,173.03,87.0,Ongoing,2025-01
OCMS-N18000355,,N18000355,TRANSMISSION SYSTEM ASSOCIATED WITH WESTERN REGION EXPANSION SCHEME-XXVIII AND XXIX,PGCIL,,PETROLEUM,,2023-03,2023-03,2025-03,2025-03,,260.3,260.3,172.79,98.0,Ongoing,2025-01
OCMS-N18000356,,N18000356,TRANSMISSION SYSTEM SCHEME FOR EVACUATION OF POWER FROM REZ RAJASTHAN (8.1 GW) UNDER PHASE-II PART,PGCIL,,COAL,,2023-03,2023-03,2024-09,2025-03,,1433.28,1433.28,801.47,80.0,Ongoing,2025-01
OCMS-N18000357,,N18000357,ESTABLISHMENT OF KHAVDA POOLING STATION 3 (KPS3) IN KHAVDA RE PARK,PGCIL,,CIVIL AVIATION,,2023-03,2023-03,2024-12,2025-03,,922.3,922.3,465.67,74.0,Ongoing,2025-01
OCMS-N18000358,,N18000358,TRANSMISSION NETWORK EXPANSION IN GUJARAT ASSOCIATED WITH INTEGRATION OF RE PROJECTS FROM KHAVDA POT,PGCIL,,CIVIL AVIATION,,2023-03,2023-03,2025-03,2025-03,,815.12,815.12,9.99,59.0,Ongoing,2025-01
OCMS-N18000359,,N18000359,"KHAVDA-2, GUJARAT- ESTABLISHMENT OF KHAVDA POOLING STATION-2 (KPS2) IN KHAVDA RE PARK",PGCIL,,CIVIL AVIATION,,2023-03,2023-03,2024-12,2025-03,,966.79,966.79,362.22,74.0,Ongoing,2025-01
OCMS-N18000360,,N18000360,"KHAVDA PHASE-II-PART B, GUJARAT- TRANSMISSION SCHEME FOR EVACUATION OF 4.5 GW RE INJECTION AT KHAVDA",PGCIL,,CIVIL AVIATION,,2023-03,2023-03,2025-03,2025-04,,1167.55,1167.55,622.14,47.0,Ongoing,2025-01
OCMS-N18000361,,N18000361,"KHAVDA PHASE-II-PART C, GUJARAT- TRANSMISSION SCHEME FOR EVACUATION OF 4.5 GW RE INJECTION AT KHAVDA",PGCIL,,CIVIL AVIATION,,2023-03,2023-03,2025-03,2025-04,,2820.99,2820.99,2063.46,52.0,Ongoing,2025-01
OCMS-N18000362,,N18000362,DIBANG MULTIPURPOSE PROJECT 2880 MW ARUNACHAL PRADESH,NHPC,,POWER,,2023-02,2023-02,2032-02,2032-02,,31876.39,31876.39,2855.56,13.99,Ongoing,2025-01
OCMS-N18000363,,N18000363,KWAR HE PROJECT,CVPPPL,,POWER,,,,,2027-12,,4526.12,4526.12,844.94,18.5,Ongoing,2025-01
OCMS-N18000364,,N18000364,TALCHER THERMAL POWER PROJECT STAGE III(2X660 MW),NTPC,,POWER,,2022-08,2022-08,2027-05,2027-05,,11844.0,12539.0,2638.09,19.7,Ongoing,2025-01
OCMS-N18000365,,N18000365,KHAVDA 1200MW (4X300MW) IN KHAVDA RE PARK,NTPC,,CIVIL AVIATION,,2023-06,2023-06,2024-12,2026-01,,6283.81,6283.81,1441.89,16.0,Ongoing,2025-01
OCMS-N18000366,,N18000366,DAYAPAR WIND- III (HYBRID TRANCHE-V),NTPC,,CIVIL AVIATION,,,,,2025-05,,1095.01,1095.01,325.61,,Ongoing,2025-01
OCMS-N18000367,,N18000367,BADAM COAL MINING PROJECT,NTPC,,POWER,,,,,2025-06,,501.79,501.79,274.96,59.79,Ongoing,2025-01
OCMS-N18000368,,N18000368,300 MW SOLAR POWER PROJECT UNDER CPSU SCHEME,NHPC,,COAL,,2022-05,2022-05,2023-11,2025-08,,1677.12,1677.12,742.96,72.0,Ongoing,2025-01
OCMS-N18000370,,N18000370,KERANDARI COAL MINING PROJECT,NTPC,,POWER,,,,,2024-01,,1553.0,2804.0,1914.0,56.0,Ongoing,2025-01
OCMS-N18000372,,N18000372,TRANSMISSION SYSTEM FOR EVACUATION OF POWER FROM RAJASTHAN REZ PHASE-IV PART-I (BIKANER COMPLEX) PAR,PGCIL,,COAL,,2023-06,2023-06,2025-01,2025-02,,202.39,202.39,20.04,100.0,Ongoing,2025-01
OCMS-N18000373,,N18000373,"TS FOR EVACUATION OF POWER FROM REZ IN RAJASTHAN (20GW) UNDER PHASE-III, PART E1",PGCIL,,COAL,,2023-08,2023-08,2025-02,2025-03,,688.74,688.74,264.0,72.0,Ongoing,2025-01
OCMS-N18000374,,N18000374,TS FOR EVACUATION POWER FROM REZ IN RAJASTHAN (20GW) UNDER PHASE-III PART H,PGCIL,,COAL,,2023-10,2023-10,2025-04,2025-04,,2211.0,2211.0,720.63,43.0,Ongoing,2025-01
OCMS-N18000375,,N18000375,TS FOR EVACUATION POWER FROM REZ IN RAJASTHAN (20GW) UNDER PHASE-III PART C1,PGCIL,,COAL,,2023-10,2023-10,2025-04,2025-10,,1796.0,1796.0,736.48,45.0,Ongoing,2025-01
OCMS-N18000376,,N18000376,TS FOR EVACUATION POWER FROM REZ IN RAJASTHAN (20GW) UNDER PHASE-III PART B1,PGCIL,,COAL,,2023-09,2023-09,2025-04,2025-04,,2191.0,2191.0,843.26,53.0,Ongoing,2025-01
OCMS-N18000377,,N18000377,TS FOR EVACUATION OF 7GW RE INJECTION AT KHAVDA PS UNDER PHASE-IV PART E4,PGCIL,,POWER,,2023-11,2023-11,2025-07,2025-07,,224.0,224.0,0.0,3.0,Ongoing,2025-01
OCMS-N18000378,,N18000378,TS FOR EVACUATION POWER FROM REZ IN RAJASTHAN (20GW) UNDER PHASE-III PART J,PGCIL,,COAL,,2022-12,2022-12,2025-03,2025-08,,331.0,331.0,8.66,26.0,Ongoing,2025-01
OCMS-N18000379,,N18000379,TS FOR EVACUATION POWER FROM REZ IN RAJASTHAN (20GW) UNDER PHASE-III PART E2,PGCIL,,COAL,,2023-11,2023-11,2025-06,2025-06,,428.0,428.0,0.0,6.0,Ongoing,2025-01
OCMS-N18000380,,N18000380,TRANSMISSION SCHEME FOR SOLAR ENERGY ZONE IN ANANTHPURAM,2500MW) AND KURNOOL (1000MW,,DEPARTMENT OF HIGHER EDUCATION,,2023-09,2023-09,2025-03,2025-09,,1249.0,1249.0,226.81,46.0,Ongoing,2025-01
OCMS-N18000381,,N18000381,"LARA SUPER THERMAL POWER PROJECT, STAGE-II (2X800 MW)",NTPC,,PETROLEUM,,2023-08,2023-08,2028-06,2028-06,,15530.0,15530.0,1179.38,5.5,Ongoing,2025-01
OCMS-N18000382,,N18000382,"SINGRAULI SUPER THERMAL POWER PROJECT, STAGE-III (2X800 MW)",NTPC,,POWER,,2024-03,2024-03,2030-02,2030-02,,17195.31,17195.31,1114.0,0.5,Ongoing,2025-01
OCMS-N18000383,,N18000383,TS FOR EVACUATION OF POWER FROM POTENTIAL RE ZONE IN KHAVDA AREA OF GUJARAT UNDER PH-IV PART E3,PGCIL,,CIVIL AVIATION,,2023-07,2023-07,2025-07,2025-07,,334.0,334.0,0.0,4.0,Ongoing,2025-01
OCMS-N18000384,,N18000384,TS FOR EVACUATION OF ADDITIONAL 7GW RE POWER FROM KHAVDA RE PARK UNDER PHASE-III PART B [VATAMAN TRA,PGCIL,,CIVIL AVIATION,,2023-12,2023-12,2025-12,2025-12,,3752.0,3752.0,357.02,5.0,Ongoing,2025-01
OCMS-N18000385,,N18000385,TS FOR INTRGRATION OF RE ZONE,PHASE II) IN KOPPAL II (PHASE A and B,,POWER,,2023-12,2023-12,2025-12,2025-12,,2889.0,2889.0,250.0,13.0,Ongoing,2025-01
OCMS-N18000386,,N18000386,TS FOR EVACUATION OF POWER FROM RAJASTHAN REZ PH-IV (PART-1) [BIKANER COMPLEX] PART A [BIKANER III N,PGCIL,,COAL,,2023-12,2023-12,2025-12,2025-12,,2998.0,2998.0,356.98,26.0,Ongoing,2025-01
OCMS-N18000387,,N18000387,TS FOR EVACUATION OF POWER FROM RAJASTHAN REZ PH-IV (PART-1) [BIKANER COMPLEX] PART D [NEEMRANA II B,PGCIL,,COAL,,2023-12,2023-12,2025-12,2025-12,,2056.0,2056.0,426.0,30.0,Ongoing,2025-01
OCMS-N18000388,,N18000388,"TS FOR SOLAR ENERGY ZONE IN BIDAR (2500MW), KARNATAKA [BIDAR TRANSMISSION LTD]",PGCIL,,POWER,,2024-02,2024-02,2026-02,2026-02,,2148.0,2148.0,318.0,28.0,Ongoing,2025-01
OCMS-N18000389,,N18000389,TS FOR EVACUATION OF POWER FROM REZ IN RAJASTHAN (20GW) UNDER PH-III PART D [SIKAR KHETRI TRANSMISSI,PGCIL,,COAL,,2024-02,2024-02,2025-08,2025-08,,2000.0,2000.0,482.0,32.0,Ongoing,2025-01
OCMS-N18000390,,N18000390,TS FOR EVACUATION OF POWER FROM 7GW REZ IN KHAVDA AREA UNDER PHASE-IV PART E2,PGCIL,,CIVIL AVIATION,,2024-05,2024-05,2026-05,2026-05,,679.0,679.0,0.0,4.0,Ongoing,2025-01
OCMS-N18000391,,N18000391,TS FOR EVACUATION POWER FROM RAJASTHAN REZ PH-IV (PART-2:5.5GW) PART-B (JAISALMER/BARMER COMPLEX),PGCIL,,COAL,,2024-08,2024-08,2026-08,2026-08,,3279.0,3279.0,34.0,4.0,Ongoing,2025-01
OCMS-N18000392,,N18000392,TS FOR EVACUATION POWER RAJASTHAN REZ PH-IV (PART-2:5.5GW) (JAISALMER/BARMER COMPLEX): PART- C,PGCIL,,POWER,,2024-08,2024-08,2026-08,2026-08,,2708.0,2708.0,27.0,6.0,Ongoing,2025-01
OCMS-N18000393,,N18000393,TS FOR EVACUATION POWER FROM RAJASTHAN REZ PH-IV (PART-2:5.5GW) (JAISALMER/BARMER COMPLEX) PART-C,PGCIL,,COAL,,2024-08,2024-08,2026-08,2026-08,,2227.0,2227.0,0.0,6.0,Ongoing,2025-01
OCMS-N18000394,,N18000394,TS FOR EVACUATION POWER FROM RAJASTHAN REZ PH-IV (PART-2:5.5GW) (JAISALMER/BARMER COMPLEX) PART-E,PGCIL,,COAL,,2024-08,2024-08,2026-08,2026-08,,3251.0,3251.0,62.0,6.0,Ongoing,2025-01
OCMS-N18000395,,N18000395,AUGMENTATION OF 1500MVA 3RD 765/400KV TRANSFORMATION CAPACITY AT KURNOOL NEW SUBSTATION,PGCIL,,DEPARTMENT OF HIGHER EDUCATION,,2023-05,2023-05,2025-09,2025-09,,164.0,164.0,5.0,9.0,Ongoing,2025-01
OCMS-N18000396,,N18000396,ADDITIONAL TRANSMISSION SYSTEM FOR EVACUATION OF POWER FROM BHADLA-III PS AS PART OF RAJASTHAN REZ P,PGCIL,,COAL,,2024-08,2024-08,2026-02,2026-02,,369.0,369.0,0.0,,Ongoing,2025-01
OCMS-N18000397,,N18000397,TRANSMISSION SYSTEM STRENGTHENING FOR INTERCONNECTIONS OF BHADLA-III AND BIKANER III COMPLEX [SPV NA,PGCIL,,COAL,,2024-08,2024-08,2026-08,2026-08,,1382.0,1382.0,0.0,,Ongoing,2025-01
OCMS-N18000398,,N18000398,AUGMENTATION OF TRANSFORMATION CAPACITY AT JAM KHAMBHALIYA PS [GIS] [SPV NAME POWERGRID JAM KHAMBHAL,PGCIL,,CIVIL AVIATION,,2024-10,2024-10,2026-07,2026-07,,329.0,329.0,0.0,,Ongoing,2025-01
OCMS-N18000399,,N18000399,TRANSMISSION SYSTEM FOR EVACUATION OF POWER FROM RAJASTHAN REZ PH-IV [PART-2 5.5GW] [JAISALMER/BARME,PGCIL,,POWER,,2024-10,2024-10,2026-10,2026-10,,3674.0,3674.0,54.0,1.0,Ongoing,2025-01
OCMS-N18000400,,N18000400,TRANSMISSION SYSTEM FOR EVACUATION OF POWER FROM POTENTIAL RENEWABLE ENERGY ZONE IN KHAVDA AREA OF G,PGCIL,,CIVIL AVIATION,,2024-10,2024-10,2026-10,2026-10,,4766.0,4766.0,65.0,1.0,Ongoing,2025-01
OCMS-N18000401,,N18000401,TRANSMISSION SYSTEM FOR EVACUATION OF POWER FROM RAJASTHAN REZ PH -IV [PART-2 5.5 GW] [JAISALMER/BAR,PGCIL,,COAL,,2024-11,2024-11,2026-11,2026-11,,2735.0,2735.0,0.0,,Ongoing,2025-01
OCMS-N18000402,,N18000402,PROVISION OF DYNAMIC REACTIVE COMPENSATION AT KHAVDA POOLING STATION 1 [KPS1] AND KHAVDA POOLING STA,PGCIL,,CIVIL AVIATION,,2024-11,2024-11,2026-11,2026-11,,501.0,501.0,0.0,,Ongoing,2025-01
OCMS-N18000403,,N18000403,TRANSMISSION SYSTEM FOR EVACUATION OF POWER FROM RAJASTHAN REZ PH-IV [PART-3 (6GW)] [BIKANER COMPLEX,PGCIL,,COAL,,2024-11,2024-11,2026-11,2026-11,,5969.0,5969.0,0.0,,Ongoing,2025-01
OCMS-N18000404,,N18000404,TRANSMISSION SYSTEM FOR EVACUATION OF POWER FROM RAJASTHAN REZ PH-IV [PART-3 (6 GW)] [BIKANER COMPLE,PGCIL,,COAL,,2024-11,2024-11,2026-11,2026-11,,5357.0,5357.0,0.0,,Ongoing,2025-01
OCMS-N18000405,,N18000405,TRANSMISSION SYSTEM FOR EVACUATION OF POWER FROM POTENTIAL RENEWABLE ENERGY ZONE IN KHAVDA AREA OF G,PGCIL,,CIVIL AVIATION,,2024-11,2024-11,2029-05,2029-05,,24819.0,24819.0,0.0,,Ongoing,2025-01
OCMS-N21000027,,N21000027,"ALL INDIA INSTITUTE OF MEDICAL SCIENCE AT GUWAHATI, ASSAM",HITES,,HEALTH AND FAMILY WELFARE,,2017-05,2017-05,2021-05,2024-11,,875.0,860.0,769.3,99.26,Ongoing,2025-01
OCMS-N21000029,,N21000029,"CONSTRUCTION OF AIIMS AT JAMMU VIJAYPUR, SAMBA JAMMU AND KASHMIR",CPWD FOR HEALTH,,HEALTH AND FAMILY WELFARE,,2019-03,2019-03,2023-09,2025-01,,1404.0,1642.0,1449.66,100.0,Ongoing,2025-01
OCMS-N21000031,,N21000031,"COMPREHENSIVE PLANNING, DESIGNING, EXECUTION OF ALL INDIA INSTITUTE OF MEDICAL SCIENCES AT BIBINAGAR",HITES,,HEALTH AND FAMILY WELFARE,,2018-12,2018-12,2024-07,2025-03,,1110.55,1110.55,679.84,80.0,Ongoing,2025-01
OCMS-N21000032,,N21000032,"ALL INDIA INSTITUTE OF MEDICAL SCIENCES AT MANETHI, HARYANA.",HITES,,HEALTH AND FAMILY WELFARE,,2019-03,2019-03,2023-03,2026-03,,1294.34,1294.34,161.44,8.55,Ongoing,2025-01
OCMS-N21000033,,N21000033,500 BEDDED HOSPITAL INCLUDING 50 SUPERSPECIALITY BEDS FOR ESIC AT PUNE,CPWD,,HEALTH AND FAMILY WELFARE,,2022-07,2022-07,2025-09,2025-09,,429.25,429.25,99.08,,Ongoing,2025-01
OCMS-N22000028,,N22000028,"EXTENSION OF MRTS FROM VELACHERY TO STN. THOMAS, MTP",MRTP,,RAILWAYS,,2006-04,2006-04,2013-06,2025-05,,495.74,734.01,632.33,98.0,Ongoing,2025-01
OCMS-N22000032,,N22000032,MANOHARABAD-KOTHPALL NEW LINE(SCR),SCR,,RAILWAYS,,2006-04,2006-04,2010-03,2025-03,,1160.48,3014.0,1439.12,,Ongoing,2025-01
OCMS-N22000085,,N22000085,TIDIVANAM-NAGARI (NL),SR,,RAILWAYS,,,,,2028-03,,582.83,3631.34,825.64,12.0,Ongoing,2025-01
OCMS-N22000087,,N22000087,"NEW B.G. LINE FROM ARARIA TO GALGALIA (THAKURGUNG), NEFR",NFR,,PETROLEUM,,2006-09,2006-09,2019-03,2025-09,,532.87,4412.25,3267.44,82.0,Ongoing,2025-01
OCMS-N22000092,,N22000092,MUMBAI URBAN TRANSPORT PROJECT PHASE-II,MRTP,,POWER,,2008-04,2008-04,2014-03,2014-03,,5300.0,918.53,7135.77,77.3,Ongoing,2025-01
OCMS-N22000100,,N22000100,"BHAIRABI SAIRONG, NL, NEFR",NFR,,RAILWAYS,,,,,2025-07,,2393.47,8213.72,7721.26,94.0,Ongoing,2025-01
OCMS-N22000102,,N22000102,"SEVOK RANGPO, NEFR",NFR,,RAILWAYS,,,,,2027-12,,1339.48,12132.95,7893.89,70.0,Ongoing,2025-01
OCMS-N22000108,,N22000108,NEW WORK FOR CONSTRUCTION OF METRO RAILWAY FROM NOAPARA- BARASAI VIA BIMANBANDER (MTP),KOMRCL,,POWER,,2010-04,2010-04,2016-03,2016-03,,2397.72,2397.72,197.2,17.0,Ongoing,2025-01
OCMS-N22000109,,N22000109,NEW WORK FOR CONSTRUCTION OF METRO RAILWAY FROM BARANAGAR TO BARRACKPORE AND DAKSHINESHWAR,MTP,,POWER,,2010-04,2010-04,2014-03,2025-12,,2298.42,2733.86,392.98,,Ongoing,2025-01
OCMS-N22000110,,N22000110,NEW WORK FOR CONSTRUCTION OF METRO RAILWAY FROM NSCB AIRPORT TO NEW GARIA VIA RAJARHAT (MTP),RVNL,,POWER,,2010-04,2010-04,2016-03,2026-03,,3951.98,8964.35,7387.4,,Ongoing,2025-01
OCMS-N22000111,,N22000111,NEW WORK FOR CONSTRUCTION OF METRO RAILWAY FROM JOKA TO BINOY BADAL DINESH BAGH.,RVNL,,POWER,,2010-04,2010-04,2016-03,2026-12,,2913.51,4834.54,3918.86,,Ongoing,2025-01
OCMS-N22000120,,N22000120,RATLAM-MHOW-KHANDWA-AKOLA (GC),WR,,POWER,,,,,2027-02,,3503.69,6203.51,4132.14,80.0,Ongoing,2025-01
OCMS-N22000124,,N22000124,NEW LINE FROM DIMAPUR TO ZUBZA(KOHIMA) NATIONAL PROJECT,NEFR,,RAILWAYS,,2006-04,2006-04,2015-03,2029-12,,2326.52,6663.2,4072.86,65.0,Ongoing,2025-01
OCMS-N22000134,,N22000134,CHHAPRA-BALLIA UP,NER,,DPIIT,,,,2019-01,2025-04,,295.0,1025.0,999.02,95.0,Ongoing,2025-01
OCMS-N22000138,,N22000138,CHOTTAUDEPUR-DHAR(NL),WR,,DPIIT,,,,,2027-12,,1347.26,1793.63,1581.16,58.0,Ongoing,2025-01
OCMS-N22000139,,N22000139,"DAHOD-INDORE VIA SARDARPUR, JHABUA AND DHAR (NL)",WR,,DPIIT,,2007-04,2007-04,2022-03,2027-02,,1640.04,2873.11,2570.16,58.0,Ongoing,2025-01
OCMS-N22000142,,N22000142,MIYAGAM-KARJAN-DABHOI-SAMLAYA,GC,,CIVIL AVIATION,,2011-04,2011-04,,2026-10,,844.1,844.1,588.47,41.0,Ongoing,2025-01
OCMS-N22000148,,N22000148,GWALIOR-SEOPURKALA WITH EXTENSION TO KOTA (GC),NCR,,DPIIT,,2011-04,2011-04,2022-03,2024-12,,2912.96,3845.6,1024.32,,Ongoing,2025-01
OCMS-N22000158,,N22000158,DHOLPUR-SIRMUTTRA WITH EXTENSION TO GANGAPURCITY AND MOHARI- TANTPUR AND TANPUR-BANSI PAHARPUR,NCR,,DPIIT,,2010-04,2010-04,,2026-12,,2030.5,746.83,121.79,30.0,Ongoing,2025-01
OCMS-N22000171,,N22000171,SAKRI-HASANPUR ROAD (NL),ECR,,PETROLEUM,,,,,2027-03,,325.0,735.2,589.42,78.0,Ongoing,2025-01
OCMS-N22000177,,N22000177,ARARIA-SUPAUL (NL),ECR,,PETROLEUM,,,,,2025-01,,1605.17,1605.17,1510.86,31.0,Ongoing,2025-01
OCMS-N22000181,,N22000181,JAYNAGAR-BIJALPURA INCLUDING EXTENSION BIJALPURA- BARDIBAS(NEPAL) GC,ECR,,PETROLEUM,,2009-04,2009-04,2020-03,2026-03,,548.0,783.83,544.31,78.0,Ongoing,2025-01
OCMS-N22000183,,N22000183,NEW BONGAIGAON-RANGIA- KAMAKGHYA DOUBLING,NFR,,DPIIT,,2013-04,2013-04,2019-03,2024-10,,1798.0,2832.35,3456.93,99.5,Ongoing,2025-01
OCMS-N22000206,,N22000206,NEW BG LINE FROM BALURGHAT TO HILLY NFR,NFR,,DPIIT,,2010-04,2010-04,2020-03,2027-03,,242.22,1206.6,390.69,5.0,Ongoing,2025-01
OCMS-N22000207,,N22000207,NEW BG LINE FROM JAGBANI TO BIRATNAGAR,NFR,,DPIIT,,2010-04,2010-04,,2026-12,,241.52,485.96,365.06,86.21,Ongoing,2025-01
OCMS-N22000208,,N22000208,MURKONGSELEK-PASIGHAT NL,NFR,,DPIIT,,,,,2025-11,,414.84,1252.49,664.78,41.0,Ongoing,2025-01
OCMS-N22000219,,N22000219,PIRPAINTI-JASIDIH,ER,,DPIIT,,,,2022-03,2028-03,,915.98,2610.84,856.63,45.0,Ongoing,2025-01
OCMS-N22000231,,N22000231,WARDHA-NANDED MAHARASHTRA,CR,,POWER,,,,,2026-12,,3168.29,3445.34,2928.87,47.0,Ongoing,2025-01
OCMS-N22000233,,N22000233,KALYAN-KASARA 3RD LINE,CR,,POWER,,,,,2025-12,,792.89,1432.61,819.32,50.0,Ongoing,2025-01
OCMS-N22000250,,N22000250,WARDHA-SEWAGRAM NGP 3RD LINE,CR,,POWER,,,,,2025-05,,540.02,540.02,674.26,72.0,Ongoing,2025-01
OCMS-N22000256,,N22000256,TUMKUR-CHITRADURGA-DAVENGERE NL,SWR,,POWER,,2011-04,2011-04,,2027-12,,1801.01,1801.01,488.95,12.0,Ongoing,2025-01
OCMS-N22000258,,N22000258,BAGALKOT-KUDACHI NL,SWR,,POWER,,,,,2027-03,,986.3,1378.0,593.54,34.0,Ongoing,2025-01
OCMS-N22000261,,N22000261,KAZIPET-VIJAYAWADA 3RD LINE WITH ELECTRIFICATION,SCR,,DPIIT,,2012-04,2012-04,2023-03,2025-03,,1856.95,1952.68,1538.88,,Ongoing,2025-01
OCMS-N22000273,,N22000273,BHANUPALI-BILASPUR BERI NL,RVNL,,RAILWAYS,,,,,2025-03,,2966.99,6753.42,5369.57,,Ongoing,2025-01
OCMS-N22000274,,N22000274,DEOBAND (MUZAFFARNAGAR)- ROORKEE NL,NR,,DPIIT,,2007-04,2007-04,,,,336.91,791.39,572.99,,Ongoing,2025-01
OCMS-N22000279,,N22000279,RAYADURGA-TUMKUR NL,SWR,,DPIIT,,,,,2028-02,,2062.3,2495.59,1582.66,60.0,Ongoing,2025-01
OCMS-N22000281,,N22000281,ANAND VIHAR-TILAK BRIDGE 3RD AND 4TH LINE,NR,,RAILWAYS,,2012-04,2012-04,,,,295.68,419.0,133.78,,Ongoing,2025-01
OCMS-N22000286,,N22000286,NADIKUDE-SRI KALAHASTI,SCR,,DEPARTMENT OF HIGHER EDUCATION,,,,,2027-05,,2288.7,3122.35,1842.58,,Ongoing,2025-01
OCMS-N22000297,,N22000297,HOSPET-HUBLI-LONDA-VASCODAGAMA DL,RVNL,,POWER,,2010-04,2010-04,2023-03,2026-12,,2127.0,3692.6,3505.49,,Ongoing,2025-01
OCMS-N22000299,,N22000299,GADAG-WADI NL,SWR,,POWER,,,,2018-12,2027-12,,2841.84,2841.84,1226.74,28.0,Ongoing,2025-01
OCMS-N22000308,,N22000308,MARIKUPPAM - KUPPAM,SWR,,POWER,,,,,2027-12,,279.54,296.72,112.64,14.0,Ongoing,2025-01
OCMS-N22000316,,N22000316,BHADRAK - NERGUNDI 3RD LINE,ECOR,,POWER,,,,,2025-10,,843.04,1284.39,1175.97,75.0,Ongoing,2025-01
OCMS-N22000318,,N22000318,KIRANDUL - JAGDALPUR DOUBLING,ECOR,,PETROLEUM,,,,,2024-03,,1160.0,1440.0,1482.58,92.0,Ongoing,2025-01
OCMS-N22000329,,N22000329,SAMASTIPUR-DARBANGHA,ECR,,PETROLEUM,,,,,2025-03,,380.0,519.33,603.7,64.0,Ongoing,2025-01
OCMS-N22000333,,N22000333,HOTGI-KUDGI-GADAG,SWR,,DPIIT,,,,2019-03,2026-02,,1614.59,2458.87,2470.09,89.0,Ongoing,2025-01
OCMS-N22000349,,N22000349,KIUL - GAYA DOUBLING PROJECT,ECR,,PETROLEUM,,,,,2024-11,,1200.2,1771.07,1790.93,96.0,Ongoing,2025-01
OCMS-N22000350,,N22000350,RAMPUR DUMRA - TAL - RAJENDRAPUL DOUBLING INCLUDING GANGA BRIDGE,ECR,,PETROLEUM,,2015-12,2015-12,2020-03,2025-05,,1491.47,1600.0,1680.42,77.0,Ongoing,2025-01
OCMS-N22000351,,N22000351,KATNI - SINGRAULI DOUBLING PROJECT,WCR,,POWER,,,,,2027-12,,1763.93,4353.5,3016.61,86.0,Ongoing,2025-01
OCMS-N22000356,,N22000356,WARDHA-BALHARSHAH - 3RD LINE (132 KM),CR,,POWER,,2015-02,2015-02,2022-03,2025-08,,1272.19,1384.72,1341.25,67.0,Ongoing,2025-01
OCMS-N22000358,,N22000358,ITARSI-NAGPUR (BAL.) - 3RD LINE (267 KM),CR,,POWER,,2015-02,2015-02,2023-03,2027-03,,2449.91,2449.91,1554.61,48.0,Ongoing,2025-01
OCMS-N22000359,,N22000359,PUNE-MIRAJ-LONDA (467 KM),CR,,POWER,,,,,2025-03,,3627.47,6463.49,4309.66,84.0,Ongoing,2025-01
OCMS-N22000360,,N22000360,DAUND - MANMAD (236 KM),CR,,POWER,,,,,2025-09,,1876.0,2081.27,2493.96,87.0,Ongoing,2025-01
OCMS-N22000361,,N22000361,MANMAD - JALGAON - 3RD LINE (160 KM),CR,,POWER,,,,,2025-03,,1035.16,1552.24,1506.48,75.0,Ongoing,2025-01
OCMS-N22000362,,N22000362,WARDHA - NAGPUR - 4TH LINE (76 KM),CR,,POWER,,,,,2025-05,,637.95,637.95,871.04,70.0,Ongoing,2025-01
OCMS-N22000367,,N22000367,KAZIPET-BALHRSHA,SCR,,DPIIT,,,,2021-03,2025-01,,2063.03,2909.0,2711.95,,Ongoing,2025-01
OCMS-N22000368,,N22000368,GUNTUR-GUNTAKAL,SCR,,DEPARTMENT OF HIGHER EDUCATION,,,,2022-03,2025-12,,3631.0,3887.48,3294.0,,Ongoing,2025-01
OCMS-N22000369,,N22000369,VIJAYAWADA-GUDUR,RVNL,,DEPARTMENT OF HIGHER EDUCATION,,,,,2024-12,,3246.26,6238.67,5883.89,,Ongoing,2025-01
OCMS-N22000376,,N22000376,JAGADALPUR-KORAPUT DOUBLING,ECOR,,POWER,,,,,2022-03,,1547.38,1547.38,1234.44,91.0,Ongoing,2025-01
OCMS-N22000377,,N22000377,KOTTAVALSA - KORAPUT DOUBLING,ECOR,,DEPARTMENT OF HIGHER EDUCATION,,,,,2022-03,,2499.71,2499.71,1837.78,69.0,Ongoing,2025-01
OCMS-N22000379,,N22000379,KORAPUT - SINGAPUR ROAD DOUBLING,ECOR,,POWER,,,,,2026-03,,2361.74,2361.74,1673.98,74.0,Ongoing,2025-01
OCMS-N22000380,,N22000380,JARAPADA - BUDHAPANK WITH FLY OVER AT TALCHER ROAD 3RD AND 4TH LINE,ECOR,,POWER,,2015-04,2015-04,2018-11,2026-08,,701.61,810.02,548.52,,Ongoing,2025-01
OCMS-N22000381,,N22000381,BUDHAPANK - SALEGAON VIA RAJATGARH 3RD AND 4TH LINE.,ECOR,,POWER,,2015-04,2015-04,2018-12,2025-09,,1172.92,2022.75,1800.38,75.0,Ongoing,2025-01
OCMS-N22000388,,N22000388,BONGAIGAON-GOALPARA-GUWAHATI,176 KM,,RAILWAYS,,2015-04,2015-04,2022-03,2027-03,,2232.32,4983.94,3549.96,92.25,Ongoing,2025-01
OCMS-N22000396,,N22000396,BONDAMUNDA RANCHI DOUBLING,SER,,POWER,,,,,2026-06,,1724.2,3029.04,2258.49,82.0,Ongoing,2025-01
OCMS-N22000399,,N22000399,TRIVANDRUM-KANYAKUMARI DOUBLING,SR,,RAILWAYS,,,,,2027-12,,1431.9,3785.45,3184.42,,Ongoing,2025-01
OCMS-N22000401,,N22000401,VARANASI-MODHOSINGH-ALLAHABAD DOUBLING,RVNL,,POWER,,2015-04,2015-04,2022-03,2024-12,,943.6,2018.23,1780.22,,Ongoing,2025-01
OCMS-N22000406,,N22000406,RISHIKESH - KARNAPRAYAG NEW LINE,RVNL,,RAILWAYS,,,,,2025-03,,16216.0,24659.0,18820.04,,Ongoing,2025-01
OCMS-N22000409,,N22000409,VIZIANAGARAM -SAMABALPUR 3RD LINE,RVNL,,POWER,,,,,2026-12,,2335.67,4803.16,4691.52,,Ongoing,2025-01
OCMS-N22000416,,N22000416,KATNI GRADE SEPARATOR/BYE PASS,WCR,,POWER,,,,,2024-09,,582.13,1247.64,1276.23,,Ongoing,2025-01
OCMS-N22000417,,N22000417,RAMNA - SINGRAULI DOUBLING,ECR,,POWER,,,,,2024-09,,2436.21,2880.4,3034.23,90.0,Ongoing,2025-01
OCMS-N22000418,,N22000418,EXECUTION OF RAIL CONNECTIVITY PROJECT FOR COAL TRANSPORTATION IN ODISHA FOR MCRL,IRCON,,POWER,,2016-04,2016-04,2020-03,2025-12,,5200.0,5200.0,0.0,17.4,Ongoing,2025-01
OCMS-N22000419,,N22000419,KARAILA ROAD - SHAKTINAGAR DOUBLING,ECR,,POWER,,2015-08,2015-08,2019-03,2024-08,,528.57,762.97,799.97,90.0,Ongoing,2025-01
OCMS-N22000420,,N22000420,RAJNANDGAON - NAGPUR - 3RD LINE,SECR,,POWER,,2016-09,2016-09,2023-03,2025-12,,1908.51,3544.25,2943.44,90.0,Ongoing,2025-01
OCMS-N22000434,,N22000434,MUMBAI CENTRAL VIRAR VADODARA AHMEDABAAD TRAIN PROTECTION SYSTEM 500 RKM,WR,,POWER,,2010-03,2010-03,,2024-03,,265.88,311.36,0.0,,Ongoing,2025-01
OCMS-N22000463,,N22000463,MUMBAI AHMEDABAD HIGH SPEED RAIL PROJECT,NHSRCL,,DPIIT,,2015-12,2015-12,2023-12,2027-08,,108000.0,108000.0,70051.0,49.0,Ongoing,2025-01
OCMS-N22000464,,N22000464,WESTERN DEDICATED FREIGHT CORRIDOR,DFCC,,DPIIT,,2007-11,2007-11,2020-03,2020-03,,16592.0,51101.0,47476.0,83.0,Ongoing,2025-01
OCMS-N22000467,,N22000467,CHANDIGARH-BADDI,NR,,DPIIT,,,,2023-03,2026-07,,328.14,1540.14,898.24,14.0,Ongoing,2025-01
OCMS-N22000468,,N22000468,BURHWAL - GONDA - 3RD RUNNING LINE.,NER,,POWER,,2016-04,2016-04,,2025-09,,602.5,1069.29,984.35,49.0,Ongoing,2025-01
OCMS-N22000470,,N22000470,"SHAHGANJ-BHATNI-PHEPHNA-INDARA, MAU-SHAHGANJ (EXCL. MAU-INDARA) PATCH DOUBLING.",NER,,POWER,,2016-04,2016-04,2019-12,2025-03,,1177.96,2025.0,2010.02,80.0,Ongoing,2025-01
OCMS-N22000472,,N22000472,SAGAULI VALMIKINAGAR DOUBLING 109.7 KM,ECR,,PETROLEUM,,2016-04,2016-04,2021-03,2024-12,,744.04,1215.54,1472.94,85.0,Ongoing,2025-01
OCMS-N22000473,,N22000473,MUZAFFARPUR SAGAULI DOUBLING 100.60 KM,ECR,,PETROLEUM,,2016-04,2016-04,2021-03,2024-12,,731.64,1300.0,1441.14,80.0,Ongoing,2025-01
OCMS-N22000476,,N22000476,"FATUHA-ISLAMPUR INCL. MM FOR EXTENSION OF NEW LINE FORM BIHARSHARIF-BARBIGHA, DANIYAWAN- BIHARSHARIF,",ECR,,PETROLEUM,,1991-04,1991-04,,2024-12,,329.39,2722.16,2687.01,90.0,Ongoing,2025-01
OCMS-N22000480,,N22000480,WADSA-GADHCHIROLI NEW LINE (52.36 KM),SECR,,POWER,,2018-06,2018-06,2021-12,2026-12,,229.0,1886.05,624.5,22.0,Ongoing,2025-01
OCMS-N22000484,,N22000484,JHARSUGUDA-BILASPUR 4TH LINE,SECR,,PETROLEUM,,,,,2025-12,,1973.0,2135.34,2140.33,88.0,Ongoing,2025-01
OCMS-N22000485,,N22000485,ANUPPUR-KATNI,SECR,,POWER,,,,2021-12,2025-03,,1370.0,2311.02,1760.05,76.0,Ongoing,2025-01
OCMS-N22000486,,N22000486,KADUR CHIKMAGALUR SAKLESHPUR NEW LINE (93 KM),SWR,,POWER,,1996-03,1996-03,2017-03,2026-03,,644.78,825.31,629.21,66.0,Ongoing,2025-01
OCMS-N22000489,,N22000489,KHARSIA DHARAMJAIGARH WITH SPUR LINE EAST CORRIDOR-PHASE I,IRCON,,PETROLEUM,,2013-04,2013-04,2018-09,2025-12,,3055.0,3438.39,3070.0,92.6,Ongoing,2025-01
OCMS-N22000495,,N22000495,JHANSI MANIKPUR AND KHAIRAR BHIMSEN DOUBLING,NCR,,POWER,,2018-03,2018-03,2023-03,2027-03,,4329.53,4329.53,1607.42,32.0,Ongoing,2025-01
OCMS-N22000496,,N22000496,JHANSI BINA DOUBLING,NCR,,POWER,,,,2021-03,2027-03,,2001.0,2001.0,1685.23,85.0,Ongoing,2025-01
OCMS-N22000501,,N22000501,MATHURA-JHANSI-3RD LINE (273.80 KM),RVNL,,POWER,,,,,2024-12,,3677.76,5190.26,5046.07,,Ongoing,2025-01
OCMS-N22000502,,N22000502,"MANSA-BHATINDA (PHASE-I), INCL. NEW MATERIAL MODIFICATION FOR RAMA MANDI (RAMAN) - SADA SINGHWALA VI",NR,,PETROLEUM,,2009-06,2009-06,2016-08,2025-08,,404.0,404.0,190.0,,Ongoing,2025-01
OCMS-N22000503,,N22000503,NIMACH BADI SADRI NEW LINE PROJECT,WR,,POWER,,,,,2026-03,,495.18,495.18,230.46,17.0,Ongoing,2025-01
OCMS-N22000504,,N22000504,ANAND GODHRA DOUBLING PROJECT 79 KMS,WR,,CIVIL AVIATION,,2017-04,2017-04,2020-03,2025-02,,692.25,692.26,648.67,97.0,Ongoing,2025-01
OCMS-N22000505,,N22000505,MEHSANA PALANPUR DOUBLING PROJECT 65.10 KMS,WR,,CIVIL AVIATION,,2018-04,2018-04,2024-03,2024-10,,537.31,671.91,844.55,100.0,Ongoing,2025-01
OCMS-N22000506,,N22000506,NARAYANGARH TO BHADRAK 3RD LINE,155 KM,,DPIIT,,2019-03,2019-03,2023-05,2026-06,,1866.31,1866.31,1770.76,57.0,Ongoing,2025-01
OCMS-N22000508,,N22000508,LODHMA TO PISKA LINK LINE BY PASSING HATIA/RANCHI WITH Y CONNECTION (17.2 KM),SER,,POWER,,2018-04,2018-04,2022-06,2026-06,,428.65,472.5,275.36,2.0,Ongoing,2025-01
OCMS-N22000510,,N22000510,PURULIA TO KOTSHILA DOUBLING (39.1 KM),SER,,POWER,,2018-04,2018-04,2022-06,2025-02,,338.0,393.83,268.43,80.0,Ongoing,2025-01
OCMS-N22000511,,N22000511,PACHORA-JAMNER WITH EXTENSION UPTO MALKAPUR NG TO BG,CR,,POWER,,2022-08,2022-08,2027-08,2029-03,,955.0,2093.82,60.69,,Ongoing,2025-01
OCMS-N22000513,,N22000513,SOLAPUR-TULJAPUR-OSMANABAD,UMBRELLA WORK,,POWER,,2019-01,2019-01,2028-03,2027-10,,904.92,3295.74,1067.98,5.0,Ongoing,2025-01
OCMS-N22000514,,N22000514,DHULE (BORVIHIR)-NARDANA,UMBRELLA WORK,,POWER,,2019-01,2019-01,2026-03,2027-09,,492.76,1170.04,176.04,5.0,Ongoing,2025-01
OCMS-N22000515,,N22000515,KALYAN-MURBAD VIA ULHASNAGAR,UMBRELLA WORK,,POWER,,2023-02,2023-02,2027-03,2027-03,,836.12,836.12,9.19,,Ongoing,2025-01
OCMS-N22000516,,N22000516,JEYPORE MALKANGIRI NEW LINE,ECOR,,POWER,,,,,2033-07,,642.69,642.69,200.33,0.1,Ongoing,2025-01
OCMS-N22000517,,N22000517,JEYPORE NABARANGPUR NEWLINE,ECOR,,POWER,,,,,2028-07,,499.99,747.91,0.0,,Ongoing,2025-01
OCMS-N22000518,,N22000518,TALCHER - ANGUL NEW LINE WITH Y CONNECTION AT TALCHER,ECOR,,POWER,,2018-07,2018-07,2026-12,2026-12,,278.96,494.62,29.5,,Ongoing,2025-01
OCMS-N22000519,,N22000519,KODINGAMALI BAUXITE MINES TO SINGARAM RAILWAY STATION,ECOR,,POWER,,2022-08,2022-08,2027-08,2027-08,,190.9,190.9,10.0,,Ongoing,2025-01
OCMS-N22000520,,N22000520,GANDHAMARDAN IRON ORE MINES TO GOALDIH STATION,ECOR,,POWER,,2022-09,2022-09,2027-09,2027-09,,189.93,189.93,5.14,,Ongoing,2025-01
OCMS-N22000521,,N22000521,BRUNDAMAL-JHARSUGUDA- FLYOVER CONNECTION FOR JOINING DN LINE,ECOR,,POWER,,2009-12,2009-12,2026-12,2026-12,,48.44,297.0,293.9,10.0,Ongoing,2025-01
OCMS-N22000522,,N22000522,BAGHUAPAL FLY OVER (20 KM),ECOR,,POWER,,,,,2027-08,,183.0,257.97,0.6,,Ongoing,2025-01
OCMS-N22000523,,N22000523,DARBHANGA - BYPASS LINE CONNECTING SHISHO HALT AND KAKARGHATI EXCL DARBHANGA YARD,7.64 KM,,PETROLEUM,,2019-06,2019-06,2025-06,2024-09,,983.62,415.0,409.41,80.0,Ongoing,2025-01
OCMS-N22000524,,N22000524,BARAUNI- BACHWARA 3RD AND 4TH LINE,ECR,,PETROLEUM,,2022-07,2022-07,2027-07,2025-06,,486.0,486.0,117.09,30.0,Ongoing,2025-01
OCMS-N22000525,,N22000525,SURFACE TRIANGLE LINE BETWEEN BHADURA STATION AND NEW CROSSING STN KARMA DOUBLING,ECR,,POWER,,2022-10,2022-10,2027-10,2027-10,,199.96,199.96,55.09,,Ongoing,2025-01
OCMS-N22000526,,N22000526,JHAJHA - BATIA (UMBRELLA WORK PB#23/2018-19/NR),ECR,,PETROLEUM,,2019-02,2019-02,2028-06,2027-03,,496.47,496.47,2.53,,Ongoing,2025-01
OCMS-N22000528,,N22000528,SONENAGAR BYE PASS LINE FROM CHIRALAPOTHU TO BAGHA BISHUNPUR,ECR,,PETROLEUM,,2022-10,2022-10,2027-10,2025-06,,234.0,223.69,22.57,,Ongoing,2025-01
OCMS-N22000529,,N22000529,DOUBLING OF PRADHANKHUNTA JN - PATHERDIH BAZAR-BHOJUDIH,ECR,,POWER,,2022-11,2022-11,2027-11,2027-11,,202.0,349.22,31.7,,Ongoing,2025-01
OCMS-N22000532,,N22000532,4TH LINE BETWEEN BAREJADI NANDEJ,GERATPUR)- SANAND (38.20 KM,,CIVIL AVIATION,,2023-02,2023-02,2027-03,2027-02,,961.67,961.67,73.59,2.5,Ongoing,2025-01
OCMS-N22000533,,N22000533,QUADRUPLING BETWEEN GANDHIDHAM - ADIPUR WITH Y CONNECTION AT ADIPUR FOR PROVIDING DIRECT ENTRY TOWAR,WR,,CIVIL AVIATION,,2023-02,2023-02,2025-12,2025-10,,152.44,152.44,55.61,20.0,Ongoing,2025-01
OCMS-N22000535,,N22000535,RAJKOT-KANALUS (111.20 KM),WR,,CIVIL AVIATION,,,,,2025-12,,1011.72,1080.58,1281.42,55.0,Ongoing,2025-01
OCMS-N22000536,,N22000536,NIMACH-RATLAM (133 KM),WR,,POWER,,,,,2025-06,,910.0,1095.88,912.02,71.0,Ongoing,2025-01
OCMS-N22000537,,N22000537,HIMMATNAGAR-KHEDBRAHMA (54.83 KM),WR,,CIVIL AVIATION,,2022-06,2022-06,2030-02,2025-06,,354.99,482.42,758.59,70.0,Ongoing,2025-01
OCMS-N22000538,,N22000538,PETLAD-BHADRAN (22.5 KM),WR,,CIVIL AVIATION,,,,,2025-12,,202.5,307.12,61.66,7.0,Ongoing,2025-01
OCMS-N22000539,,N22000539,NADIAD-PETLAD (37.26 KM),WR,,CIVIL AVIATION,,,,,2025-12,,335.34,461.91,72.93,7.0,Ongoing,2025-01
OCMS-N22000540,,N22000540,SAMLAYA-TIMBA ROAD (53.53 KM),WR,,CIVIL AVIATION,,,,,2026-07,,401.48,670.17,75.62,12.0,Ongoing,2025-01
OCMS-N22000541,,N22000541,SAMNI-JAMBUSAR (24.08 KM),WR,,CIVIL AVIATION,,,,,2025-12,,216.72,349.93,79.09,25.0,Ongoing,2025-01
OCMS-N22000542,,N22000542,BAIYYAPPANAHALLI-HOSUR (48 KM),NCRTC,,POWER,,,,,2026-03,,375.67,375.67,0.0,,Ongoing,2025-01
OCMS-N22000543,,N22000543,YESHVANTHPUR-CHANNASANDRA (21.7 KM),NCRTC,,POWER,,2019-04,2019-04,2026-03,2026-03,,169.65,169.65,71.75,,Ongoing,2025-01
OCMS-N22000544,,N22000544,MUGHALSARAI - ALLAHABAD - 3RD LINE,NCR,,POWER,,,,,2026-12,,2390.0,2390.0,83.1,55.0,Ongoing,2025-01
OCMS-N22000545,,N22000545,ALIGARH-HARDUAGANJ FLYOVER (22 KM),NCR,,POWER,,2020-04,2020-04,2026-06,2026-06,,1456.89,1456.89,10.14,8.0,Ongoing,2025-01
OCMS-N22000546,,N22000546,LALITPUR - BIRARI WITH FLYOVER AT LALITPUR,NCR,,POWER,,2017-03,2017-03,2024-12,2025-06,,260.0,356.0,170.5,52.0,Ongoing,2025-01
OCMS-N22000547,,N22000547,VIJAPUR-AMBLIYASAN (41.53 KM),WR,,CIVIL AVIATION,,,,,2025-06,,309.81,415.38,513.59,75.0,Ongoing,2025-01
OCMS-N22000548,,N22000548,ADRAJ MOTI-VIAJAPUR (39.75 KM),WR,,CIVIL AVIATION,,,,,2030-05,,296.54,296.54,0.0,,Ongoing,2025-01
OCMS-N22000550,,N22000550,NEW BG LINE BETWEEN NALIYA-JAKHAU PORT,WR,,CIVIL AVIATION,,2023-02,2023-02,2028-01,2026-09,,410.46,410.46,33.59,2.0,Ongoing,2025-01
OCMS-N22000551,,N22000551,NEW BG LINE INTERSECTION (5 NOS) BETWEEN GERATPUR-SANAND & BOTAD-AHMEDABAD (16.51 KM) (PB#29/NR/202,WR,,CIVIL AVIATION,,2022-10,2022-10,2027-10,2027-10,,437.21,437.21,0.0,,Ongoing,2025-01
OCMS-N22000553,,N22000553,AGRA FORT-BANDIKUI,NCR,,RAILWAYS,,,,2027-06,2026-05,,1389.81,987.83,28.86,12.0,Ongoing,2025-01
OCMS-N22000554,,N22000554,SATNA - REWA (50 KM),WCR,,POWER,,,,2026-03,2026-03,,500.0,500.0,1.41,80.0,Ongoing,2025-01
OCMS-N22000555,,N22000555,"PENUKONDA-DHARMAVARAM, EXCL. DHARMAVARAM (41.5 KM)",SWR,,DEPARTMENT OF HIGHER EDUCATION,,2019-04,2019-04,2026-03,2025-06,,294.67,307.66,163.41,41.0,Ongoing,2025-01
OCMS-N22000556,,N22000556,MALUGUR-PALASAMUDRAM (17.98 KM),PB#29/NR/2022-23,,DEPARTMENT OF HIGHER EDUCATION,,2022-09,2022-09,2025-12,2026-12,,323.14,342.41,39.46,12.0,Ongoing,2025-01
OCMS-N22000557,,N22000557,BELGAUM-DHARWAD VIA KITTUR (73.10 KM) (UMBRELLA WORK PB#22/2019- 20/NR),SWR,,POWER,,2020-09,2020-09,2026-03,2027-12,,1590.8,927.42,0.56,,Ongoing,2025-01
OCMS-N22000558,,N22000558,HASSAN (ALUR) - BELUR (32 KM),UMBRELLA WORK PB#23/2018-19/NR,,POWER,,2019-06,2019-06,2028-04,2028-03,,663.03,748.85,0.34,1.0,Ongoing,2025-01
OCMS-N22000559,,N22000559,SHIMOGA-SHIKARIPURA-RANEBENNUR,UMBRELLA WORK PB#23/2018-19/NR,,POWER,,2019-09,2019-09,2027-12,2027-12,,1453.73,994.47,67.29,7.0,Ongoing,2025-01
OCMS-N22000562,,N22000562,ALIGARH-DAUD KHAN - 3RD LINE 6.9 KM AND CONSTRUCTION OF FLYOVER AT DAUD KHAN,NCR,,POWER,,2019-04,2019-04,2025-12,2025-12,,451.99,779.49,72.74,32.0,Ongoing,2025-01
OCMS-N22000563,,N22000563,ALLAHABAD-BAMHRAULI - 4TH LINE (10 KM) WITH FLY-OVER AT SUBEDARGANJ,NCR,,POWER,,2019-04,2019-04,2026-03,2026-03,,494.11,494.11,42.61,42.0,Ongoing,2025-01
OCMS-N22000564,,N22000564,BHANDAI - FLYOVER FOR ETAWAH BOUND DOWN TRAINS,NCR,,POWER,,2019-04,2019-04,2025-12,2026-03,,187.21,250.17,2.25,8.0,Ongoing,2025-01
OCMS-N22000565,,N22000565,SAHJANWA - DOHRIGHAT,NER,,POWER,,,,,2027-12,,371.77,1319.75,540.05,2.0,Ongoing,2025-01
OCMS-N22000566,,N22000566,BAHRAICH - NANPARA -NEPALGANJ,56.15 KM,,POWER,,2020-07,2020-07,2024-12,2025-06,,950.0,341.66,228.71,18.0,Ongoing,2025-01
OCMS-N22000568,,N22000568,CHENNAI BEACH-CHENNAI EGMORE (4.3 KM) (UMBRELLA WORK PB#57/2019- 20/NR),SR,,RAILWAYS,,2022-03,2022-03,2026-03,2025-03,,359.6,274.2,241.58,85.0,Ongoing,2025-01
OCMS-N22000569,,N22000569,BAHRAICH SRAVASTI BALRAMPUR,TULSIPUR,,POWER,,2018-10,2018-10,2030-10,2027-03,,1600.0,4939.78,1022.17,5.5,Ongoing,2025-01
OCMS-N22000570,,N22000570,KATIHAR-KUMEDPUR & KATIHAR- MUKURIA (64.5 KM) (UMBRELLA WORK PB#57/2019-20/NR),NFR,,PETROLEUM,,2022-08,2022-08,2027-08,2027-08,,745.0,745.0,0.0,,Ongoing,2025-01
OCMS-N22000571,,N22000571,ROURKELA-BONDAMUNDA A-CABIN 5TH LINE (10 KM) (UMBRELLA WORK PB#57/2019-20/NR),SER,,POWER,,2022-09,2022-09,2026-09,2026-03,,209.75,244.99,55.28,10.0,Ongoing,2025-01
OCMS-N22000572,,N22000572,Gauge conversion of Raipur(Kendri)- Dhamtari and Abhanpur-Rajim branch (67.20 km),SECR,,PETROLEUM,,2011-07,2011-07,2024-10,2025-06,,1171.3,1171.3,560.45,80.0,Ongoing,2025-01
OCMS-N22000573,,N22000573,NIPANIA-BHATAPRA (14.4 KM) 4TH LINE,PB#72/NR/2022-23,,PETROLEUM,,2022-09,2022-09,2026-12,2026-12,,170.49,170.49,0.12,,Ongoing,2025-01
OCMS-N22000574,,N22000574,4TH LINE - BHATAPARA-HATHBAND (8.8 KM) (PB#72/NR/2022-23),SECR,,PETROLEUM,,2022-12,2022-12,2026-12,2026-12,,177.03,177.03,0.21,,Ongoing,2025-01
OCMS-N22000575,,N22000575,4TH LINE - BHILAI-BHILAI NAGAR (8.8 KM),PB#72/NR/2022-23,,PETROLEUM,,2022-09,2022-09,2026-09,2026-09,,169.06,177.34,1.17,,Ongoing,2025-01
OCMS-N22000576,,N22000576,4TH LINE - DADHAPARA-BELHA (9.2 KM),PB#72/NR/2022-23,,PETROLEUM,,2022-09,2022-09,2026-09,2026-09,,169.06,169.06,2.05,,Ongoing,2025-01
OCMS-N22000577,,N22000577,4TH LINE - RAJNANDGAON- DONGARHGARH (31.2 KM),PB#72/NR/2022-23,,PETROLEUM,,2022-09,2022-09,2026-09,2026-09,,328.34,328.34,8.03,5.0,Ongoing,2025-01
OCMS-N22000579,,N22000579,3RD AND 4TH LINE - SARAGBUNDIA AND MADWARANI,SECR,,PETROLEUM,,2022-09,2022-09,2026-09,2026-09,,167.64,167.64,0.0,,Ongoing,2025-01
OCMS-N22000580,,N22000580,DOUBLING OF BORIDAND - AMBIKAPUR ( SURAJPUR),SECR,,PETROLEUM,,2022-06,2022-06,2030-06,2027-03,,1376.2,1242.94,100.06,10.0,Ongoing,2025-01
OCMS-N22000583,,N22000583,JANGHAI PRATAPGARH AMETHI DOUBLING,NR,,POWER,,2017-11,2017-11,2025-03,2025-03,,701.98,1100.0,0.0,,Ongoing,2025-01
OCMS-N22000584,,N22000584,LUDHIANA KILA RAIPUR (19 KMS) WITH FREIGHT LINE AT GILL STATION ON LDH- JHL SECTION,NR,,RAILWAYS,,2019-03,2019-03,2025-03,2025-03,,235.72,235.72,46.56,50.0,Ongoing,2025-01
OCMS-N22000585,,N22000585,DOUBLING BETWEEN GOOTY- PENDAKALLU (29.225),SCR,,DEPARTMENT OF HIGHER EDUCATION,,2023-03,2023-03,2027-03,2027-03,,351.83,351.83,0.0,,Ongoing,2025-01
OCMS-N22000586,,N22000586,VIJAYAWADA KAZIPET BYEPASS LINE,SCR,,DEPARTMENT OF HIGHER EDUCATION,,,,,2025-12,,226.72,226.72,200.17,55.0,Ongoing,2025-01
OCMS-N22000587,,N22000587,RENIGUNTA WADI GOOTY - BYPASS,SCR,,DEPARTMENT OF HIGHER EDUCATION,,,,,2025-12,,302.0,302.0,182.35,50.0,Ongoing,2025-01
OCMS-N22000589,,N22000589,LUDHIANA MULLANPUR DOUBLING,NR,,PETROLEUM,,,,,2025-03,,82.99,235.0,0.0,,Ongoing,2025-01
OCMS-N22000590,,N22000590,BARABANKI MALHAUR 3RD AND 4TH LINE (32.84 KM),NR,,POWER,,2019-01,2019-01,2025-03,2025-03,,323.85,323.85,0.0,,Ongoing,2025-01
OCMS-N22000591,,N22000591,DOUBLING BETWEEN JAUNPUR JN- ZAFFARABAD (6.28 KM),NR,,POWER,,2023-03,2023-03,2026-12,2026-12,,177.33,177.33,0.0,,Ongoing,2025-01
OCMS-N22000592,,N22000592,TARANGA HILL ABU ROAD VIA AMBAJI NEW LINE,NWR,,CIVIL AVIATION,,2022-07,2022-07,2030-07,2026-12,,1695.82,2798.16,888.53,8.5,Ongoing,2025-01
OCMS-N22000593,,N22000593,GUDHA THATHANA MITHRI TEST TRACK FOR RDSO,NWR,,RAILWAYS,,2019-04,2019-04,2025-03,2025-03,,528.48,500.85,338.85,73.0,Ongoing,2025-01
OCMS-N22000594,,N22000594,DEDICATED TEST TRACK FOR RDSO,PHASE II,,RAILWAYS,,2021-11,2021-11,2026-11,2025-12,,466.42,466.22,647.62,73.0,Ongoing,2025-01
OCMS-N22000595,,N22000595,KHARAGPUR-ADITYAPUR - 3RD LINE,132 KM,,POWER,,2015-12,2015-12,2025-03,2025-03,,1116.0,3270.07,2899.45,,Ongoing,2025-01
OCMS-N22000596,,N22000596,JANGHAI-PHAPHAMAU - DOUBLING WITH ELECTRIFICATION (46.79 KM),RVNL,,POWER,,2018-11,2018-11,2025-03,2025-03,,357.48,409.38,362.09,,Ongoing,2025-01
OCMS-N22000598,,N22000598,BHATNI - AUNRIHAR WITH ELECTRIFICATION (125 KM) (EXCL INDARA - MAU (116.95 KM)),RVNL,,POWER,,2018-05,2018-05,2024-03,2025-02,,1177.96,2529.46,1636.33,,Ongoing,2025-01
OCMS-N22000599,,N22000599,3RD LINE BETWEEN DHANBAD SONNAGAR,RVNL,,POWER,,2016-11,2016-11,2026-03,2026-03,,8975.0,7906.38,4705.38,,Ongoing,2025-01
OCMS-N22000600,,N22000600,JUNAGARH -VISAVADAR (42.28) KM,RVNL,,CIVIL AVIATION,,,,,2026-12,,492.83,492.83,0.0,,Ongoing,2025-01
OCMS-N22000601,,N22000601,INDORE BUDNI (INDORE JABALPUR),RVNL,,POWER,,,,,2030-09,,4340.0,7393.75,1004.86,,Ongoing,2025-01
OCMS-N22000602,,N22000602,DALLIRAJHARA - ROWGHAT (95 KM) {PART OF DALLIRAJHARA-JAGDALPUR (235 KM)},RVNL,,PETROLEUM,,2008-03,2008-03,2025-06,2025-06,,631.78,1627.56,1349.09,,Ongoing,2025-01
OCMS-N22000604,,N22000604,DOUBLING BETWEEN BHIWANI-DOBH BAHALI,NWR,,RAILWAYS,,2023-02,2023-02,2028-02,2025-12,,471.06,471.06,62.38,39.0,Ongoing,2025-01
OCMS-N22000605,,N22000605,DOUBLING BETWEEN CHURU- RATANGARH (42.81 KM),NWR,,RAILWAYS,,2023-02,2023-02,2028-02,2025-12,,422.6,422.6,161.53,70.0,Ongoing,2025-01
OCMS-N22000606,,N22000606,DOUBLING BETWEEN REWARI- KATHUWAS (27.73 KM),NWR,,RAILWAYS,,2023-02,2023-02,2027-06,2025-12,,352.41,352.41,104.24,29.0,Ongoing,2025-01
OCMS-N22000607,,N22000607,SAWAIMADHOPUR - BYPASS LINE (6.98 KM) (UMBRELLA WORK PB#57/2019- 20/NR),NWR,,RAILWAYS,,2022-12,2022-12,2026-06,2025-12,,304.0,239.54,90.97,20.0,Ongoing,2025-01
OCMS-N22000608,,N22000608,GC OF NATHDWARA - DEVGARH MADARIYA (82.5KM),NWR,,RAILWAYS,,2023-01,2023-01,2028-06,2026-12,,968.92,968.92,281.56,26.0,Ongoing,2025-01
OCMS-N22000609,,N22000609,AZIMGANJ-MURSHIDABAD (JIYAGANJ) INCL. RLY. BRIDGE OVER RIVER BHAGIRATHI,ER,,POWER,,2001-10,2001-10,2024-02,2024-02,,164.33,187.05,158.25,100.0,Ongoing,2025-01
OCMS-N22000610,,N22000610,GARHWA ROAD - RAIL OVER RAIL,ECR,,POWER,,,,,2025-03,,262.71,262.71,201.76,73.0,Ongoing,2025-01
OCMS-N22000611,,N22000611,GOMOH - FLYOVER FOR DOWN TRAINS,ECR,,POWER,,,,,2025-12,,487.73,487.73,344.09,16.0,Ongoing,2025-01
OCMS-N22000612,,N22000612,MATHURA - VRINDAVAN (11 KM),NCR,,POWER,,,,,2025-06,,402.88,402.88,0.0,,Ongoing,2025-01
OCMS-N22000613,,N22000613,DOMINGARH - GORAKHPUR - GORAKHPUR CANTT - KUSUMHI - 3RD RUNNING LINE (21.15 KM),NER,,POWER,,2016-11,2016-11,2024-06,2025-05,,186.85,470.47,452.36,85.0,Ongoing,2025-01
OCMS-N22000614,,N22000614,FEROZPUR - PATTI (25.72 KM),NR,,PETROLEUM,,,,,2027-03,,299.74,299.74,0.0,,Ongoing,2025-01
OCMS-N22000615,,N22000615,BARAMATI - LONAND,CR,,POWER,,,,2027-03,2026-02,,736.44,1843.9,629.53,50.0,Ongoing,2025-01
OCMS-N22000616,,N22000616,CHIRIMIRI-NAGPUR HALT,SECR,,PETROLEUM,,,,2030-06,2030-06,,241.0,241.0,0.0,,Ongoing,2025-01
OCMS-N22000618,,N22000618,MORAPPUR-DHARMAPURI,SR,,RAILWAYS,,,,,2027-03,,358.95,358.95,38.37,1.0,Ongoing,2025-01
OCMS-N22000619,,N22000619,ERNAKULAM-KUMBALAM - PATCH DOUBLING (7.71 KM),SR,,RAILWAYS,,2010-12,2010-12,2028-03,2026-12,,600.82,595.39,270.57,,Ongoing,2025-01
OCMS-N22000620,,N22000620,KUMBALAM-THURAVUR - PATCH DOUBLING (15.59 KM),SR,,RAILWAYS,,2011-12,2011-12,2023-08,2026-12,,812.85,802.8,258.69,,Ongoing,2025-01
OCMS-N22000621,,N22000621,BANGALORE-WHITEFIELD-BANGALORE CITY-KRISHNARAJAPURAM QUADRUPLING,SWR,,POWER,,2018-03,2018-03,2025-03,2025-06,,492.87,492.87,189.26,46.0,Ongoing,2025-01
OCMS-N22000622,,N22000622,MODASA- SHAMLAJI NEW LINE ( MM OF AHMEDABAD-HIMMATNAGAR-UDAIPUR,299.2 KM,,CIVIL AVIATION,,2012-09,2012-09,2027-03,2026-03,,261.68,261.68,631.22,45.0,Ongoing,2025-01
OCMS-N22000624,,N22000624,NAHATI - RANAGHAT 3RD LINE (MM OF KALINARAYANPUR - KRISHNANAGAR),ER,,POWER,,2015-07,2015-07,2025-03,2026-03,,283.54,283.54,162.52,44.0,Ongoing,2025-01
OCMS-N22000625,,N22000625,KARAIKAL PERALAM(23KM)-NEW LINE PROJECT,SR,,RAILWAYS,,2019-01,2019-01,2026-03,2025-03,,304.22,373.42,254.7,80.0,Ongoing,2025-01
OCMS-N22000626,,N22000626,NAGAPATTINAM THIRUTURAIPUNDI (38KM)- NEW LINE PROJECT,SR,,RAILWAYS,,2008-07,2008-07,2026-03,2027-03,,677.12,788.05,140.73,19.0,Ongoing,2025-01
OCMS-N22000627,,N22000627,MUMBAI URBAN TRANSPORT PROJECT IIIA,MRVC,,POWER,,2019-04,2019-04,2025-03,2027-12,,33690.0,33690.0,846.83,,Ongoing,2025-01
OCMS-N22000628,,N22000628,EAST WEST METRO CORRIDOR KOLKATA,KOMRCL,,POWER,,2009-02,2009-02,2016-09,2024-06,,4874.58,10442.41,0.0,,Ongoing,2025-01
OCMS-N22000629,,N22000629,NAGPUR- NAGBHIR RAILWAY LINE GAUGE CONVERSION PROJECT,MRIDC,,POWER,,2019-10,2019-10,2024-06,2025-03,,1400.0,1400.0,0.0,78.0,Ongoing,2025-01
OCMS-N22000630,,N22000630,KALIPAHARI - BAKHTARNAGAR 5TH LINE,17.61 KM,,POWER,,2024-04,2024-04,2027-06,2027-06,,350.46,350.46,0.0,,Ongoing,2025-01
OCMS-N22000631,,N22000631,SITARAMPUR BYE - PASS LINE (6.59 KM),ER,,POWER,,,,,2027-03,,461.64,461.64,0.34,,Ongoing,2025-01
OCMS-N24000165,,N24000165,PATNA-MUZZAFFARPUR,NHAI,,ROAD TRANSPORT AND HIGHWAYS,,,,,2024-12,,671.3,671.3,1830.13,97.78,Ongoing,2025-01
OCMS-N24000182,,N24000182,VARANASI-AURANGABAD KM.786 TO KM.978.40,NHAI,,ROAD TRANSPORT AND HIGHWAYS,,2011-09,2011-09,2014-03,2024-09,,2848.0,3241.56,3901.66,87.67,Ongoing,2025-01
OCMS-N24000187,,N24000187,4-LANNING OF CHAPRA-HAJIPUR,NHAI,,ROAD TRANSPORT AND HIGHWAYS,,,,,2025-06,,575.0,575.0,557.43,86.92,Ongoing,2025-01
OCMS-N24000245,,N24000245,REHABILITATION AND UPGRADATION OF NH -565 FROM KM 1.00 TO 86.057 (NAKREKAL TO NAGARJUNSAGAR DAM SECT,MoRTH,,ROAD TRANSPORT AND HIGHWAYS,,2014-01,2014-01,2016-03,2019-09,,270.0,270.0,0.0,72.15,Ongoing,2025-01
OCMS-N24000247,,N24000247,REHABILITATION AND UPGRADATION OF NH-221 FROM KM 121/0 TO 165/00 (OF VIJAYAWADA-JAGDALPUR RUDRAMPUR,MoRTH,,ROAD TRANSPORT AND HIGHWAYS,,2014-10,2014-10,2017-02,2025-03,,295.47,295.47,224.42,98.51,Ongoing,2025-01
OCMS-N24000248,,N24000248,EPC- CORRIDOR APPROACH WORKS - NH (O): WIDENING EXISTING 2 LANE TO 2 LANE WITH PAVED SHOULDERS IN KM,MoRTH,,ROAD TRANSPORT AND HIGHWAYS,,2015-03,2015-03,2017-01,2023-12,,153.21,153.21,101.15,93.11,Ongoing,2025-01
OCMS-N24000301,,N24000301,REHABILITATION AND UPGRADATION OF NH-219 FROM KM 58-600 TO KM 140-750 IN THE STATE OF ANDHRA PRADES,MoRTH,,ROAD TRANSPORT AND HIGHWAYS,,2015-03,2015-03,2015-10,2021-05,,271.45,271.45,238.23,100.0,Ongoing,2025-01
OCMS-N24000319,,N24000319,4 LANING OF JORHAT TO JHANJI SECTION FROM KM. 453.00 TO KM. 491.08 (DESIGN KM 403.200 TO KM 454.240),NHIDCL,,ROAD TRANSPORT AND HIGHWAYS,,2015-06,2015-06,2023-08,2025-02,,437.39,437.39,408.81,62.57,Ongoing,2025-01
OCMS-N24000320,,N24000320,FOUR LANING OF JHANJHI JN TO DEMOW SECTION FROM KM. 491.050 TO KM. 535.250(DESIGN KM 490.800 TO KM 5,NHIDCL,,ROAD TRANSPORT AND HIGHWAYS,,2015-06,2015-06,2024-03,2025-10,,463.49,463.49,427.05,21.94,Ongoing,2025-01
OCMS-N24000331,,N24000331,CONSTRUCTION OF RING ROAD FOR RAEBARELI CITY (PHASE -I) ON EASTERN SIDE OF NH 24B,MoRTH,,ROAD TRANSPORT AND HIGHWAYS,,2019-12,2019-12,2022-04,2025-04,,282.41,319.96,271.17,88.0,Ongoing,2025-01
OCMS-N24000332,,N24000332,REHABILITATION AND UPGRADATION OF END OF AHMEDNAGAR BYPASS TO KHARWANDI KASAR SECTION OF NH-222 FROM,MoRTH,,ROAD TRANSPORT AND HIGHWAYS,,2015-01,2015-01,,,,225.81,225.81,167.96,96.0,Ongoing,2025-01
OCMS-N24000334,,N24000334,STRENGTHENING AND WIDENING TO TWO LANE WITH PAVED SHOULDERS FROM KM.106.00 TO 153.00 OF NH-218 BIJAP,MoRTH,,ROAD TRANSPORT AND HIGHWAYS,,2015-03,2015-03,2015-11,2024-08,,165.67,165.67,126.47,99.0,Ongoing,2025-01
OCMS-N24000382,,N24000382,REHABILITATION AND UPGRADING TO 2 LANES/2 LANE WITH PAVED SHOULDERS CONFIGURATION OF BIRPUR - BIHPUR,MoRTH,,ROAD TRANSPORT AND HIGHWAYS,,2014-01,2014-01,2019-10,2025-04,,675.0,780.77,702.2,92.7,Ongoing,2025-01
OCMS-N24000431,,N24000431,4 LANING FROM JAMUGURI TO BISWANATH CHARIALI FROM KM 182 TO KM 208 OF NH-52,NHIDCL,,ROAD TRANSPORT AND HIGHWAYS,,1991-01,1991-01,2019-06,2025-06,,520.01,520.01,305.01,91.89,Ongoing,2025-01
OCMS-N24000438,,N24000438,4 LANING FROM RANGAGARA TO KALIABHOR TINALI FROM KM 297.00 TO KM 315.315 OF NH-37 ON EPC BASIS.,NHIDCL,,ROAD TRANSPORT AND HIGHWAYS,,2015-12,2015-12,2018-12,2025-03,,289.99,289.99,232.95,87.62,Ongoing,2025-01
OCMS-N24000442,,N24000442,"CONSTRUCTION OF FLYOVER AT KM.544.650 INCLUDING ROB ,SERVICE ROADS ,FOOTPATH FOR RCC DRAINS ON URBAN",NHAI,,ROAD TRANSPORT AND HIGHWAYS,,2015-12,2015-12,2019-03,2025-03,,649.5,649.5,601.19,90.34,Ongoing,2025-01
OCMS-N24000462,,N24000462,4-LANING OF GOA/KARNATAKA BORDER- KUNDAPUR SECTION,NHAI,,ROAD TRANSPORT AND HIGHWAYS,,2014-05,2014-05,2016-08,2025-03,,1655.01,1990.99,1810.43,97.8,Ongoing,2025-01
OCMS-N24000463,,N24000463,4 LANING OF NH-31D FROM GHOSHPUKUR - SALSALABARI ( KM 0.00 TO KM . 83.785),NHAI,,ROAD TRANSPORT AND HIGHWAYS,,2015-12,2015-12,2018-06,2023-08,,1083.0,1414.01,1080.05,100.0,Ongoing,2025-01
OCMS-N24000465,,N24000465,4-LANING OF KASHIPUR-SITARGANJ SECTION,AMR,,ROAD TRANSPORT AND HIGHWAYS,,2012-11,2012-11,2016-08,2016-08,,605.84,605.84,0.0,,Ongoing,2025-01
OCMS-N24000480,,N24000480,FOUR OF SIMARIA - KHAGARIA SECTION OF NH-31,NHAI,,ROAD TRANSPORT AND HIGHWAYS,,2015-12,2015-12,2019-04,2025-03,,1041.1,639.58,553.73,97.55,Ongoing,2025-01
OCMS-N24000488,,N24000488,FOUR LANING OF UDHAMBUR - RAMBAN SECTION OF NH-1A,NHAI,,ROAD TRANSPORT AND HIGHWAYS,,2015-12,2015-12,2018-12,2025-03,,2136.97,2644.0,2386.12,99.5,Ongoing,2025-01
OCMS-N24000507,,N24000507,FOUR LANING OF BAKHTIYARPUR - MOKAMA SECTION OF NH-31,NHAI,,ROAD TRANSPORT AND HIGHWAYS,,2015-12,2015-12,2019-12,2024-12,,1167.45,1182.94,735.99,96.0,Ongoing,2025-01
OCMS-N24000513,,N24000513,UMARIYA TO SHAHDOL SECTION OF NH- 78 IN MADYA PRADESH KM 68/4 TO 142/200,MoRTH,,ROAD TRANSPORT AND HIGHWAYS,,2015-03,2015-03,2017-08,2025-06,,511.83,511.83,485.18,93.06,Ongoing,2025-01
OCMS-N24000515,,N24000515,SIX-LANING OF BARWA ADDA- PANAGARH,NHAI,,ROAD TRANSPORT AND HIGHWAYS,,2014-04,2014-04,2016-09,2025-03,,1665.0,4944.44,4944.44,94.25,Ongoing,2025-01
OCMS-N24000531,,N24000531,REHABILITATION AND UPGRADING TO 2 LANES/2 LANE WITH PAVED SHOULDERS (KM 40 TO KM 219.945) OF NH-104,MoRTH,,ROAD TRANSPORT AND HIGHWAYS,,2016-02,2016-02,2018-11,2025-03,,319.68,503.28,440.98,99.0,Ongoing,2025-01
OCMS-N24000552,,N24000552,4-LANNING EXISTING KM 189.700 TO 237.00] HASSAN TO MARANAHALLY,NHAI,,ROAD TRANSPORT AND HIGHWAYS,,2016-03,2016-03,2019-03,2025-06,,701.4,701.4,497.23,85.0,Ongoing,2025-01
OCMS-N24000556,,N24000556,FOUR LANNING OF RAMPUR- KATHGODAM SECTION OF NH-87 FROM KM 0.000 (KM. 190.000 OF NH-24) TO KM 42.791,NHAI,,ROAD TRANSPORT AND HIGHWAYS,,2016-03,2016-03,2019-04,2025-03,,899.0,1633.98,1143.19,95.12,Ongoing,2025-01
OCMS-N24000559,,N24000559,FOUR LANNING OF RAMPUR- KATHGODAM SECTION OF NH-87 FROM KM 42.791 (DESIGN CHAINAGE 43.446) TO KM 88,NHAI,,ROAD TRANSPORT AND HIGHWAYS,,2016-03,2016-03,2019-10,2025-02,,720.0,1150.0,665.47,97.12,Ongoing,2025-01
OCMS-N24000560,,N24000560,NAGPUR RING ROAD PACKAGE-2,NHAI,,ROAD TRANSPORT AND HIGHWAYS,,,,,2025-02,,591.66,591.66,617.7,95.15,Ongoing,2025-01
OCMS-N24000564,,N24000564,4-LANNING OF HARIDWAR-NAGINA SECTION OF NH 74 FROM (KM 204.300 OF NH 58) TO KM 73.00,NHAI,,ROAD TRANSPORT AND HIGHWAYS,,2016-03,2016-03,2020-07,2025-03,,1408.0,1659.12,1254.46,83.46,Ongoing,2025-01
OCMS-N24000567,,N24000567,FOUR LANING OF BHAVNAGAR-TALAJA SECTION OF NH-8E FROM KM. 7.090 TO KM. 53.585 (DESIGN CH FROM KM. 6.,NHAI,,ROAD TRANSPORT AND HIGHWAYS,,2016-05,2016-05,2019-08,2024-06,,998.18,998.18,802.34,100.0,Ongoing,2025-01
OCMS-N24000569,,N24000569,FOUR LANING OF KAGAVADAR - UNA SECTION OF NH-8E FROM KM 139.915 TO KM 180.478 (PACKAGE-IV) IN THE ST,NHAI,,ROAD TRANSPORT AND HIGHWAYS,,2016-05,2016-05,2019-09,2025-02,,723.64,723.64,559.77,96.0,Ongoing,2025-01
OCMS-N24000570,,N24000570,FOUR LANING OF UNA TO KODINAR OF NH-8E FROM KM. 180.478 TO KM 221.610 (PACKAGE-V) IN THE STATE OF GU,NHAI,,ROAD TRANSPORT AND HIGHWAYS,,2016-05,2016-05,2019-08,2025-02,,763.08,763.08,514.25,96.0,Ongoing,2025-01
OCMS-N24000576,,N24000576,CONSTRUCTION OF REHABILITATION AND UPGRADING TO 2 LANES/2 LANE(FOR LOT-I-KM 40.00 TO KM 65.400 AND K,MoRTH,,ROAD TRANSPORT AND HIGHWAYS,,2016-02,2016-02,2016-05,2025-03,,178.85,278.54,232.61,98.0,Ongoing,2025-01
OCMS-N24000578,,N24000578,"PROCUREMENT, AND CONSTRUCTION OF REHABILITATION AND UPGRADING TO 2 LANES/2 LANE(FOR LOT-III-KM 156.5",MoRTH,,ROAD TRANSPORT AND HIGHWAYS,,2016-02,2016-02,2016-05,2025-03,,553.3,706.39,614.38,98.0,Ongoing,2025-01
OCMS-N24000579,,N24000579,FOUR LANING OF GAYA-HISUA-RAJGIRI- NALANDA-BIHARSHARIF SECTION (KM0.00 TO 92.935) ON NH-82 IN BIHAR,MoRTH,,ROAD TRANSPORT AND HIGHWAYS,,2014-01,2014-01,2016-10,2025-06,,1408.85,2138.16,1715.96,96.65,Ongoing,2025-01
OCMS-N24000582,,N24000582,4 LANING OF NH-37 SECTION BETWEEN DEMOW TO END OF MORAN BYPASS (FROM KM. 534.800 TO KM. 561.700) O,NHIDCL,,ROAD TRANSPORT AND HIGHWAYS,,2016-01,2016-01,2016-01,2025-02,,294.17,294.17,344.58,78.5,Ongoing,2025-01
OCMS-N24000583,,N24000583,4 LANING OF NH 37 SECTION BETWEEN END OF MORAN BYPASS TO BOGIBEEL JUNCTION NEAR LAPETKETA (KM. 561,NHIDCL,,ROAD TRANSPORT AND HIGHWAYS,,2016-01,2016-01,2021-12,2025-03,,252.0,330.3,193.59,54.53,Ongoing,2025-01
OCMS-N24000584,,N24000584,4-LANNING OF NH17 AND NEW NO. NH66 FROM KM 161/600 TO 205/400 UNDER HYBRID ANNUITY MODE,MoRTH,,ROAD TRANSPORT AND HIGHWAYS,,2016-03,2016-03,,2023-12,,1142.62,1142.62,1056.08,95.17,Ongoing,2025-01
OCMS-N24000585,,N24000585,4-LANNING OF NH17 AND NEW NO. NH66 FROM KM 241/300 TO 281/300 UNDER HYBRID ANNUITY MODE,MoRTH,,ROAD TRANSPORT AND HIGHWAYS,,2016-03,2016-03,,,,1101.58,1101.58,608.53,,Ongoing,2025-01
OCMS-N24000592,,N24000592,4-LANNING OF KODINAR TO VERAVAL SECTION OF NH-8E FROM KM 221.610 TO KM 263.000,NHAI,,ROAD TRANSPORT AND HIGHWAYS,,2016-07,2016-07,2020-07,2025-02,,829.97,829.97,472.83,93.1,Ongoing,2025-01
OCMS-N24000603,,N24000603,HOSPET-BELLARY-KARNATAKA AP BORDER,NHAI,,ROAD TRANSPORT AND HIGHWAYS,,2016-08,2016-08,2019-03,2025-05,,1167.42,1224.01,915.13,84.25,Ongoing,2025-01
OCMS-N24000613,,N24000613,FOUR LANNING OF NERCHOWK- PANDOH BYPASS SECTION OF NH- 21(PACKAGE-I KM 190.000 TO KM 221.305) UNDER NH,NHAI,,ROAD TRANSPORT AND HIGHWAYS,,2016-09,2016-09,2020-07,2025-03,,1273.71,1478.61,1437.37,94.02,Ongoing,2025-01
OCMS-N24000619,,N24000619,DEVELOPMENT OF FOUR LANNING OF ANGUL-SAMBALPUR SECTION OF NATIONAL HIGHWAY NH-42 (NEW NH-55 IN THE S,NHAI,,ROAD TRANSPORT AND HIGHWAYS,,2016-09,2016-09,2019-08,2025-03,,2510.04,2510.04,1104.98,99.0,Ongoing,2025-01
OCMS-N24000649,,N24000649,SIX LANNING FROM KM. 401.200 TO 494.410 OF NH-8 ON HYBRID ANNUITY MODE UNDER NHDP-V(PKG VI)REG.,NHAI,,ROAD TRANSPORT AND HIGHWAYS,,2017-01,2017-01,2020-12,2025-06,,1251.11,1527.75,684.13,83.84,Ongoing,2025-01
OCMS-N24000655,,N24000655,CONSTRUCTION OF NEW 4-LANE BRIDGE ACROSS VARSOVA CREEK AND ITS APPROACHES WITH INTERCHANGE IN THE ST,NHAI,,ROAD TRANSPORT AND HIGHWAYS,,2017-03,2017-03,2020-03,2024-11,,247.02,157.49,92.22,100.0,Ongoing,2025-01
OCMS-N24000656,,N24000656,4-LANNING OF BODHRE-DHULE SECTION(KM 390.000 TO 452.800),NHAI,,ROAD TRANSPORT AND HIGHWAYS,,2017-03,2017-03,2020-03,2025-03,,744.64,1007.0,467.65,92.01,Ongoing,2025-01
OCMS-N24000659,,N24000659,4-LANNING OF WARANGA-MAHAGAON SECTION(KM 253.7000 TO 320.580),NHAI,,ROAD TRANSPORT AND HIGHWAYS,,2017-03,2017-03,2017-03,2024-10,,1059.73,1071.0,878.19,82.04,Ongoing,2025-01
OCMS-N24000665,,N24000665,TWO-LANNING WITH PAVED SHOULDER OF MAHSHKUNT-SAHARSA-PURNEA SECTION FROM EXISTING KM.89.020 (DESIGN,NHAI,,ROAD TRANSPORT AND HIGHWAYS,,2017-03,2017-03,2020-03,2025-03,,672.89,830.31,616.15,81.85,Ongoing,2025-01
OCMS-N24000683,,N24000683,TWO LANING OF JORAM KOLORIANG ROAD (NH 713) ON EPC BASIS FROM DESIGN KM. 138+000 TO KM. 154+036 [EX,NHIDCL,,ROAD TRANSPORT AND HIGHWAYS,,2017-02,2017-02,2023-11,2025-03,,180.57,180.57,160.43,96.59,Ongoing,2025-01
OCMS-N24000685,,N24000685,CONSTRUCTION OF TWO LANE WITH PAVED SHOULDERS OF JORAM KOLORIANG ROAD (NH 713) ON EPC BASIS FROM EXI,NHIDCL,,ROAD TRANSPORT AND HIGHWAYS,,2017-02,2017-02,2022-04,2023-11,,167.28,167.28,145.2,100.0,Ongoing,2025-01
OCMS-N24000686,,N24000686,FOUR LANING OF DIMAPUR KOHIMA ROAD FROM DESIGN KM 123.840 TO KM 138.775 (EXISTING KM 124.100 TO KM 1,NHIDCL,,ROAD TRANSPORT,,2016-03,2016-03,2019-09,2025-02,,373.07,534.41,382.5,99.81,Ongoing,2025-01
OCMS-N24000688,,N24000688,FOUR LANING OF EXISTING DIMAPUR KOHIMA ROAD FROM DESIGN KM 152.490 TO KM 166.700 (EXISTING KM 156.00,NHIDCL,,ROAD TRANSPORT,,2016-03,2016-03,2022-08,2025-09,,429.52,794.74,311.07,87.21,Ongoing,2025-01
OCMS-N24000696,,N24000696,SIX LANNING OF AUNTA- SIMARIA(GANGA BRIDGE WITH APPROACH ROADS) SECTION OF NH-31,NHAI,,ROAD TRANSPORT AND HIGHWAYS,,2017-08,2017-08,2022-02,2025-03,,950.64,1168.33,1069.28,92.1,Ongoing,2025-01
OCMS-N24000697,,N24000697,FOUR LANNING OF CHOLOPURAM- THANJAVUR,NHAI,,ROAD TRANSPORT AND HIGHWAYS,,2017-08,2017-08,2020-09,2025-02,,1176.37,1176.37,1325.06,99.5,Ongoing,2025-01
OCMS-N24000704,,N24000704,4-LANNING OF THALSERRY -MAHE BYPASS,NHAI,,ROAD TRANSPORT AND HIGHWAYS,,2017-09,2017-09,2020-05,2024-02,,1124.11,1573.18,1524.07,100.0,Ongoing,2025-01
OCMS-N24000708,,N24000708,4-LANNING OF STHIYATHOPU- CHOLOPURAM,NHAI,,ROAD TRANSPORT AND HIGHWAYS,,2017-09,2017-09,2020-08,2025-03,,1227.87,1227.87,1374.8,93.9,Ongoing,2025-01
OCMS-N24000709,,N24000709,BALANCE WORK FOR FOUR LANING OF ITARSI TO BETUL SECTION OF NH69 FROM KM 63.000 TO KM 137.00 (DESIGN,NHAI,,ROAD TRANSPORT AND HIGHWAYS,,2017-12,2017-12,2020-02,2024-12,,950.27,786.43,634.27,99.5,Ongoing,2025-01
OCMS-N24000714,,N24000714,CONSTRUCTION OF NEW LINK (NH-133B) FROM KM 0/00 (KM 200/87 OF SAHIBANJ BYPASS) IN JHARKHAND TO KM 15,NHAI,,ROAD TRANSPORT AND HIGHWAYS,,2017-12,2017-12,2024-10,2026-12,,2598.0,1978.01,1284.48,71.8,Ongoing,2025-01
OCMS-N24000715,,N24000715,REHABILITATION AND UPGRADATION OF CUTTACK ANGUL SECTION OF NH-42 (NEW NH-55) TO 4 LANE (KM. 0+400 TO,NHAI,,ROAD TRANSPORT AND HIGHWAYS,,2017-12,2017-12,2020-07,2025-03,,686.65,686.65,574.26,93.75,Ongoing,2025-01
OCMS-N24000717,,N24000717,CONSTRUCTION OF STAND ALONE RING ROAD/ BYPASS AROUND JAMMU CITY IN THE STATE OF J AND K ON EPC MODE,NHAI,,ROAD TRANSPORT AND HIGHWAYS,,2017-12,2017-12,2021-07,2025-02,,1471.75,1903.98,1651.32,98.18,Ongoing,2025-01
OCMS-N24000723,,N24000723,REHABILITATION AND UPGRADATION OF TWO LANING OF MAHESHKHUNT - SAHARSA - PURNEA SECTION PKG - I,NHAI,,ROAD TRANSPORT AND HIGHWAYS,,2018-01,2018-01,2021-12,2025-06,,573.7,726.99,476.99,81.22,Ongoing,2025-01
OCMS-N24000726,,N24000726,SIX LANING OF BIHAR - JHARKHAND BORDER (CHORDAHA) TO GORHAR SECTION,NHAI,,ROAD TRANSPORT AND HIGHWAYS,,2018-01,2018-01,2021-11,2025-06,,1155.16,950.49,629.74,69.0,Ongoing,2025-01
OCMS-N24000733,,N24000733,REHABILITATION AND UP-GRADATION OF EXISTING 2-LANE TO 4 LANE OF DUBURI (KM 388.376) TO CHANDIKHOLE (,NHAI,,ROAD TRANSPORT AND HIGHWAYS,,2018-01,2018-01,2022-08,2025-06,,633.68,633.68,560.38,82.72,Ongoing,2025-01
OCMS-N24000734,,N24000734,REHABILITATION AND UP-GRADATION OF EXISTING 2-LANE TO FOUR LANE FROM TALCHAR TO END OF KAMAKHYANAG,NHAI,,ROAD TRANSPORT AND HIGHWAYS,,2018-01,2018-01,2021-08,2025-03,,614.48,757.12,664.48,99.0,Ongoing,2025-01
OCMS-N24000736,,N24000736,REHABILITATION AND UPGRADATION OF CUTTACK-ANGUL SECTION TO 4 LANE (KM 60.20) TO (KM 112.0) PKG II ON,NHAI,,ROAD TRANSPORT AND HIGHWAYS,,2018-01,2018-01,2020-09,2025-03,,686.65,1015.16,435.85,90.2,Ongoing,2025-01
OCMS-N24000738,,N24000738,REHABILITATION AND UPGRADATION OF SIX LANING OF BHADRAK BALESHWAR SECTION (KM 136.50) TO (KM 199.141,NHAI,,ROAD TRANSPORT AND HIGHWAYS,,2018-01,2018-01,2021-09,2025-03,,999.0,1152.7,498.82,79.49,Ongoing,2025-01
OCMS-N24000739,,N24000739,REHABILITATION AND UP-GRADATION TO 4-LANING OF RAJAMUNDA-BARKOTE SECTION OF NH-23 (NEW NH NO. 143) (,NHAI,,ROAD TRANSPORT AND HIGHWAYS,,2018-01,2018-01,2021-06,2025-03,,503.88,609.03,536.89,96.69,Ongoing,2025-01
OCMS-N24000741,,N24000741,CONSTRUCTION AND UPGRADATION OF EXISTING ROAD TO 2 LANE WITH PAVED SHOULDER FROM KM 368.00 TO KM 399,NHIDCL,,ROAD TRANSPORT AND HIGHWAYS,,2018-03,2018-03,2020-11,2024-03,,274.31,274.31,251.61,,Ongoing,2025-01
OCMS-N24000742,,N24000742,2 LANE WITH PAVED SHOULDER FROM KM 399.00 TO KM 430.00 OF KARANPARYAG TO CHAMOLI UNDER CHARDHAM PARI,NHIDCL,,ROAD TRANSPORT AND HIGHWAYS,,2018-03,2018-03,2020-11,2024-03,,403.36,403.36,337.72,98.93,Ongoing,2025-01
OCMS-N24000743,,N24000743,2 LANE WITH PAVED SHOULDER FROM KM 430.00 TO KM 468.00 OF CHAMOLI TO PAINI UNDER CHARDHAM PARIYOJNA,NHIDCL,,ROAD TRANSPORT AND HIGHWAYS,,2018-03,2018-03,2020-11,2024-03,,417.24,417.24,344.2,,Ongoing,2025-01
OCMS-N24000745,,N24000745,"2 LANE WITH HARD SHOLDER , REHABILITATION AND UP GRADATION OF SECTION FROM KM 242.0 TO KM 298.0 OF N",NHIDCL,,ROAD TRANSPORT AND HIGHWAYS,,2017-03,2017-03,2019-12,2024-09,,409.85,409.85,214.23,94.59,Ongoing,2025-01
OCMS-N24000749,,N24000749,REHABILITATION AND UP GRADATION OF SECTION FROM KM 206.00 TO KM 242.00 (NIMBUTALA TO AUSTIN CREEK) O,NHIDCL,,ROAD TRANSPORT AND HIGHWAYS,,2018-03,2018-03,2020-09,2024-12,,234.27,234.27,126.5,80.26,Ongoing,2025-01
OCMS-N24000752,,N24000752,(I) CONSTRUCTION OF FOUR/SIX LANING FROM KM 132.375 TO KM 158.058 (TOTAL NEW ALIGNMENT LENGTH OF 20.,NHIDCL,,ROAD TRANSPORT,,2017-02,2017-02,2020-09,2025-03,,387.0,688.12,387.55,99.46,Ongoing,2025-01
OCMS-N24000753,,N24000753,(II) CONSTRUCTION OF DIMAPUR BYPASS (ASSAM PORTION) OF 4/6 LANE PAVEMENT ON EPC BASIS FROM EXISTING,NHIDCL,,ROAD TRANSPORT,,2018-03,2018-03,2022-11,2025-03,,500.09,698.81,373.62,96.93,Ongoing,2025-01
OCMS-N24000756,,N24000756,CONSTRUCTION OF TWO LANE WITH HARD SHOULDERS OF CHAKABAMA-ZUNHEBOTO ROAD FROM EXISTING KM 52.370 TO,NHIDCL,,ROAD TRANSPORT,,2018-03,2018-03,2022-09,2024-07,,285.68,285.68,193.9,99.9,Ongoing,2025-01
OCMS-N24000763,,N24000763,CONSTRUCTION OF TWO LANE WITH HARD SHOULDERS OF MERANGKONG- TAMLU-MON ROAD FROM EXISTING KM 20.456 TO,NHIDCL,,ROAD TRANSPORT AND HIGHWAYS,,2018-03,2018-03,2021-12,2025-08,,215.79,215.79,118.72,49.47,Ongoing,2025-01
OCMS-N24000765,,N24000765,CONSTRUCTION OF TWO LANE WITH HARD SHOULDERS OF MERANGKONG- TAMLU-MON ROAD FROM EXISTING KM 60.345 TO,NHIDCL,,ROAD TRANSPORT AND HIGHWAYS,,2018-03,2018-03,2018-09,2025-09,,323.98,323.98,99.61,37.47,Ongoing,2025-01
OCMS-N24000767,,N24000767,CONSTRUCTION OF 2-LANE WITH PAVED SHOULDER INCLUDING GEOMETRIC IMPROVEMENT FROM KM 0.000 TO KM 16.00,NHIDCL,,ROAD TRANSPORT AND HIGHWAYS,,2017-03,2017-03,2022-04,2023-12,,375.8,375.8,287.54,96.55,Ongoing,2025-01
OCMS-N24000768,,N24000768,CONSTRUCTION OF 2-LANE WITH PAVED SHOULDER INCLUDING GEOMETRIC IMPROVEMENT FROM KM 16.000 TO KM 32.5,NHIDCL,,ROAD TRANSPORT AND HIGHWAYS,,2017-11,2017-11,2020-10,2024-04,,290.05,290.05,218.36,100.0,Ongoing,2025-01
OCMS-N24000771,,N24000771,WIDENING TO 2-LANE WITH GEOMETRIC IMPROVEMENTS OF TURA DALU ROAD UNDER JICA FUNDING FROM KM 85.000 T,NHIDCL,,ROAD TRANSPORT AND HIGHWAYS,,2017-04,2017-04,2021-09,2025-03,,553.51,553.51,366.39,74.24,Ongoing,2025-01
OCMS-N24000772,,N24000772,RECONSTRUCTION WITH GEOMETRIC IMPROVEMENT OF EXISTING 2 LANE/INTERMEDIATE LANE TO 2LANE WITH PAVED S,MoRTH,,ROAD TRANSPORT AND HIGHWAYS,,2017-12,2017-12,2019-12,2019-12,,257.34,257.34,232.69,100.0,Ongoing,2025-01
OCMS-N24000773,,N24000773,RECONSTRUCTION WITH GEOMETRIC IMPROVEMENT OF EXISTING 2 LANE/INTERMEDIATE LANE TO 2LANE WITH PAVED S,MoRTH,,ROAD TRANSPORT AND HIGHWAYS,,2017-12,2017-12,2019-12,2019-12,,200.34,200.34,227.98,100.0,Ongoing,2025-01
OCMS-N24000774,,N24000774,WIDENING OF EXISTING SINGLE LANE ROAD TO TWO LANE WITH PAVED SHOULDERS CONFIGURATION FROM KM. 235.00,MoRTH,,ROAD TRANSPORT AND HIGHWAYS,,2017-12,2017-12,2019-12,2019-12,,248.22,248.22,236.8,100.0,Ongoing,2025-01
OCMS-N24000775,,N24000775,RECONSTRUCTION WITH GEOMETRIC IMPROVEMENT OF EXISTING 2 LANE/INTERMEDIATE LANE TO 2LANE WITH PAVED S,MoRTH,,ROAD TRANSPORT AND HIGHWAYS,,2017-06,2017-06,2019-06,2023-03,,282.08,282.08,234.97,100.0,Ongoing,2025-01
OCMS-N24000776,,N24000776,RECONSTRUCTION WITH GEOMETIC IMPROVEMENT OF EXISTING TWO LANE TO 2- LANE WITH PAVED SHOULDERS CONFIG,MoRTH,,ROAD TRANSPORT AND HIGHWAYS,,2017-11,2017-11,2019-11,2019-11,,232.81,232.81,201.58,100.0,Ongoing,2025-01
OCMS-N24000777,,N24000777,RECONSTRUCTION WITH GEOMETIC IMPROVEMENT OF SINGLE LANE TO 2- LANE WITH PAVED SHOULDER CONFIGURATION,MoRTH,,ROAD TRANSPORT AND HIGHWAYS,,2017-11,2017-11,2019-11,2019-11,,283.51,283.51,278.51,100.0,Ongoing,2025-01
OCMS-N24000778,,N24000778,RECONSTRUCTION WITH GEOMETRIC IMPROVEMENT OF EXISTING SINGLE/INTERMEDIATE LANE TO 2LANE WITH PAVED S,MoRTH,,ROAD TRANSPORT AND HIGHWAYS,,2017-11,2017-11,2019-11,2019-11,,266.52,266.52,250.34,100.0,Ongoing,2025-01
OCMS-N24000779,,N24000779,RECONSTRUCTION WITH GEOMETRIC IMPROVEMENT OF EXISTING SINGLE/INTERMEDIATE LANE TO 2 LANE WITH EAR,MoRTH,,ROAD TRANSPORT AND HIGHWAYS,,2018-02,2018-02,2020-02,2023-03,,418.88,418.88,339.71,94.0,Ongoing,2025-01
OCMS-N24000780,,N24000780,REHABILITATION AND UP GRADATION OF 2 LANE/ 2 LANE WITH PAVED SHOULDER FROM EXISTING KM. 172.900 TO K,MoRTH,,ROAD TRANSPORT AND HIGHWAYS,,2018-02,2018-02,,2023-04,,293.68,293.68,244.25,100.0,Ongoing,2025-01
OCMS-N24000781,,N24000781,CONSTRUCTION OF KUND BYPASS FROM EXISTING KM 33+130 TO KM 41+260 (EXISTING LENGTH: 8.130 KM); DESIGN,MoRTH,,ROAD TRANSPORT AND HIGHWAYS,,2018-05,2018-05,2020-05,2023-12,,248.0,248.0,120.5,65.56,Ongoing,2025-01
OCMS-N24000782,,N24000782,REHABILITATION AND UPGRADATION OF 2 LANE WITH PAVED SHOULDER FROM EXISTING KM. 195.175 TO KM. 220.00,MoRTH,,ROAD TRANSPORT AND HIGHWAYS,,2018-03,2018-03,,,,460.73,461.0,0.0,,Ongoing,2025-01
OCMS-N24000784,,N24000784,6-LANING OF KOZHIKODE BYPASS (CALICUT BYPASS) (I.E. VENGALAM JN. TO RAMANATTUKARA JN.) SECTION OF NH,NHAI,,ROAD TRANSPORT AND HIGHWAYS,,2018-02,2018-02,2023-02,2025-04,,1424.77,2065.95,780.07,84.2,Ongoing,2025-01
OCMS-N24000788,,N24000788,REHABILITATION AND UP GRADATION OF EXISTING ROAD TO 2-LANE WITH PAVED SHOULDER CONFIGURATION IN PURU,NHAI,,ROAD TRANSPORT AND HIGHWAYS,,2018-03,2018-03,2022-09,2025-12,,841.57,708.3,9091.34,94.2,Ongoing,2025-01
OCMS-N24000795,,N24000795,CONSTRUCTION/ UP-GRATION OF FOUR/TWO LANE WITH PAVED SHOULDER OF NH68 FROM TANOT- RAMGARH BHADASAR-JA,NHAI,,ROAD TRANSPORT AND HIGHWAYS,,2018-02,2018-02,2021-04,2025-03,,741.86,649.0,672.53,96.0,Ongoing,2025-01
OCMS-N24000796,,N24000796,CONSTRUCTION OF NH-24 EXTENSION 4- LANE BYPASS STARTING FROM BEHTA ROAD AND TERMINATING AT SITAPUR RO,NHAI,,ROAD TRANSPORT AND HIGHWAYS,,2018-03,2018-03,2021-12,2024-07,,1117.84,1203.92,1198.22,99.76,Ongoing,2025-01
OCMS-N24000798,,N24000798,SIX LANING OF HAPUR BYPASS TO MORADABAD SECTION INCLUDING HAPUR BYPASS FROM KM 50.000 (DESIGN CHAINA,NHAI,,ROAD TRANSPORT AND HIGHWAYS,,2018-03,2018-03,2021-11,2025-06,,2140.93,2140.93,2065.46,98.4,Ongoing,2025-01
OCMS-N24000811,,N24000811,CONSTRUCTION OF SIX LANING OF DEDICATED PORT ROAD TO KRISHNAPATNAM PORT (PACKAGE-I) KM 0+000 TO KM 1,NHAI,,ROAD TRANSPORT AND HIGHWAYS,,2018-03,2018-03,2020-12,2024-12,,314.43,348.72,85.61,65.81,Ongoing,2025-01
OCMS-N24000813,,N24000813,DEVELOPMENT OF NEWLY DECLARED NH-527C FROM MAJHAULI TO CHAROUT SECTION TO 2 LANE WITH PAVED SHOULDER,NHAI,,ROAD TRANSPORT AND HIGHWAYS,,2018-03,2018-03,2021-11,2024-12,,496.2,537.17,398.41,96.44,Ongoing,2025-01
OCMS-N24000820,,N24000820,Rehabilitation and up gradation to 2 lane with paved shoulder configuration from existing km. 122.00,MoRTH,,ROAD TRANSPORT AND HIGHWAYS,,2017-11,2017-11,2019-11,2019-11,,237.8,238.0,222.13,98.23,Ongoing,2025-01
OCMS-N24000821,,N24000821,RECONSTRUCTION WITH GEOMETRIC IMPROVEMENT OF EXISTING 2 LANE/INTERMEDIATE LANE TO 2LANE WITH PAVED S,MoRTH,,ROAD TRANSPORT AND HIGHWAYS,,2017-11,2017-11,2019-11,2019-11,,257.34,238.0,214.9,100.0,Ongoing,2025-01
OCMS-N24000826,,N24000826,FOUR LANINIG OF CHETTIKULAM TO NATHAM SECTION OF NH-785 FROM CHETTIKULUM (KM 7.300) TO NATHAM (KM. 3,NHAI,,ROAD TRANSPORT AND HIGHWAYS,,2018-03,2018-03,2022-10,2025-02,,505.35,837.69,376.61,99.75,Ongoing,2025-01
OCMS-N24000834,,N24000834,CONSTRUCTION OF EIGHT LANE VADODARA KIM EXPRESSWAY FROM KM 254.430 TO KM 279.000 (KIM TO ANKLESHWAR,NHAI,,ROAD TRANSPORT AND HIGHWAYS,,2018-03,2018-03,2021-10,2025-04,,1161.39,1404.0,510.21,68.06,Ongoing,2025-01
OCMS-N24000835,,N24000835,CONSTRUCTION OF 8 LANE DWARKA EXPRESSWAY (NH- 248BB PACKAGE IV FROM RAIL OVER BRIDGE (ROB) TILL END P,NHAI,,PETROLEUM,,,,2020-12,2020-12,,1484.3,1484.3,1376.15,100.0,Completed,2025-01
OCMS-N24000851,,N24000851,CONSTRUCTION OF 8 LANING OF EXISTING 4 LANE VADAPE TO THANE FROM KM 539.202 TO KM 563.000 SECTION OF,NHAI,,ROAD TRANSPORT AND HIGHWAYS,,2018-03,2018-03,2021-07,2025-06,,1162.92,1182.87,371.48,55.8,Ongoing,2025-01
OCMS-N24000852,,N24000852,"FOUR LANING OF SOLAN-KAITHLIGHAT SECTION OF NH-22 (NOW NH-5) FROM KM 106.139 TO KM 129.050, ON EPC M",NHAI,,ROAD TRANSPORT AND HIGHWAYS,,2018-03,2018-03,2021-05,2024-12,,478.74,1514.46,1349.59,83.0,Ongoing,2025-01
OCMS-N24000855,,N24000855,CONSTRUCTION OF 4.5 KM LONG SILKYARA TUNNEL BETWEEN KM 25.40 TO 50.25 KM (TUNNEL WORK),NHIDCL,,ROAD TRANSPORT AND HIGHWAYS,,2018-03,2018-03,2022-07,2026-01,,1383.78,1383.78,605.8,62.62,Ongoing,2025-01
OCMS-N24000857,,N24000857,WIDENING AND UP-GRADATION TO 2- LANE WITH PAVED SHOULDER CONFIGURATION AND GEOMETRIC IMPROVEMENTS FRO,NHIDCL,,ROAD TRANSPORT AND HIGHWAYS,,2017-04,2017-04,2023-04,2025-01,,519.09,785.65,657.51,90.12,Ongoing,2025-01
OCMS-N24000858,,N24000858,WIDENING AND UP-GRADATION TO 2- LANE WITH PAVED SHOULDER CONFIGURATION AND GEOMETRIC IMPROVEMENTS FRO,NHIDCL,,ROAD TRANSPORT AND HIGHWAYS,,2017-04,2017-04,2023-07,2024-05,,640.07,1286.35,1217.65,99.0,Ongoing,2025-01
OCMS-N24000859,,N24000859,WIDENING AND UP-GRADATION TO 2- LANE WITH PAVED SHOULDER CONFIGURATION AND GEOMETRIC IMPROVEMENTS FRO,NHIDCL,,ROAD TRANSPORT AND HIGHWAYS,,2017-04,2017-04,2023-06,2024-03,,642.96,988.23,729.84,99.5,Ongoing,2025-01
OCMS-N24000861,,N24000861,WIDENING AND UP-GRADATION TO 2- LANE WITH PAVED SHOULDER CONFIGURATION AND GEOMETRIC IMPROVEMENTS FRO,NHIDCL,,ROAD TRANSPORT AND HIGHWAYS,,2017-04,2017-04,2023-04,2025-02,,473.18,688.25,521.23,85.1,Ongoing,2025-01
OCMS-N24000862,,N24000862,WIDENING AND UP-GRADATION TO 2- LANE WITH PAVED SHOULDER CONFIGURATION AND GEOMETRIC IMPROVEMENTS FRO,NHIDCL,,ROAD TRANSPORT AND HIGHWAYS,,2017-04,2017-04,2023-04,2025-02,,537.82,789.05,752.9,91.6,Ongoing,2025-01
OCMS-N24000863,,N24000863,WIDENING AND UP-GRADATION TO 2- LANE WITH PAVED SHOULDER CONFIGURATION AND GEOMETRIC IMPROVEMENTS FRO,NHIDCL,,ROAD TRANSPORT AND HIGHWAYS,,2017-04,2017-04,2023-06,2025-03,,518.53,906.76,804.57,90.15,Ongoing,2025-01
OCMS-N24000864,,N24000864,WIDENING AND UP-GRADATION TO 2- LANE WITH PAVED SHOULDER CONFIGURATION AND GEOMETRIC IMPROVEMENTS FRO,NHIDCL,,ROAD TRANSPORT AND HIGHWAYS,,2017-04,2017-04,2024-04,2025-03,,404.29,750.32,599.84,85.6,Ongoing,2025-01
OCMS-N24000865,,N24000865,WIDENING AND UP-GRADATION TO 2- LANE WITH PAVED SHOULDER CONFIGURATION AND GEOMETRIC IMPROVEMENTS FRO,NHIDCL,,ROAD TRANSPORT AND HIGHWAYS,,2017-04,2017-04,2023-09,2025-03,,428.11,746.39,588.02,87.7,Ongoing,2025-01
OCMS-N24000868,,N24000868,UP-GRADATION TO 4-LANE WITH PAVED SHOULDER OF JAMMU-AKHNOOR ROAD SECTION OF NH-144A FROM GANESH VIHA,NHIDCL,,ROAD TRANSPORT AND HIGHWAYS,,2018-03,2018-03,2021-07,2025-06,,253.44,253.44,184.29,80.26,Ongoing,2025-01
OCMS-N24000874,,N24000874,CONSTRUCTION OF NEW ROAD AT THE MISSING LINK PORTION OF NH-81 ALONG THE APPROVED ALIGNMENT BETWEEN H,MoRTH,,ROAD TRANSPORT AND HIGHWAYS,,2016-03,2016-03,2018-11,2025-03,,271.17,291.2,193.14,79.44,Ongoing,2025-01
OCMS-N24000880,,N24000880,UPGRADATION OF NH-81 WITH A MINIMUM OF 2-LANE WITH PAVED SHOULDER CONFIGURATION STARTING FROM KM 19.,MoRTH,,ROAD TRANSPORT AND HIGHWAYS,,2018-02,2018-02,2020-09,2025-02,,426.18,426.18,364.92,100.0,Ongoing,2025-01
OCMS-N24000885,,N24000885,CONSTRUCTION OF ROB AND ITS APPROACHES IN LIEU OF UNMANNED LEVEL CROSSING AT KM 303.9 ON NH-60 (PAND,MoRTH,,ROAD TRANSPORT AND HIGHWAYS,,2016-03,2016-03,2023-09,2025-02,,160.27,213.97,174.36,100.0,Ongoing,2025-01
OCMS-N24000887,,N24000887,CONSTRUCTION OF TWINS 2-LANE ROB AND ITS APPROACHES IN REPLACEMENT OF EXISTING LEVEL CROSSING GATE N,MoRTH,,PETROLEUM,,,,2021-09,2021-09,,236.78,236.78,232.54,100.0,Completed,2025-01
OCMS-N24000892,,N24000892,2L+PS OF THIKRI ANJAD SECTION OF NH-347B,MoRTH,,PETROLEUM,,,,2018-07,2018-07,,,,221.19,100.0,Completed,2025-01
OCMS-N24000907,,N24000907,WIDENING AND PAVED SHOULDER OF TOHANA (IN HARYANA) PUNJAB/HARYANA BORDER TO MOONAK-JAKHAL-BUDHLADA,MoRTH,,ROAD TRANSPORT AND HIGHWAYS,,2018-03,2018-03,2020-08,2024-07,,293.1,315.0,306.6,100.0,Ongoing,2025-01
OCMS-N24000909,,N24000909,JALANDHAR-HOSHIARPUR SECTION OF NH-70 [NEW NH NO. 3] FROM EXISTING KM 11.400 TO KM 49.200,MoRTH,,ROAD TRANSPORT AND HIGHWAYS,,2017-10,2017-10,2019-10,2025-12,,1069.59,1069.59,739.08,62.0,Ongoing,2025-01
OCMS-N24000910,,N24000910,REHABILITATION AND UP GRADATION TO 2 LANE WITH PAVED SHOULDER OF NH-703A FROM MAKHU (DESIGN CH 0 000,MoRTH,,ROAD TRANSPORT AND HIGHWAYS,,2018-03,2018-03,2020-11,2024-06,,170.57,150.0,104.98,79.0,Ongoing,2025-01
OCMS-N24000912,,N24000912,WIDENING TO 2LPS FROM 0/0 TO 119/0 OF NH-157 IN THE STATE OF ODISHA.,MoRTH,,ROAD TRANSPORT AND HIGHWAYS,,2016-08,2016-08,2017-02,2025-03,,287.7,293.66,274.44,98.66,Ongoing,2025-01
OCMS-N24000914,,N24000914,WIDENING TO 2LPS FROM 239/9 TO 294/3 OF NH-57 (NAYAGARH TO KHURDA) IN THE STATE OF ODISHA,MoRTH,,ROAD TRANSPORT AND HIGHWAYS,,2016-12,2016-12,2018-08,2025-03,,223.5,223.5,220.5,92.0,Ongoing,2025-01
OCMS-N24000917,,N24000917,WIDENING TO 2LPS FROM 269/30 TO 328/20 OF NH-49 IN THE STATE OF ODISHA,MoRTH,,ROAD TRANSPORT AND HIGHWAYS,,2018-03,2018-03,2018-08,2025-03,,199.16,199.16,155.44,98.0,Ongoing,2025-01
OCMS-N24000925,,N24000925,CONSTRUCTION OF MISSING LINKS (SINGLE LANE) IN LAKHPAT GADULI HAJIPIR ODMA KHAVDA DHOLAVIRA MAUVANA,MoRTH,,ROAD TRANSPORT AND HIGHWAYS,,2018-10,2018-10,2020-11,2024-09,,400.76,394.44,287.39,87.0,Ongoing,2025-01
OCMS-N24000931,,N24000931,REHABILITATION AND UPGRADATION OF EXISTING NH-167 FROM KM 14.900 TO KM 70.00 (DESIGN CH.14.900 TO 69,MoRTH,,ROAD TRANSPORT AND HIGHWAYS,,2016-11,2016-11,2017-05,2024-11,,290.15,236.16,205.02,90.0,Ongoing,2025-01
OCMS-N24000937,,N24000937,REHABILITATION AND UPGRADATION OF NEW NH-544DD FROM DESIGN CHAINAGE KM 56.00 TO 102.20 OF KALYANDURG,MoRTH,,ROAD TRANSPORT AND HIGHWAYS,,2018-03,2018-03,2018-08,2024-11,,289.67,285.29,254.19,98.5,Ongoing,2025-01
OCMS-N24000941,,N24000941,REHABILITATION AND UPGRADATION TO 2 LANE WITH PAVED SHOULDER OF MOGA (DESIGN CH 0.000) TO MAKHU (DES,MoRTH,,ROAD TRANSPORT AND HIGHWAYS,,2018-03,2018-03,2020-08,2020-08,,293.64,293.64,295.46,100.0,Ongoing,2025-01
OCMS-N24000943,,N24000943,CONSTRUCTION OF A NEW 4 LANE MAJOR BRIDGE ACROSS RIVER KOSI AT PHULAUT INCLUDING RHABILITATION AND,MoRTH,,ROAD TRANSPORT AND HIGHWAYS,,2018-09,2018-09,2024-06,2026-05,,1478.4,1478.4,854.53,63.55,Ongoing,2025-01
OCMS-N24000946,,N24000946,CONSTRUCTION OF 2-LANE ROAD WITH PAVED SHOULDERS FROM KM16.00 OF ROING-HUNLI SECTION TO KM 21.500 OF,NHIDCL,,ROAD TRANSPORT AND HIGHWAYS,,2017-03,2017-03,2022-03,2025-06,,1718.59,1718.59,693.18,69.95,Ongoing,2025-01
OCMS-N24000948,,N24000948,CONSTRUCTION OF 2 LANING OF EXISTING HUNLI-ANINI ROAD ON EPC BASIS FROM DESIGN KM 53.500 TO KM 92.50,NHIDCL,,ROAD TRANSPORT AND HIGHWAYS,,2016-09,2016-09,2019-12,2024-09,,568.92,568.92,508.65,100.0,Ongoing,2025-01
OCMS-N24000964,,N24000964,CONSTRUCTION OF TIMMAPURAM TO GURJANAPALLE SECTION FROM KM 26.150 TO 41.161 OF NH- 214(NH216)(KAKINAD,MoRTH,,ROAD TRANSPORT AND HIGHWAYS,,2016-08,2016-08,2017-01,2025-05,,350.61,411.18,457.55,98.0,Ongoing,2025-01
OCMS-N24000969,,N24000969,CONSTRUCTION OF 2L+PS FROM PASARLAPUDI-DHINDI (105/700 TO 127.500 OF NH-214) OF NH-216,MoRTH,,ROAD TRANSPORT AND HIGHWAYS,,2017-01,2017-01,2017-09,2025-03,,263.45,263.45,257.85,89.56,Ongoing,2025-01
OCMS-N24000979,,N24000979,TWO-LANING OF HAYULIANG? HAWAI BYPASS ROAD ON EPC BASIS FROM DESIGN KM. 51.825 TO KM. 63.131 EXISTI,NHIDCL,,ROAD TRANSPORT AND HIGHWAYS,,2017-01,2017-01,2023-05,2025-03,,256.66,256.66,0.0,63.59,Ongoing,2025-01
OCMS-N24000980,,N24000980,WIDEINING TO TWO/FOUR LANE WITH PAVED SHOULDERS FROM EXISTING KM 182.120 TO KM 227.600 OF NH-167 ON,MoRTH,,ROAD TRANSPORT AND HIGHWAYS,,2016-10,2016-10,2019-02,2024-08,,298.32,298.32,178.47,98.0,Ongoing,2025-01
OCMS-N24000981,,N24000981,WIDEINING TO TWO/FOUR LANE WITH PAVED SHOULDERS FROM EXISTING KM 180.60 TO KM 223.00 OF NH-63 ON NIZ,MoRTH,,ROAD TRANSPORT AND HIGHWAYS,,2016-10,2016-10,2019-03,2024-08,,248.83,248.83,173.82,100.0,Ongoing,2025-01
OCMS-N24000982,,N24000982,WIDENING TO TWO LANE WITH PAVED SHOULDERS FROM KM 40/410 TO KM 84/037OF THIRUMALAGIRI TO SURYAPET SE,MoRTH,,ROAD TRANSPORT AND HIGHWAYS,,2017-01,2017-01,2019-05,2019-08,,244.54,244.54,176.32,99.9,Ongoing,2025-01
OCMS-N24000983,,N24000983,WIDENING TO TWO LANE WITH PAVED SHOULDERS FROM KM 0/970 TO KM 40/410 OF JANAGAON-THIRUMALAGIRI OF NH,MoRTH,,ROAD TRANSPORT AND HIGHWAYS,,2017-01,2017-01,2019-10,2024-02,,196.52,196.52,125.53,95.7,Ongoing,2025-01
OCMS-N24000984,,N24000984,WIDENING TO TWO LANE WITH PAVED SHOULDERS FROM KM 15.525 TO KM 62.880 OF JADCHERLA-KALWAKURTHY SECTI,MoRTH,,ROAD TRANSPORT AND HIGHWAYS,,2017-01,2017-01,2019-12,2019-12,,283.0,283.0,259.15,99.3,Ongoing,2025-01
OCMS-N24000986,,N24000986,WIDENING TO TWO LANE WITH PAVED SHOULDERS FROM KM 67.00 TO 114.425 OF KALWAKURTHY-MALLEPALLY SECTION,MoRTH,,ROAD TRANSPORT AND HIGHWAYS,,2017-01,2017-01,2019-05,2024-01,,300.0,300.0,243.36,96.05,Ongoing,2025-01
OCMS-N24000987,,N24000987,6 LANING FROM KM 9.90 TO KM 19.948 (ARAMGARH-SAMSHABAD SECTION) OF HYDERABAD-SAMSHABAD SECTION OF NH,MoRTH,,ROAD TRANSPORT AND HIGHWAYS,,2018-01,2018-01,2020-05,2024-08,,283.15,283.15,279.54,92.59,Ongoing,2025-01
OCMS-N24000988,,N24000988,WIDENING AND STRENGTHENING OF EXISTING 2-LANE TO 2-LANE WITH PAVED SHOULDERS FROM KM.159/0 TO 165/4,MoRTH,,ROAD TRANSPORT AND HIGHWAYS,,2018-01,2018-01,2019-12,2020-11,,230.03,230.03,232.0,99.9,Ongoing,2025-01
OCMS-N24000989,,N24000989,WIDENING AND STRENGTHENING OF EXISTING CARRIAGEWAY IN 2 LANE WITH PAVED SHOULDERS FROM KM.25/0 TO 59,MoRTH,,ROAD TRANSPORT AND HIGHWAYS,,2018-02,2018-02,2020-06,2021-01,,206.13,206.13,192.73,98.36,Ongoing,2025-01
OCMS-N24000990,,N24000990,REHABILITATION AND UPGRADATION OF NH-167 FROM DESIGN KM.113.900 TO 154.479 (MALLEPALLY - HALIYA SECT,MoRTH,,ROAD TRANSPORT AND HIGHWAYS,,2018-02,2018-02,2019-11,2024-01,,294.13,294.13,203.07,87.44,Ongoing,2025-01
OCMS-N24000993,,N24000993,REHABILITATION AND UPGRADATION OF NH-167 FROM DESIGN KM.187.723 TO 234.434 (MIRYALAGUDA TO KODAD SEC,MoRTH,,ROAD TRANSPORT AND HIGHWAYS,,2018-03,2018-03,2020-09,2023-06,,322.81,322.81,325.47,98.09,Ongoing,2025-01
OCMS-N24000994,,N24000994,CONSTRUCTION OF SIX LANE ELEVATED CORRIDOR FROM KM.7.950 (UPPAL) TO KM.14.200 OF NH-163 TO DE- CONGES,MoRTH,,ROAD TRANSPORT AND HIGHWAYS,,2018-03,2018-03,2020-07,2026-02,,626.76,626.76,282.78,44.3,Ongoing,2025-01
OCMS-N24000996,,N24000996,REHABILITATION AND UP-GRADATION TO TWO LANE WITH PAVED SHOULDERS FROM KM 0/0 TO 72/6 OF NH-365 (NAKR,MoRTH,,ROAD TRANSPORT AND HIGHWAYS,,2017-01,2017-01,2019-10,2021-06,,605.08,605.08,416.45,99.84,Ongoing,2025-01
OCMS-N24000997,,N24000997,REHABILITATION AND UP GRADATION FROM KM. 121/0 TO 154/0 OF NAKAREKAL ? MALLAMPALLY SECTION OF NH-365,MoRTH,,ROAD TRANSPORT AND HIGHWAYS,,2018-03,2018-03,2019-07,2024-08,,192.67,192.67,178.95,92.0,Ongoing,2025-01
OCMS-N24000998,,N24000998,WIDENING AND STRENGTHENING/ RECONSTRUCTION OF EXISTING PAVEMENT TO FOUR ALNE WITH PAVED SHOULDERS FR,MoRTH,,ROAD TRANSPORT AND HIGHWAYS,,2019-01,2019-01,,2024-08,,193.19,249.72,230.79,95.0,Ongoing,2025-01
OCMS-N24001002,,N24001002,SARSAM TO KOTHARI,MoRTH,,ROAD TRANSPORT AND HIGHWAYS,,,,2019-07,2023-12,,545.64,545.64,232.64,93.68,Ongoing,2025-01
OCMS-N24001003,,N24001003,AKOLA TO AKOT,MoRTH,,ROAD TRANSPORT AND HIGHWAYS,,,,2019-06,2023-12,,313.95,313.95,270.26,99.0,Ongoing,2025-01
OCMS-N24001008,,N24001008,AJANTHA TO BULDHANA,MoRTH,,ROAD TRANSPORT AND HIGHWAYS,,,,,2023-12,,401.0,401.0,260.08,97.0,Ongoing,2025-01
OCMS-N24001013,,N24001013,DIGRAS DARWAH KARANJA,MoRTH,,ROAD TRANSPORT AND HIGHWAYS,,,,,2023-12,,391.06,391.06,287.6,92.76,Ongoing,2025-01
OCMS-N24001017,,N24001017,DAHEGAON TO KUHI,MoRTH,,ROAD TRANSPORT AND HIGHWAYS,,,,2019-06,2023-12,,228.89,228.89,154.82,99.0,Ongoing,2025-01
OCMS-N24001018,,N24001018,BHANDARA TO GHOTITOK,MoRTH,,ROAD TRANSPORT AND HIGHWAYS,,,,,2019-06,,392.83,392.83,274.75,100.0,Ongoing,2025-01
OCMS-N24001021,,N24001021,AMDI TO SAONER,MoRTH,,ROAD TRANSPORT AND HIGHWAYS,,,,2019-06,2023-12,,396.91,396.91,289.79,98.69,Ongoing,2025-01
OCMS-N24001022,,N24001022,WADI TO ASOLA,MoRTH,,ROAD TRANSPORT AND HIGHWAYS,,,,2019-09,2023-12,,363.82,363.82,154.65,93.15,Ongoing,2025-01
OCMS-N24001027,,N24001027,SHAHPUR PATGAON SECTION I,MoRTH,,ROAD TRANSPORT AND HIGHWAYS,,,,,2024-03,,150.79,150.79,81.14,71.0,Ongoing,2025-01
OCMS-N24001039,,N24001039,JINTUR TO PARBHANI,MoRTH,,ROAD TRANSPORT AND HIGHWAYS,,,,,2023-12,,356.66,356.66,209.48,80.0,Ongoing,2025-01
OCMS-N24001046,,N24001046,RALEGAON TO RAMTIRTH,MoRTH,,ROAD TRANSPORT AND HIGHWAYS,,,,,2023-08,,210.81,210.81,210.81,96.5,Ongoing,2025-01
OCMS-N24001050,,N24001050,VITA TO NAGAJ,MoRTH,,ROAD TRANSPORT AND HIGHWAYS,,,,2019-12,2023-12,,304.58,304.58,154.68,68.39,Ongoing,2025-01
OCMS-N24001057,,N24001057,KARAD PATAN CHIPLUN GUHAGAR,MoRTH,,ROAD TRANSPORT AND HIGHWAYS,,,,,2023-10,,407.19,407.19,323.02,89.97,Ongoing,2025-01
OCMS-N24001058,,N24001058,KARWANDI TO RAJURI,MoRTH,,ROAD TRANSPORT AND HIGHWAYS,,,,,2024-03,,276.95,276.95,160.94,92.06,Ongoing,2025-01
OCMS-N24001060,,N24001060,PALPHATA TO PHULAMBARI,MoRTH,,ROAD TRANSPORT AND HIGHWAYS,,,,,2023-12,,227.19,227.19,141.92,95.0,Ongoing,2025-01
OCMS-N24001069,,N24001069,NANDED TO JALKOT,MoRTH,,ROAD TRANSPORT AND HIGHWAYS,,,,2019-09,2019-09,,456.93,456.93,278.22,,Ongoing,2025-01
OCMS-N24001078,,N24001078,PUNE TO MALE VILLAGE,MoRTH,,ROAD TRANSPORT AND HIGHWAYS,,,,,2023-12,,228.31,228.31,100.97,94.0,Ongoing,2025-01
OCMS-N24001079,,N24001079,ARDHAPUR TO HIMAYATNAGAR,MoRTH,,ROAD TRANSPORT AND HIGHWAYS,,,,,2023-12,,426.06,426.06,271.4,96.25,Ongoing,2025-01
OCMS-N24001080,,N24001080,MALE VILLAGE TO PUNE RAIGARH DISTRICT BORDER,MoRTH,,ROAD TRANSPORT AND HIGHWAYS,,2018-03,2018-03,2019-12,2023-10,,256.15,256.15,126.62,98.0,Ongoing,2025-01
OCMS-N24001081,,N24001081,HIMAYATNAGAR TO PHULSAWANGI,MoRTH,,ROAD TRANSPORT AND HIGHWAYS,,,,,2023-12,,294.87,294.87,183.17,89.99,Ongoing,2025-01
OCMS-N24001082,,N24001082,PUNE RAIGARH DISTRICT BORDER TO MANGAON,MoRTH,,ROAD TRANSPORT AND HIGHWAYS,,2018-03,2018-03,2019-12,2023-12,,223.46,223.46,123.46,100.0,Ongoing,2025-01
OCMS-N24001090,,N24001090,KOLDE TO KHETIYA,MoRTH,,ROAD TRANSPORT AND HIGHWAYS,,,,2019-07,2023-12,,509.18,509.18,283.13,95.0,Ongoing,2025-01
OCMS-N24001092,,N24001092,SATARA TO MHASWAD,MoRTH,,ROAD TRANSPORT AND HIGHWAYS,,,,2019-07,2023-12,,653.46,653.46,369.62,76.76,Ongoing,2025-01
OCMS-N24001095,,N24001095,SATARA MURVAD PILLOV PANDHARPUR,MoRTH,,ROAD TRANSPORT AND HIGHWAYS,,,,,2024-06,,388.44,388.44,240.05,88.0,Ongoing,2025-01
OCMS-N24001097,,N24001097,SELDOH TO PANVAR,MoRTH,,ROAD TRANSPORT AND HIGHWAYS,,,,2020-05,2020-05,,404.33,404.33,140.65,,Ongoing,2025-01
OCMS-N24001099,,N24001099,MHASWAD TO TEMBHURNI,MoRTH,,ROAD TRANSPORT AND HIGHWAYS,,,,,2023-12,,488.6,488.6,279.42,76.5,Ongoing,2025-01
OCMS-N24001101,,N24001101,KURUDWADI TO PANDHARPUR,MoRTH,,ROAD TRANSPORT AND HIGHWAYS,,,,,2023-11,,307.63,307.63,232.57,96.0,Ongoing,2025-01
OCMS-N24001102,,N24001102,PANDHARPUR TO SANGOLA,MoRTH,,ROAD TRANSPORT AND HIGHWAYS,,,,,2023-12,,218.38,218.38,182.63,99.78,Ongoing,2025-01
OCMS-N24001106,,N24001106,PEN TO KHOPOLI,MoRTH,,ROAD TRANSPORT AND HIGHWAYS,,,,2018-03,2024-01,,301.39,301.39,170.12,82.07,Ongoing,2025-01
OCMS-N24001107,,N24001107,PANCHARAL TO MANDANGHAR,MoRTH,,ROAD TRANSPORT AND HIGHWAYS,,,,,2020-05,,381.08,381.08,45.66,,Ongoing,2025-01
OCMS-N24001111,,N24001111,KOLHA TO NASRATPUR,MoRTH,,ROAD TRANSPORT AND HIGHWAYS,,,,,2024-08,,281.78,281.78,77.83,,Ongoing,2025-01
OCMS-N24001112,,N24001112,NASRATPUR TO BARASGAON,MoRTH,,ROAD TRANSPORT AND HIGHWAYS,,,,,2024-03,,406.54,406.54,274.3,80.7,Ongoing,2025-01
OCMS-N24001114,,N24001114,INDAPUR TO VADPALE,MoRTH,,ROAD TRANSPORT AND HIGHWAYS,,,,,2024-03,,1202.52,1202.52,1450.82,61.42,Ongoing,2025-01
OCMS-N24001122,,N24001122,PAITHAN TO SHIRUR,MoRTH,,ROAD TRANSPORT AND HIGHWAYS,,,,2019-06,2024-03,,341.8,341.8,226.19,78.6,Ongoing,2025-01
OCMS-N24001123,,N24001123,SHIRUR TO KHARDA,MoRTH,,ROAD TRANSPORT AND HIGHWAYS,,,,2019-06,2023-12,,381.77,381.77,199.48,83.93,Ongoing,2025-01
OCMS-N24001124,,N24001124,AURANGABAD TO SILLOD,MoRTH,,ROAD TRANSPORT AND HIGHWAYS,,,,,2023-12,,456.32,456.32,355.54,94.07,Ongoing,2025-01
OCMS-N24001125,,N24001125,SILLOD TO FARDAPUR,MoRTH,,ROAD TRANSPORT AND HIGHWAYS,,,,2019-06,2023-12,,337.46,337.46,335.3,91.56,Ongoing,2025-01
OCMS-N24001127,,N24001127,KUMBHARI PHTA TO DEULGAON RAJA,MoRTH,,ROAD TRANSPORT AND HIGHWAYS,,,,,2024-02,,406.51,406.51,340.26,87.84,Ongoing,2025-01
OCMS-N24001130,,N24001130,RECONSTRUCTION WITH GEOMETRIC IMPROVMENT OF EXISTING INTERMEDIATE LANE TO 2 LANE WITH PAVED SHOULDER,MoRTH,,ROAD TRANSPORT AND HIGHWAYS,,2016-08,2016-08,2017-12,2017-12,,234.88,234.88,237.19,100.0,Ongoing,2025-01
OCMS-N24001132,,N24001132,BHOGAN KHURD TO KASHEDI,MoRTH,,ROAD TRANSPORT AND HIGHWAYS,,,,,2023-12,,743.21,743.21,911.64,88.69,Ongoing,2025-01
OCMS-N24001134,,N24001134,KANTE TO WAKED,MoRTH,,ROAD TRANSPORT AND HIGHWAYS,,,,2019-11,2024-12,,1230.02,1230.02,791.8,,Ongoing,2025-01
OCMS-N24001138,,N24001138,PARLI PIMPLA DAHIGUDA,MoRTH,,ROAD TRANSPORT AND HIGHWAYS,,,,,2023-08,,205.72,205.72,85.71,,Ongoing,2025-01
OCMS-N24001156,,N24001156,WIDENING TO TWO LANE WITH PAVED SHOULDER FROM KM 544.200 TO KM 594.000 OF NH-150A HOSMANE CROSS ? PA,MoRTH,,ROAD TRANSPORT AND HIGHWAYS,,2017-01,2017-01,2017-09,2023-05,,166.67,264.34,192.08,100.0,Ongoing,2025-01
OCMS-N24001157,,N24001157,IMPROVEMENTS AND RECONSTRUCTION TO TWO LANE WITH PAVED SHOULDERS FROM KM 243.20 TO KM 290.20 OF NH,MoRTH,,ROAD TRANSPORT AND HIGHWAYS,,2016-08,2016-08,2017-02,2024-07,,175.5,241.6,189.72,90.1,Ongoing,2025-01
OCMS-N24001158,,N24001158,RECONSTRUCTION TO TWO LANE WITH PAVED SHOULDERS FROM DS. CH. 442+180 (EX. KM 448.00) TO DS. CH.485+2,MoRTH,,ROAD TRANSPORT AND HIGHWAYS,,2018-03,2018-03,2019-06,2023-12,,159.97,242.61,113.15,100.0,Ongoing,2025-01
OCMS-N24001159,,N24001159,WIDENING TO TWO LANE WITH PAVED SHOULDERS FROM KM 20.150 TO KM 40.00 OF BC ROAD KOTTIGEHARA SECTION,MoRTH,,ROAD TRANSPORT AND HIGHWAYS,,2018-01,2018-01,2018-07,2022-03,,159.7,159.7,142.88,100.0,Ongoing,2025-01
OCMS-N24001160,,N24001160,WIDENING TO TWO LANE WITH PAVED SHOULDER FROM KM 194.900 TO KM 243.200 OF NH-234 BANAVARA-HULIYAR,MoRTH,,ROAD TRANSPORT AND HIGHWAYS,,2017-09,2017-09,2018-10,2022-04,,191.6,191.6,112.03,100.0,Ongoing,2025-01
OCMS-N24001161,,N24001161,WIDENING TO TWO LANE WITH PAVED SHOULDERS FROM 24.600 TO 70.063 OF MUDIGERE TO KADUR SECTION OF NH,MoRTH,,ROAD TRANSPORT AND HIGHWAYS,,2017-12,2017-12,2019-01,2022-04,,297.3,318.28,280.25,100.0,Ongoing,2025-01
OCMS-N24001162,,N24001162,IMPROVEMENT AND RECONSTRUCTION TO TWO LANE WITH PAVED SHOULDERS FROM KM 489.845 (NEW KM.58.125) AN,MoRTH,,ROAD TRANSPORT AND HIGHWAYS,,2018-03,2018-03,2018-10,2022-11,,325.86,386.41,356.78,100.0,Ongoing,2025-01
OCMS-N24001164,,N24001164,WIDENING TO 2 LANE WITH PAVED SHOULDERS FROM KM 0 TO 54 OF NH-50 UNDER EPC MODE IN THE STATE OF KARN,MoRTH,,ROAD TRANSPORT AND HIGHWAYS,,2016-10,2016-10,2017-03,2022-07,,396.96,396.96,329.58,100.0,Ongoing,2025-01
OCMS-N24001165,,N24001165,WIDENING TO 2 LANE WITH PAVED SHOULDERS FROM KM 34.00 TO 70.900 OF NH-150 UNDER EPC MODE IN THE STAT,MoRTH,,ROAD TRANSPORT AND HIGHWAYS,,2016-11,2016-11,2017-03,2021-10,,314.9,314.9,233.95,100.0,Ongoing,2025-01
OCMS-N24001166,,N24001166,WIDENING TWO LANE WITH PAVED SHOULDERS FROM FROM KM.56.00 TO 106.00 OF NH-218 (218-KNT-2014-15-775),MoRTH,,ROAD TRANSPORT AND HIGHWAYS,,2015-03,2015-03,2016-01,2024-07,,159.12,159.12,127.72,98.06,Ongoing,2025-01
OCMS-N24001168,,N24001168,ESTIMATE FOR WIDENING TWO LANE TO FOUR LANE FROM FROM KM.129.00 TO 144.00 OF NH-63 ANKOLA-GOOTY SECT,MoRTH,,ROAD TRANSPORT AND HIGHWAYS,,2018-05,2018-05,2018-05,2023-12,,171.6,171.6,134.81,100.0,Ongoing,2025-01
OCMS-N24001172,,N24001172,WIDENING TO TWO LANE WITH PAVED SHOULDER FROM KM 4.40 TO KM 56.00 OF NH-218 BIJAPURA-HUBLI SECTION U,MoRTH,,ROAD TRANSPORT AND HIGHWAYS,,2017-01,2017-01,2017-08,2022-06,,291.49,291.49,238.77,100.0,Ongoing,2025-01
OCMS-N24001173,,N24001173,CONSTRUCTION OF MAJOR BRIDGE AT KM 180.865 ACROSS RIVER KRISHNA ON NH-167 HAGARI ? JADERCELA SECTION,MoRTH,,ROAD TRANSPORT AND HIGHWAYS,,2017-02,2017-02,2019-05,2025-10,,157.32,187.61,62.31,60.0,Ongoing,2025-01
OCMS-N24001179,,N24001179,CONSTRUCTION OF 2 LANE WITH PAVED SHOULDER FROM KM. 168 TO 183.783 (YESEMYONG TO UNGER) ON MOKOKCHUN,MoRTH,,ROAD TRANSPORT,,2017-03,2017-03,2020-11,2023-02,,217.35,217.35,214.18,100.0,Ongoing,2025-01
OCMS-N24001180,,N24001180,WIDENING OF EXISTING SINGLE/INTERMEDIATE LANE ROAD TO 2 LANE ROAD FROM KM. 83.00 TO KM 101.00 ON NH,MoRTH,,ROAD TRANSPORT,,2019-03,2019-03,2022-12,2023-01,,237.51,237.51,201.2,100.0,Ongoing,2025-01
OCMS-N24001185,,N24001185,SIX LANING OF CHAKERI TO ALLAHABAD SECTION OF NH-2 FROM KM 483.687 TO KM 628.753 (DESIGN LENGTH ? 14,NHAI,,PETROLEUM,,,,2021-07,2021-07,,2159.0,2159.0,3110.5,100.0,Completed,2025-01
OCMS-N24001201,,N24001201,CONSTRUCTION OF A NEW 4 LANE BRIDGE PARALLEL TO EXISTING MG SETU WITH ITS APPROACHES FROM KM 0.00,MoRTH,,ROAD TRANSPORT AND HIGHWAYS,,2019-02,2019-02,2024-09,2026-02,,2926.42,2926.42,1208.79,50.58,Ongoing,2025-01
OCMS-N24001216,,N24001216,WIDENING TO 2 LANE WITH PAVED SHOULDERS AND GEOMETRIC IMPROVEMENT OF NH-114A FROM KM 141 TO KM 184 I,MoRTH,,ROAD TRANSPORT AND HIGHWAYS,,2016-12,2016-12,2021-09,2024-12,,196.0,196.0,164.21,90.1,Ongoing,2025-01
OCMS-N24001217,,N24001217,REHABILITATION AND UPGRADATION OF NH 43 KANKER TO BEDMA SECTION KM. 130 TO 180,MoRTH,,ROAD TRANSPORT AND HIGHWAYS,,2016-01,2016-01,2016-08,2025-03,,497.14,572.66,376.54,60.41,Ongoing,2025-01
OCMS-N24001221,,N24001221,REHABILITATION AND UPGRADATION OF NH 78 FROM KM 373.505 TO 469.300 AMBIKAPUR TO PATHALGAON SECTION,MoRTH,,ROAD TRANSPORT AND HIGHWAYS,,2016-01,2016-01,2016-10,2025-02,,624.98,731.5,620.52,99.0,Ongoing,2025-01
OCMS-N24001222,,N24001222,REHABILITATION AND UPGRADATION OF NH 78 FROM KM 469.000 TO 531.000 PATTHALGAON TO KUNKURI,MoRTH,,ROAD TRANSPORT AND HIGHWAYS,,2016-03,2016-03,2016-07,2025-03,,452.94,435.61,307.02,66.3,Ongoing,2025-01
OCMS-N24001227,,N24001227,CONSTRUCTION OF 4 NOS GRADE SEPARATOR BETWEEN KM. 281.000 TO KM 307.600 KM. 286.400 KUMHARI KM. 299.,MoRTH,,ROAD TRANSPORT AND HIGHWAYS,,2018-03,2018-03,2019-01,2025-03,,349.03,349.03,316.52,97.9,Ongoing,2025-01
OCMS-N24001228,,N24001228,UPGRADATION AND WIDENING OF BILASPUR TO MUNGELI SECTION NH- 130A,MoRTH,,ROAD TRANSPORT AND HIGHWAYS,,2017-11,2017-11,2019-05,2025-02,,188.8,188.8,136.81,97.0,Ongoing,2025-01
OCMS-N24001241,,N24001241,UP-GRADATION TO TWO LANING WITH PAVED SHOULDER OF AJMER-NAGAUR SECTION BY EXECUTING BALANCE WORK FRO,MoRTH,,ROAD TRANSPORT AND HIGHWAYS,,2020-03,2020-03,2022-10,2024-06,,255.23,255.23,256.0,97.0,Ongoing,2025-01
OCMS-N24001244,,N24001244,CONSTRUCTION OF 2-LANING WITH HARD SHOULDERS OF ARROWA-KHUPA- HAYULIANG SECTION OF NH-113 FROM CH.68.,NHIDCL,,ROAD TRANSPORT AND HIGHWAYS,,2020-08,2020-08,2022-04,2025-02,,301.06,301.06,161.6,71.47,Ongoing,2025-01
OCMS-N24001246,,N24001246,4-LANING OF HAPACHARA - TULUNGIA SECTION,NHIDCL,,ROAD TRANSPORT AND HIGHWAYS,,2020-03,2020-03,2022-12,2024-06,,220.2,220.2,216.83,97.76,Ongoing,2025-01
OCMS-N24001248,,N24001248,WIDENING/IMPROVEMENT TO 4-LANE WITH PAVED SHOULDER FROM CH.75.330KM TO CH.88.00KM (DESIGN CH.71.800,NHIDCL,,PETROLEUM,,,,2022-04,2022-04,,208.84,208.84,193.59,100.0,Completed,2025-01
OCMS-N24001251,,N24001251,CONSTUCTION/UPGRADATION OF EXISTING HIGHWAY TO 2 LANE WITH PAVED SHOULDER FROM KM 0.00 TO KM 13.00 N,NHIDCL,,ROAD TRANSPORT AND HIGHWAYS,,2019-03,2019-03,2022-04,2025-01,,402.94,402.94,239.34,74.78,Ongoing,2025-01
OCMS-N24001252,,N24001252,CONSTUCTION/UPGRADATION OF EXISTING HIGHWAY TO 2 LANE WITH PAVED SHOULDER FROM KM 13.00 TO KM 25.600,NHIDCL,,ROAD TRANSPORT AND HIGHWAYS,,2020-08,2020-08,2023-04,2025-03,,295.97,295.97,245.0,94.19,Ongoing,2025-01
OCMS-N24001254,,N24001254,CONSTUCTION/UPGRADATION OF EXISTING HIGHWAY TO 2 LANE WITH PAVED SHOULDER FROM KM 26.10 TO KM 40.00,NHIDCL,,ROAD TRANSPORT,,2020-03,2020-03,2022-06,2024-01,,242.97,244.45,246.91,0.0,Ongoing,2025-01
OCMS-N24001255,,N24001255,CONSTRUCTION OF 2-LANE WITH PAVED SHOULDER OF KOHIMA-BYPASS ROAD FROM DESIGN KM10.500 TO 21.00KM [D,NHIDCL,,ROAD TRANSPORT,,2020-09,2020-09,2022-10,2026-06,,277.44,277.44,166.31,64.48,Ongoing,2025-01
OCMS-N24001256,,N24001256,CONSTRUCTION OF (I) CONNECTING ROAD FROM Z-MORH TUNNEL TO ZOJILA TUNNEL AND (II) 14.150 KM LONG BI-D,NHIDCL,,ROAD TRANSPORT AND HIGHWAYS,,2020-08,2020-08,2026-09,2026-09,,6808.69,6808.69,3013.84,49.92,Ongoing,2025-01
OCMS-N24001257,,N24001257,CONSTRUCTION OF 2-LANE WITH PAVED SHOULDER OF KOHIMA-BYPASS ROAD FROM DESIGN KM21.0 TO KM32.0 [DESIG,NHIDCL,,ROAD TRANSPORT AND HIGHWAYS,,2020-08,2020-08,2022-10,2025-06,,159.85,159.85,84.96,20.04,Ongoing,2025-01
OCMS-N24001258,,N24001258,CONSTRUCTION OF 2-LANE WITH PAVED SHOULDER OF KOHIMA-BYPASS ROAD FROM DSIGN KM32.0 TO KM43.454 [DES,NHIDCL,,ROAD TRANSPORT,,2020-08,2020-08,2022-04,2025-02,,202.36,202.36,72.03,27.58,Ongoing,2025-01
OCMS-N24001259,,N24001259,UPGRADATION OF EXISTING ROAD TO 2- LANE WITH PAVED SHOULDER FROM KOHIMA TO MAO FROM KM 185.540 TO KM,NHIDCL,,ROAD TRANSPORT,,2020-09,2020-09,2022-04,2025-02,,315.63,315.63,95.84,74.23,Ongoing,2025-01
OCMS-N24001261,,N24001261,CONSTRUCTION AND UPGRADATION OFEXISTINGROAD TO 2-LANE WITH PAVED SHOULDER INCLUDING GEOMETRIC IMPROV,NHIDCL,,ROAD TRANSPORT AND HIGHWAYS,,2020-08,2020-08,2023-04,2024-10,,311.0,273.78,254.48,94.53,Ongoing,2025-01
OCMS-N24001262,,N24001262,CONSTRUCTION AND UPGRADATION OFEXISTINGROAD TO 2-LANE WITH PAVED SHOULDER INCLUDING GEOMETRIC IMPROV,NHIDCL,,ROAD TRANSPORT AND HIGHWAYS,,2020-07,2020-07,2023-04,2025-03,,345.38,395.59,356.67,90.19,Ongoing,2025-01
OCMS-N24001263,,N24001263,REHABILITATION AND UPGRADATION OF ROAD FROM KM 0.00 TO KM 18.600 OF KUMARGHAT-KAILASHAHAR SECTION,NHIDCL,,ROAD TRANSPORT AND HIGHWAYS,,2020-06,2020-06,2022-01,2024-12,,277.5,302.02,256.89,99.94,Ongoing,2025-01
OCMS-N24001264,,N24001264,UP-GRADATION TO 2-LANE WITH PAVED SHOULDER FROM KM 12.850 TO KM20.300 OF 7.450KM LENGTH ON GOHA- KHEL,NHIDCL,,ROAD TRANSPORT AND HIGHWAYS,,2020-07,2020-07,2022-04,2025-10,,228.39,228.39,67.6,87.03,Ongoing,2025-01
OCMS-N24001266,,N24001266,UP-GRADATION TO 2-LANE WITH PAVED SHOULDER FROM KM 20.300 TO KM 29.030 OF 8.730 KM LENGTH ON GOHA-K,NHIDCL,,ROAD TRANSPORT AND HIGHWAYS,,2020-07,2020-07,2022-04,2025-04,,210.79,210.79,69.67,89.54,Ongoing,2025-01
OCMS-N24001269,,N24001269,2-LANING OF CHURACHANDPUR TUIVAI SECTION OF NH-102B (PKG- IB),NHIDCL,,ROAD TRANSPORT AND HIGHWAYS,,2020-03,2020-03,2022-03,2025-05,,216.49,216.49,104.36,80.43,Ongoing,2025-01
OCMS-N24001270,,N24001270,2-LANING OF CHURACHANDPUR TUIVAI SECTION OF NH-102B (PKG- 2A),NHIDCL,,ROAD TRANSPORT,,2020-03,2020-03,2022-06,2025-05,,292.24,292.24,127.86,85.33,Ongoing,2025-01
OCMS-N24001271,,N24001271,2-LANING OF CHURACHANDPUR TUIVAI SECTION OF NH-102B (PKG- 2B),NHIDCL,,ROAD TRANSPORT,,2020-06,2020-06,2022-08,2025-05,,365.53,365.53,156.31,77.36,Ongoing,2025-01
OCMS-N24001272,,N24001272,2-LANING OF CHURACHANDPUR TUIVAI SECTION OF NH-102B (PKG- 4A),NHIDCL,,ROAD TRANSPORT,,2020-03,2020-03,2022-06,2025-05,,167.95,167.95,88.05,69.89,Ongoing,2025-01
OCMS-N24001273,,N24001273,2-LANING OF CHURACHANDPUR TUIVAI SECTION OF NH-102B (PKG- 4B),NHIDCL,,ROAD TRANSPORT AND HIGHWAYS,,2020-07,2020-07,2022-08,2025-02,,177.76,177.76,89.67,80.53,Ongoing,2025-01
OCMS-N24001274,,N24001274,IMPROVEMENT/UPGRADATION OF EXISTING 2-LANE TO 4-LANE DIVIDED HIGHWAY FROM TAPHOU KUKI TO DAILI SECTI,NHIDCL,,ROAD TRANSPORT AND HIGHWAYS,,2020-08,2020-08,2022-04,2025-06,,379.39,379.39,193.87,53.3,Ongoing,2025-01
OCMS-N24001276,,N24001276,IMPROVEMENT/UPGRADATION OF EXISTING 2-LANE TO 4-LANE DIVIDED HIGHWAY FROM KURAOPOKPI TO SEKMAI SECTI,NHIDCL,,ROAD TRANSPORT,,2020-08,2020-08,2022-04,2025-03,,228.97,228.97,0.0,0.0,Ongoing,2025-01
OCMS-N24001277,,N24001277,CONSTRUCTION OF CHHIATHLANG - SERCHHIP BYPASS (PKG-1) ON AIZAWL- TUIPANG SECTION OF NH-54,NHIDCL,,ROAD TRANSPORT AND HIGHWAYS,,2020-09,2020-09,2022-10,2024-03,,275.02,247.25,231.19,99.73,Ongoing,2025-01
OCMS-N24001278,,N24001278,CONSTRUCTION OF TWO LANE WITH PAVED SHOULDER OF SELLING-DULTE SECTION OF NH-06 (PKG-I),NHIDCL,,ROAD TRANSPORT AND HIGHWAYS,,2020-03,2020-03,2022-07,2024-06,,206.88,219.33,206.58,97.01,Ongoing,2025-01
OCMS-N24001281,,N24001281,CONSTRUCTION OF TWO LANE WITH PAVED SHOULDER OF SELLING-DULTE SECTION OF NH-06 (PKG-III),NHIDCL,,ROAD TRANSPORT AND HIGHWAYS,,2020-03,2020-03,2022-07,2024-10,,292.24,331.17,293.9,91.64,Ongoing,2025-01
OCMS-N24001282,,N24001282,2 LANING OF KOHIMA - JESSAMI SECTION (PACKAGE II),NHIDCL,,ROAD TRANSPORT AND HIGHWAYS,,2020-03,2020-03,2022-06,2026-01,,355.79,355.79,109.24,60.74,Ongoing,2025-01
OCMS-N24001286,,N24001286,2-LANING OF CHANGTONGYA TO LONGLENG ROAD OF NH-702 (PKG-I),NHIDCL,,ROAD TRANSPORT AND HIGHWAYS,,2020-03,2020-03,2022-06,2023-06,,278.95,278.95,166.29,100.0,Ongoing,2025-01
OCMS-N24001287,,N24001287,2 LANING OF KOHIMA - JESSAMI SECTION (PACKAGE V),NHIDCL,,ROAD TRANSPORT AND HIGHWAYS,,2020-04,2020-04,2021-12,2025-11,,330.8,330.8,130.84,73.01,Ongoing,2025-01
OCMS-N24001288,,N24001288,CONSTRUCTION OF 2-LANE WITH PAVED SHOULDER OF KOHIMA-BYPASS ROAD FROM DESIGN KM 0.00 TO KM 10.500 [D,NHIDCL,,ROAD TRANSPORT AND HIGHWAYS,,2020-08,2020-08,2022-04,2026-11,,232.29,232.29,63.64,11.01,Ongoing,2025-01
OCMS-N24001291,,N24001291,CONSTRUCTION OF 2 LANE ROAD OF POTIN TO PANGIN SECTION OF NH 13 FROM KM 77.95 TO KM 117.56 (PACKAGE,MoRTH,,ROAD TRANSPORT AND HIGHWAYS,,2019-03,2019-03,2027-03,2027-03,,421.48,421.48,365.83,100.0,Ongoing,2025-01
OCMS-N24001292,,N24001292,CONSTRUCTION OF 2 LANE ROAD OF POTIN TO PANGIN SECTION OF NH 13 FROM KM 117.56 TO KM 163.59 (PACKAGE,MoRTH,,ROAD TRANSPORT AND HIGHWAYS,,2019-03,2019-03,2027-03,2027-03,,543.05,600.0,588.85,100.0,Ongoing,2025-01
OCMS-N24001293,,N24001293,CONSTRUCTION OF 2 LANE ROAD OF POTIN TO PANGIN SECTION OF NH 13 FROM KM 206.66 TO KM 247.05 (PACKAGE,MoRTH,,ROAD TRANSPORT AND HIGHWAYS,,2019-03,2019-03,2027-03,2027-03,,486.7,486.7,480.44,100.0,Ongoing,2025-01
OCMS-N24001297,,N24001297,CONSTRUCTION OF 2 LANE ROAD OF POTIN TO PANGIN SECTION OF NH 13 FROM KM 163.59 TO KM 206.66 (PACKAGE,MoRTH,,ROAD TRANSPORT AND HIGHWAYS,,2019-03,2019-03,2027-03,2027-03,,450.65,450.65,389.68,95.26,Ongoing,2025-01
OCMS-N24001301,,N24001301,6-LANING OF VIJAYAWADA BYPASS FROM GOLLAPUDI (DESIGN CH. 30+000) TO CHINNAKAKANI (DESIGN CH. 47+881),NHAI,,ROAD TRANSPORT AND HIGHWAYS,,2019-11,2019-11,2024-01,2024-07,,1601.1,1601.1,1278.03,81.5,Ongoing,2025-01
OCMS-N24001303,,N24001303,BALANCE WORK OF 4- LANING OF PATNA-GAYA-DOBHI SECTION (KM. 0.00 TO KM. 127.217) OF NH-83 IN THE STAT,NHAI,,ROAD TRANSPORT AND HIGHWAYS,,2013-10,2013-10,2020-12,2024-12,,649.9,750.0,711.53,98.3,Ongoing,2025-01
OCMS-N24001304,,N24001304,BALANCE WORK OF 4- LANING OF PATNA-GAYA-DOBHI SECTION (KM. 39.00 TO KM. 83.00) OF NH-83 IN THE STATE,NHAI,,ROAD TRANSPORT AND HIGHWAYS,,2013-10,2013-10,2020-11,2024-12,,446.97,740.5,638.8,96.3,Ongoing,2025-01
OCMS-N24001305,,N24001305,BALANCE WORK OF 4- L ANING OF PATNA-GAYA-DOBHI SECTION (KM.83.00 TO KM. 127.217) OF NH-83 IN THE STA,NHAI,,ROAD TRANSPORT AND HIGHWAYS,,2013-10,2013-10,2020-11,2024-12,,464.09,765.12,698.25,97.3,Ongoing,2025-01
OCMS-N24001306,,N24001306,TWO / FOUR LANING OF RAEBARELI - JAGDISHPUR SECTION OF NH-330A FROM KM. 0.000 TO KM. 47.800 (DESIGN,NHAI,,ROAD TRANSPORT AND HIGHWAYS,,2020-10,2020-10,2023-03,2024-05,,724.6,724.6,569.96,95.1,Ongoing,2025-01
OCMS-N24001309,,N24001309,KAILASHAHAR TO KHOWAI PKG-4,NHIDCL,,ROAD TRANSPORT,,,,,2024-11,,159.13,171.5,84.33,100.0,Ongoing,2025-01
OCMS-N24001313,,N24001313,IMPROVEMENT/WIDENING TO 2-L WITH PAVED SHOULDER FROM (DESIGN KM 0.00 TO KM 10.670) / 4-LANING FROM (,NHIDCL,,ROAD TRANSPORT AND HIGHWAYS,,2020-11,2020-11,2023-12,2025-10,,351.12,351.12,259.62,42.0,Ongoing,2025-01
OCMS-N24001314,,N24001314,IMPROVEMENT/WIDENING TO 2-LANE WITH PAVED SHOULDER FROM (DESIGN KM 10.670 TO KM 37.550) BETWEEN SHIL,NHIDCL,,ROAD TRANSPORT AND HIGHWAYS,,2020-11,2020-11,2023-12,2026-08,,525.68,525.68,398.05,17.0,Ongoing,2025-01
OCMS-N24001317,,N24001317,2-LANING FROM JOLAIBARI - BELONIA,NHIDCL,,ROAD TRANSPORT,,,,,2024-11,,201.99,287.47,144.07,0.0,Ongoing,2025-01
OCMS-N24001322,,N24001322,CONSTRUCTION OF 2-LANE ROAD WITH PAVED SHOULDER (GREENFIELD ALIGNMENT) OF EXISTING STRETCH BETWEEN L,NHIDCL,,ROAD TRANSPORT AND HIGHWAYS,,2020-09,2020-09,2022-05,2025-03,,183.31,439.56,351.8,46.98,Ongoing,2025-01
OCMS-N24001323,,N24001323,KHELLANI-KHANABAL PKG-1,NHIDCL,,ROAD TRANSPORT AND HIGHWAYS,,,,,2025-03,,486.45,486.45,120.08,96.58,Ongoing,2025-01
OCMS-N24001325,,N24001325,CONSTRUCTION OF 2-LANE SPECIFICATION ROAD WITH PAVED SHOULDER AS REALIGNMENT,GREENFIELD ALIGNMENT,,ROAD TRANSPORT AND HIGHWAYS,,2020-09,2020-09,2023-05,2025-03,,262.84,414.2,220.26,46.17,Ongoing,2025-01
OCMS-N24001326,,N24001326,4-L DHUBRI PHULBARI BRIDGE WITH APPROACH ROAD,NHIDCL,,ROAD TRANSPORT AND HIGHWAYS,,2020-11,2020-11,2028-09,2028-09,,4997.04,4997.04,2235.15,56.59,Ongoing,2025-01
OCMS-N24001327,,N24001327,REHABILITATION AND UPGRADATION OF EXISTING ROAD TO 2-LANE WITH PAVED SHOULDER INCLUDING GEOMETRIC IM,NHIDCL,,ROAD TRANSPORT AND HIGHWAYS,,2020-08,2020-08,2022-05,2025-03,,292.8,292.8,195.37,54.16,Ongoing,2025-01
OCMS-N24001331,,N24001331,2-LANING FROM YAINGANGPOKPI TO FINCH CORNER (PKG-I),NHIDCL,,ROAD TRANSPORT AND HIGHWAYS,,2020-03,2020-03,2022-06,2025-05,,261.13,261.13,64.96,57.26,Ongoing,2025-01
OCMS-N24001332,,N24001332,2-LANING FROM YAINGANGPOKPI TO FINCH CORNER (PKG-II),NHIDCL,,ROAD TRANSPORT AND HIGHWAYS,,2020-03,2020-03,2022-06,2025-04,,217.5,217.5,84.36,68.03,Ongoing,2025-01
OCMS-N24001334,,N24001334,IMPROVEMENT/WIDENING TO 2-LANE WITH PAVED SHOULDER FROM (DESIGN KM 45.760 TO KM 63.530) BETWEEN SHIL,NHIDCL,,ROAD TRANSPORT AND HIGHWAYS,,2020-11,2020-11,2023-12,2026-04,,445.51,445.51,196.37,12.5,Ongoing,2025-01
OCMS-N24001335,,N24001335,IMPROVEMENT/WIDENING TO 2-LANE WITH PAVED SHOULDER / 4-LANING FROM (DESIGN KM 63.530 TO KM 71.520) B,NHIDCL,,ROAD TRANSPORT AND HIGHWAYS,,2020-11,2020-11,2023-12,2026-11,,284.21,284.21,58.34,8.6,Ongoing,2025-01
OCMS-N24001336,,N24001336,CONSTRUCTION AND UPGRADATION OF EXISTING ROAD TO 2-LANE WITH PAVED SHOULDER FROM KM27.200 (END OF RO,NHIDCL,,ROAD TRANSPORT AND HIGHWAYS,,2020-08,2020-08,2023-04,2025-06,,230.45,244.91,204.72,80.18,Ongoing,2025-01
OCMS-N24001337,,N24001337,CONSTRUCTION AND UPGRADATION OF EXISTING ROAD TO 2-LANE WITH PAVED SHOULDER FROM NEW ROLEP BRIDGE AT,NHIDCL,,ROAD TRANSPORT AND HIGHWAYS,,2020-10,2020-10,2023-11,2025-07,,493.42,478.79,277.14,44.83,Ongoing,2025-01
OCMS-N24001338,,N24001338,CONSTRUCTION OF 2-LANE WITH PAVED SHOULDER OF NEW GREEN FIELD ALIGNMENT FROM CHOCHENPHERI AT KM 52.0,NHIDCL,,ROAD TRANSPORT AND HIGHWAYS,,2020-10,2020-10,2023-12,2025-12,,816.79,786.6,292.56,48.05,Ongoing,2025-01
OCMS-N24001339,,N24001339,RANIKOR-MAHESHKHOLA- BAGHMARA,RMB) PKG-4 (KANAI-RONGARA,,ROAD TRANSPORT AND HIGHWAYS,,2020-10,2020-10,2022-04,2025-02,,157.86,157.86,149.39,98.62,Ongoing,2025-01
OCMS-N24001341,,N24001341,KHELLANI-KHANABAL PKG-3,NHIDCL,,ROAD TRANSPORT AND HIGHWAYS,,,,,2025-03,,398.51,398.51,76.47,92.4,Ongoing,2025-01
OCMS-N24001342,,N24001342,DONIPAWA TO ASHAJIPORA BYPASS PKG-7,NHIDCL,,ROAD TRANSPORT AND HIGHWAYS,,2021-03,2021-03,2022-12,2024-07,,260.4,260.4,191.88,93.8,Ongoing,2025-01
OCMS-N24001343,,N24001343,KARGIL-ZANSKR PACKAGE-1,NHIDCL,,ROAD TRANSPORT AND HIGHWAYS,,,,,2025-11,,384.23,384.23,115.95,58.53,Ongoing,2025-01
OCMS-N24001344,,N24001344,KARGIL-ZANSKR PACKAGE-2,NHIDCL,,ROAD TRANSPORT AND HIGHWAYS,,,,,2025-11,,404.89,404.89,190.72,64.36,Ongoing,2025-01
OCMS-N24001345,,N24001345,KARGIL-ZANSKR PACKAGE-3,NHIDCL,,ROAD TRANSPORT AND HIGHWAYS,,,,,2025-08,,381.01,381.01,205.56,73.97,Ongoing,2025-01
OCMS-N24001348,,N24001348,KARGIL-ZANSKR PACKAGE-8,NHIDCL,,ROAD TRANSPORT AND HIGHWAYS,,,,,2025-08,,398.37,398.37,209.68,82.11,Ongoing,2025-01
OCMS-N24001349,,N24001349,MARIAM - PEREN PKG-1A,NHIDCL,,ROAD TRANSPORT,,,,,2025-03,,226.32,226.32,96.41,71.2,Ongoing,2025-01
OCMS-N24001350,,N24001350,MARIAM - PEREN (PKG 1B),NHIDCL,,ROAD TRANSPORT,,,,,2025-02,,188.36,188.36,126.71,98.5,Ongoing,2025-01
OCMS-N24001352,,N24001352,IMPHAL ? MOREH PACKAGE- 3,NHIDCL,,PETROLEUM,,,,2022-12,2022-12,,,,144.94,100.0,Completed,2025-01
OCMS-N24001353,,N24001353,IMPHAL - KHONGSANG PKG-2,NHIDCL,,ROAD TRANSPORT,,,,,2026-03,,195.14,195.14,61.81,50.79,Ongoing,2025-01
OCMS-N24001354,,N24001354,TAMENGLONG - MAHUR PKG-3,NHIDCL,,ROAD TRANSPORT,,,,,2025-06,,234.08,234.08,139.45,90.34,Ongoing,2025-01
OCMS-N24001355,,N24001355,DULTE- KWALKULH - CHAMPAI PKG.1,NHIDCL,,ROAD TRANSPORT AND HIGHWAYS,,,,,2024-03,,374.39,318.92,292.37,100.0,Ongoing,2025-01
OCMS-N24001356,,N24001356,DULTE- KWALKULH - CHAMPAI PKG.2,NHIDCL,,ROAD TRANSPORT AND HIGHWAYS,,,,,2024-04,,233.25,233.25,178.37,100.0,Ongoing,2025-01
OCMS-N24001358,,N24001358,TLABUNG - LUNGLEI PKG-A,NHIDCL,,ROAD TRANSPORT AND HIGHWAYS,,,,,2025-12,,698.44,698.45,400.71,43.0,Ongoing,2025-01
OCMS-N24001359,,N24001359,TLABUNG - LUNGLEI PKG-B,NHIDCL,,ROAD TRANSPORT AND HIGHWAYS,,,,,2025-12,,740.58,740.58,293.89,42.0,Ongoing,2025-01
OCMS-N24001360,,N24001360,RANIKOR-MAHESHKHOLA- BAGHMARA (RMB) PKG-3,NHIDCL,,ROAD TRANSPORT AND HIGHWAYS,,2021-03,2021-03,2022-12,2025-02,,260.21,260.21,224.9,98.39,Ongoing,2025-01
OCMS-N24001361,,N24001361,RISHI BORDER- ROLEP- MENLA PKG- 2A,NHIDCL,,ROAD TRANSPORT,,,,,2025-12,,332.2,348.92,149.38,41.04,Ongoing,2025-01
OCMS-N24001362,,N24001362,RISHI BORDER- ROLEP- MENLA PKG- 3B,NHIDCL,,ROAD TRANSPORT,,,,,2025-06,,410.6,379.3,205.76,64.1,Ongoing,2025-01
OCMS-N24001363,,N24001363,MANU-SIMLUNG ( PKG 4),NHIDCL,,ROAD TRANSPORT,,,,,2025-01,,354.79,354.79,34.08,17.2,Ongoing,2025-01
OCMS-N24001366,,N24001366,DABOKA KATHKATI PACKAGE-5,NHIDCL,,ROAD TRANSPORT AND HIGHWAYS,,,,,2024-11,,288.85,288.85,247.73,100.0,Ongoing,2025-01
OCMS-N24001368,,N24001368,TULUNGIA-JOGIGHOPA-PAIKAN ROAD PKG-7,NHIDCL,,ROAD TRANSPORT AND HIGHWAYS,,2021-03,2021-03,2024-01,2025-10,,286.72,286.72,109.23,53.98,Ongoing,2025-01
OCMS-N24001369,,N24001369,WIDENING TO 2 LANES WITH PAVED SHOULDERS FROM KM.87/000 TO 133/720 (NATTUKAL TO THANAU JN. IN PALAKK,MoRTH,,ROAD TRANSPORT AND HIGHWAYS,,2017-02,2017-02,2017-08,2024-08,,294.28,296.53,286.8,98.0,Ongoing,2025-01
OCMS-N24001370,,N24001370,WIDENING TO 2-LANE WITH PAVED SHOULDERS FROM KM 119/017 TO KM 161/300 ON NH 85 (OLD NH 49),MoRTH,,ROAD TRANSPORT AND HIGHWAYS,,2017-02,2017-02,2017-09,2024-08,,380.76,372.87,347.04,100.0,Ongoing,2025-01
OCMS-N24001371,,N24001371,CONSTRUCTION OF 2 LANE BRIDGE ACROSS RIVER KOSI WITH APPROACH ROAD FROM BHEJA TO BAKAUR SECTION OF N,NHAI,,ROAD TRANSPORT AND HIGHWAYS,,2019-10,2019-10,2023-08,2024-12,,1101.99,1101.99,817.4,71.23,Ongoing,2025-01
OCMS-N24001372,,N24001372,BALANCE WORK 2-LANING OF LALPUL MANMAO CHANGLANG ROAD (NH-215) ON EPC MODE IN THE STATE OF ARUNACH,MoRTH,,ROAD TRANSPORT AND HIGHWAYS,,2021-02,2021-02,2024-03,2024-12,,588.09,588.09,496.88,100.0,Ongoing,2025-01
OCMS-N24001374,,N24001374,4-LANING OF ITANAGAR TO BANDARDEWA SECTION OF NH-415 FROM KM 51+700 TO KM 59+199 (PACKAGE-C) ON EPC,MoRTH,,ROAD TRANSPORT AND HIGHWAYS,,2020-06,2020-06,2027-03,2027-03,,437.6,437.6,365.93,100.0,Ongoing,2025-01
OCMS-N24001375,,N24001375,4 LANING OF ITANAGAR TO BANDARDEWA SECTION OF NH-415 FROM KM 40+430 TO KM 51+735 (PACKAGE B) ON EPC,MoRTH,,ROAD TRANSPORT AND HIGHWAYS,,2020-06,2020-06,2027-03,2027-03,,496.47,496.47,158.92,37.33,Ongoing,2025-01
OCMS-N24001377,,N24001377,MOHOL TO WAKHARI PACKAGE1 SANT DNYANESHWAR MAHARAJ PALKHI MARG SECTION OF NH965,NHAI,,ROAD TRANSPORT AND HIGHWAYS,,2019-02,2019-02,2022-01,2023-08,,731.89,731.99,692.21,0.2,Ongoing,2025-01
OCMS-N24001378,,N24001378,WAKHARI TO KHUDUS PACKAGE2 SANT DNYANESHWAR MAHARAJ PALKHI MARG SECTION OF NH965,NHAI,,ROAD TRANSPORT AND HIGHWAYS,,2019-02,2019-02,2022-01,2023-06,,362.46,372.46,352.01,0.7,Ongoing,2025-01
OCMS-N24001379,,N24001379,KHUDUS TO DHARAMPURI PACKAGE 3 SANT DNYANESHWAR MAHARAJ PALKHI MARG SECTION OF NH965,NHAI,,ROAD TRANSPORT AND HIGHWAYS,,2019-02,2019-02,2022-01,2023-08,,594.75,613.75,585.2,0.5,Ongoing,2025-01
OCMS-N24001381,,N24001381,REHABILITATION AND UPGRADATION TO 2-LANE/2-LANE WITH PAVED SHOULDERS/4-LANE CONFIGURATION OF PAONTA,MoRTH,,ROAD TRANSPORT AND HIGHWAYS,,2020-08,2020-08,2021-04,2021-04,,272.98,272.98,140.69,98.0,Ongoing,2025-01
OCMS-N24001382,,N24001382,REHABILITATION AND UPGRADATION TO 2-LANE CONFIGURATION OF HEWNA- ASHYARI SECTION (KM 25.000 TO KM 50.,MoRTH,,ROAD TRANSPORT AND HIGHWAYS,,2020-08,2020-08,2021-03,2024-07,,242.8,242.8,91.93,86.0,Ongoing,2025-01
OCMS-N24001383,,N24001383,REHABILITATION AND UPGRADATION TO INTERMEDIATE LANE CONFIGURATION OF SHRI KYARI-GUMMA SECTION (KM 75,MoRTH,,ROAD TRANSPORT AND HIGHWAYS,,2020-08,2020-08,2021-04,2021-04,,349.2,349.2,239.34,100.0,Ongoing,2025-01
OCMS-N24001386,,N24001386,REHABILITATION AND UPGRADATION TO 2-LANE WITH PAVED SHOULDERS CONFIGURATION OF PADERU- GONDIGUDA SECT,MoRTH,,ROAD TRANSPORT AND HIGHWAYS,,2020-08,2020-08,2021-03,2024-10,,222.61,222.61,152.53,93.15,Ongoing,2025-01
OCMS-N24001387,,N24001387,WIDENING TO 2-LANE WIH PAVED SHOULDER FROM KM. 544.20 TO 594.00,HOSAMANE CROSS TO PANDAVAPURA,,ROAD TRANSPORT AND HIGHWAYS,,2017-01,2017-01,2017-09,2023-05,,264.34,264.34,201.07,100.0,Ongoing,2025-01
OCMS-N24001388,,N24001388,CONSTRUCTION OF MAJOR BRIDGE ACROSS SHARAVATHI BACKWATERS AND APPROCHES BETWEEN AMBARGODU AND KALASA,MoRTH,,ROAD TRANSPORT AND HIGHWAYS,,2019-03,2019-03,2019-12,2024-11,,423.15,423.15,284.58,82.0,Ongoing,2025-01
OCMS-N24001389,,N24001389,CHANGTONGYA TO LONGLENG ROAD PKG- 2,NHIDCL,,ROAD TRANSPORT,,2020-03,2020-03,2022-06,2025-01,,206.53,206.53,119.25,99.4,Ongoing,2025-01
OCMS-N24001390,,N24001390,JORAM ? KOLORIANG ROAD FROM EXISTING KM 50.050 TO KM 70.00 (PKG-3),NHIDCL,,ROAD TRANSPORT AND HIGHWAYS,,2020-08,2020-08,2022-04,2024-09,,228.71,228.71,98.86,99.52,Ongoing,2025-01
OCMS-N24001391,,N24001391,JORAM ? KOLORIANG ROAD FROM EXISTING KM 70.00 TO KM 88.700 (PKG-4),NHIDCL,,ROAD TRANSPORT AND HIGHWAYS,,2020-08,2020-08,2022-04,2024-09,,294.04,294.04,147.13,100.0,Ongoing,2025-01
OCMS-N24001393,,N24001393,JORAM ? KOLORIANG ROAD FROM EXISTING KM122.600 TO KM138.00 (PKG- 7),NHIDCL,,ROAD TRANSPORT AND HIGHWAYS,,2020-08,2020-08,2022-04,2025-03,,184.88,184.88,97.69,95.84,Ongoing,2025-01
OCMS-N24001394,,N24001394,KHELLANI-KHANABAL PKG-2,NHIDCL,,ROAD TRANSPORT AND HIGHWAYS,,,,,2026-03,,512.43,512.43,65.31,49.32,Ongoing,2025-01
OCMS-N24001395,,N24001395,KHELLANI-KHANABAL PKG-4,NHIDCL,,ROAD TRANSPORT AND HIGHWAYS,,,,,2026-06,,859.67,859.67,187.65,43.22,Ongoing,2025-01
OCMS-N24001396,,N24001396,KHELLANI-KHANABAL PKG-5,NHIDCL,,ROAD TRANSPORT AND HIGHWAYS,,,,,2025-06,,497.09,497.09,156.0,77.19,Ongoing,2025-01
OCMS-N24001397,,N24001397,GOHA-KHELLANI PKG-3,NHIDCL,,ROAD TRANSPORT AND HIGHWAYS,,,,2023-03,2025-03,,431.28,431.28,339.76,94.37,Ongoing,2025-01
OCMS-N24001400,,N24001400,SENAPATI- IMPHAL PKG-5B,NHIDCL,,ROAD TRANSPORT AND HIGHWAYS,,,,,2025-05,,211.7,211.7,58.43,52.64,Ongoing,2025-01
OCMS-N24001401,,N24001401,IMPHAL - KHONGSANG PKG-3,NHIDCL,,ROAD TRANSPORT AND HIGHWAYS,,,,,2025-03,,467.0,467.0,188.84,76.34,Ongoing,2025-01
OCMS-N24001402,,N24001402,TAMENGLONG - MAHUR PKG-1,NHIDCL,,ROAD TRANSPORT AND HIGHWAYS,,,,,2025-01,,185.8,185.8,114.69,100.0,Ongoing,2025-01
OCMS-N24001403,,N24001403,TAMENGLONG - MAHUR PKG-2,NHIDCL,,ROAD TRANSPORT AND HIGHWAYS,,,,,2025-06,,483.87,483.87,278.89,91.72,Ongoing,2025-01
OCMS-N24001404,,N24001404,TAMENGLONG - MAHUR PKG-4,NHIDCL,,ROAD TRANSPORT AND HIGHWAYS,,,,,2025-03,,198.77,198.77,113.05,89.98,Ongoing,2025-01
OCMS-N24001405,,N24001405,CHURACHANPUR TUIVAI PKG-3,NHIDCL,,ROAD TRANSPORT AND HIGHWAYS,,,,,2025-03,,673.27,673.27,367.93,74.4,Ongoing,2025-01
OCMS-N24001406,,N24001406,PEREN-DIMAPUR SECTION PKG-2,NHIDCL,,ROAD TRANSPORT,,,,,2025-09,,258.52,258.52,78.0,70.33,Ongoing,2025-01
OCMS-N24001408,,N24001408,CONSTRUCTION OF 2-LANE MAJOR BRIDGE INCLUDING APPROACHESOVER BRAHMAPUTRA BETWEEN MAJULI ON NORTH BAN,MoRTH,,ROAD TRANSPORT AND HIGHWAYS,,2021-02,2021-02,2025-07,2025-07,,925.47,925.47,192.5,30.65,Ongoing,2025-01
OCMS-N24001411,,N24001411,4L+PS OF NH -58 FROM BEAWAR-GOMTI (OLD CH KM 58.245 TO KM. 108.600) PKG- I.,MoRTH,,ROAD TRANSPORT AND HIGHWAYS,,2020-12,2020-12,2023-10,2025-12,,379.23,379.23,233.62,96.1,Ongoing,2025-01
OCMS-N24001415,,N24001415,DELHI-AMRITSAR-KATRA EXPRESSWAY FROM JUNCTION WITH PATIALA- BATHINDA ROAD (NH-7) NEAR BHAWANIGARH TO,NHAI,,ROAD TRANSPORT AND HIGHWAYS,,2020-12,2020-12,2024-04,2024-07,,881.0,881.0,882.83,89.33,Ongoing,2025-01
OCMS-N24001416,,N24001416,DELHI-AMRITSAR-KATRA EXPRESSWAY FROM JUNCTION WITH LUDHIANA- MALERKOTLA ROAD (SH-11) NEAR BHOGIWAL VI,NHAI,,ROAD TRANSPORT AND HIGHWAYS,,2020-12,2020-12,2024-01,2025-03,,989.66,989.66,324.77,31.08,Ongoing,2025-01
OCMS-N24001417,,N24001417,DELHI-AMRITSAR-KATRA EXPRESSWAY FROM JUNCTION WITH LUDHIANA-MOGA ROAD (NH-5) NEAR MULLANPUR DAKHA TO,NHAI,,ROAD TRANSPORT AND HIGHWAYS,,2020-12,2020-12,2024-04,2025-09,,1234.4,1234.4,792.35,57.84,Ongoing,2025-01
OCMS-N24001418,,N24001418,DELHI-AMRITSAR-KATRA EXPRESSWAY FROM CH.KM 303+900 TO KM 319+400 OF MAIN EXPRESSWAY) AND AMRITSAR CO,NHAI,,ROAD TRANSPORT AND HIGHWAYS,,2020-12,2020-12,2024-04,2025-09,,1094.46,1094.46,802.93,61.96,Ongoing,2025-01
OCMS-N24001419,,N24001419,DELHI-AMRITSAR-KATRA EXPRESSWAY (PHASE-I PKG-XI) FROM JUNCTION WITH JALANDHAR - KAPURTHALA ROAD (NH,NHAI,,ROAD TRANSPORT AND HIGHWAYS,,2021-02,2021-02,2024-04,2024-11,,1269.96,1269.96,585.86,43.45,Ongoing,2025-01
OCMS-N24001420,,N24001420,DELHI-AMRITSAR-KATRA EXPRESSWAY (PHASE-I PKG-XII) FROM JUNCTION WITH AMRITSAR-MEHTA-SRIHARGOBINDPUR,NHAI,,ROAD TRANSPORT AND HIGHWAYS,,2021-02,2021-02,2024-04,2025-12,,853.66,853.66,132.99,15.33,Ongoing,2025-01
OCMS-N24001421,,N24001421,CONSTRUCTION OF 6 LANE BRIDGE ON GANGA ON NH-96 AND ITS APPROACHES IN PHAPHAMAU ALLAHABAD ON EPC MOD,MoRTH,,ROAD TRANSPORT AND HIGHWAYS,,2018-07,2018-07,2024-02,2025-08,,1948.25,1948.25,1055.99,72.0,Ongoing,2025-01
OCMS-N24001422,,N24001422,REHABILITATION AND UPGRADATION TO 2-LANE CONFIGURATION OF ASHYARI- SHRI KYARI SECTION (KM 50.000 TO K,MoRTH,,ROAD TRANSPORT AND HIGHWAYS,,2021-02,2021-02,2021-09,2024-07,,345.89,345.89,152.01,84.0,Ongoing,2025-01
OCMS-N24001424,,N24001424,CONSTRUCTION OF FOUR-LANE ELEVATED VIADUCT FROM KM.4+634 TO KM.6+345 ON NH-24A INCLUDING RETAINING W,MoRTH,,ROAD TRANSPORT AND HIGHWAYS,,2021-03,2021-03,2023-09,2025-01,,185.09,269.81,262.09,100.0,Ongoing,2025-01
OCMS-N24001425,,N24001425,4L OF ADDAHOLE TO BANTWAL CROSS SECTION INCLUDING FLYOVER AT KALLADKA TOWN,NHAI,,ROAD TRANSPORT AND HIGHWAYS,,2021-03,2021-03,2021-11,2025-08,,1100.88,1687.31,1009.48,71.5,Ongoing,2025-01
OCMS-N24001426,,N24001426,4L OF ADDAHOLE TO BANTWAL CROSS SECTION,NHAI,,ROAD TRANSPORT AND HIGHWAYS,,2021-03,2021-03,2021-10,2025-03,,317.9,572.01,351.22,95.6,Ongoing,2025-01
OCMS-N24001427,,N24001427,CONSTRUCTION OF ROB WITH APPROACHES IN LIEU OF L C NO 165 OF AHMEDABAD PALANPUR BETWEEN RAILWAY STAT,MoRTH,,ROAD TRANSPORT AND HIGHWAYS,,2020-06,2020-06,2023-04,2024-09,,166.21,166.21,98.65,93.0,Ongoing,2025-01
OCMS-N24001428,,N24001428,FOUR LANING OF VILUPPURAM TO PUDHUCHERRY (DESIGN CH. KM. 00/000 TO KM. 29/000) SECTION OF NH-45A ON,NHAI,,ROAD TRANSPORT AND HIGHWAYS,,2018-03,2018-03,2021-11,2024-12,,998.7,1358.32,917.97,97.67,Ongoing,2025-01
OCMS-N24001429,,N24001429,FOUR LANING OF PUDUCHERRY (KM.29/000) TO POONDIYANKUPPAM (KM.67/000) SECTION OF NH-45A ON HAM UNDER,NHAI,,ROAD TRANSPORT AND HIGHWAYS,,2018-03,2018-03,2021-11,2024-12,,1294.47,1588.4,854.96,98.5,Ongoing,2025-01
OCMS-N24001430,,N24001430,FOUR LANING OF POONDIYANKUPPAM (KM.67/000) TO SATTANATHAPOURAM (KM.123/800) SECTION OF NH-45A ON HAM,NHAI,,ROAD TRANSPORT AND HIGHWAYS,,2018-03,2018-03,2022-01,2024-12,,2120.4,2565.63,1579.19,99.8,Ongoing,2025-01
OCMS-N24001431,,N24001431,FOUR LANING OF SATTANATHAPURAM (KM.123/800) TO NAGAPATTINAM (KM.179/555) SECTION OF NH-45A ON HAM UN,NHAI,,ROAD TRANSPORT AND HIGHWAYS,,2018-03,2018-03,2020-10,2025-08,,1872.68,2756.09,1283.62,54.2,Ongoing,2025-01
OCMS-N24001432,,N24001432,"6L FLYOVER AT BORAGAON, GORCHUK, LOKHRA AND BASISTHA JUNCTION ON GUWAHATI BYPASS SECTION FROM KM 146",NHAI,,ROAD TRANSPORT AND HIGHWAYS,,2021-12,2021-12,2024-08,2024-08,,300.0,300.0,297.62,100.0,Ongoing,2025-01
OCMS-N24001434,,N24001434,JOGIGHOPA BRIDGE,NHIDCL,,ROAD TRANSPORT AND HIGHWAYS,,,,,2026-12,,746.76,746.76,307.6,60.22,Ongoing,2025-01
OCMS-N24001436,,N24001436,TAMENGLONG - MAHUR PKG-5,NHIDCL,,ROAD TRANSPORT AND HIGHWAYS,,,,,2025-06,,477.86,477.86,239.8,82.21,Ongoing,2025-01
OCMS-N24001437,,N24001437,TAMENGLONG - MAHUR PKG-6,NHIDCL,,ROAD TRANSPORT AND HIGHWAYS,,,,,2025-06,,311.18,311.18,171.57,76.45,Ongoing,2025-01
OCMS-N24001438,,N24001438,MERANGKONG-TAMLU-MON (MTM) PKG- 5,NHIDCL,,ROAD TRANSPORT AND HIGHWAYS,,2021-07,2021-07,2023-12,2025-09,,161.73,161.73,51.05,40.04,Ongoing,2025-01
OCMS-N24001439,,N24001439,MARAM - PEREN PKG-3,NHIDCL,,ROAD TRANSPORT,,,,2023-05,2025-02,,467.41,467.41,258.1,98.41,Ongoing,2025-01
OCMS-N24001440,,N24001440,KEIFANG - TUVAI PKG-1,NHIDCL,,ROAD TRANSPORT AND HIGHWAYS,,,,2023-05,2024-05,,492.94,492.94,357.26,84.7,Ongoing,2025-01
OCMS-N24001441,,N24001441,REHABILITATION AND UPGRADATION OF NONGSTOIN TO WAHKAJI SECTION OF PROJECT ROAD KM 0.000 TO KM 43.06,MoRTH,,ROAD TRANSPORT AND HIGHWAYS,,2020-08,2020-08,2022-02,2025-02,,302.88,302.88,221.73,94.96,Ongoing,2025-01
OCMS-N24001442,,N24001442,CONSTRUCTION OF 2-LANE WITH PAVED SHOULDER GANGTOK BYPASS ROAD FROM RANIPOOL TO BURTUK,L=23.316KM,,ROAD TRANSPORT AND HIGHWAYS,,2021-10,2021-10,2024-05,2026-01,,385.15,385.15,170.32,78.0,Ongoing,2025-01
OCMS-N24001443,,N24001443,CONSTRUCTION OF FOUR LANE EXPRESSWAY FROM START OF SARDAR PATEL RING ROAD TO SINDHREJ VILLAGE (CH. 0,NHAI,,ROAD TRANSPORT AND HIGHWAYS,,2020-05,2020-05,2024-03,2025-01,,690.3,929.95,1193.08,86.4,Ongoing,2025-01
OCMS-N24001444,,N24001444,CONSTRUCTION OF FOUR LANE EXPRESSWAY FROM START OF SINDHREJ VILLAGE (CH. 22.00 TO CH. 48.52) SECTION,NHAI,,ROAD TRANSPORT AND HIGHWAYS,,2020-05,2020-05,2024-01,2025-01,,882.0,882.0,1256.69,93.05,Ongoing,2025-01
OCMS-N24001445,,N24001445,CONSTRUCTION OF FOUR LANE EXPRESSWAY FROM START OF VEJALLKA VILLAGE TO START OF DSIR ZONE OF AHMEDAB,NHAI,,ROAD TRANSPORT AND HIGHWAYS,,2020-05,2020-05,2023-07,2025-01,,691.52,903.85,909.8,93.05,Ongoing,2025-01
OCMS-N24001446,,N24001446,CONSTRUCTION OF FOUR LANE EXPRESSWAY FROM START OF DSIR ZONE OF AHMEDABAD DISTRICT TO ADHELAI VILLAG,NHAI,,ROAD TRANSPORT AND HIGHWAYS,,2020-05,2020-05,2023-12,2025-01,,894.0,1210.06,1025.93,88.84,Ongoing,2025-01
OCMS-N24001447,,N24001447,REHABILITATION AND UPGRADATION TO 2-LANE CONFIGURATION OF HAMIRPUR- KARNOHAL SECTION (KM 141.000 TO K,MoRTH,,ROAD TRANSPORT AND HIGHWAYS,,2020-08,2020-08,2024-12,2024-12,,371.93,371.93,194.31,13.0,Ongoing,2025-01
OCMS-N24001448,,N24001448,UPGRADATION OF ADHALGAON- JAMKHED SECTION OF NH-548 D FROM KM 132/600 TO KM 195/375 TO TWO LANE WITH,MoRTH,,ROAD TRANSPORT AND HIGHWAYS,,2021-11,2021-11,2022-02,2022-02,,223.35,223.35,209.36,87.88,Ongoing,2025-01
OCMS-N24001450,,N24001450,DABOKA KATHKATI PACKAGE-6,NHIDCL,,ROAD TRANSPORT AND HIGHWAYS,,,,,2025-02,,625.64,625.64,518.79,95.0,Ongoing,2025-01
OCMS-N24001451,,N24001451,DIBRUGARH-LAHOAL-CHABUA BYPASS PACKAGE-1,NHIDCL,,ROAD TRANSPORT AND HIGHWAYS,,2022-03,2022-03,2024-07,2024-10,,215.27,215.27,151.24,100.0,Ongoing,2025-01
OCMS-N24001453,,N24001453,IMPHAL - KHONGSANG PKG-4,NHIDCL,,ROAD TRANSPORT AND HIGHWAYS,,,,,2025-07,,579.63,579.63,149.36,59.58,Ongoing,2025-01
OCMS-N24001455,,N24001455,CONSTRUCTION OF 4 LANE WITH PAVED SHOULDERS THIRUVAYARU BYPASS IN BETWEEN EXISTING KM.55/926 TO 62/6,MoRTH,,ROAD TRANSPORT AND HIGHWAYS,,2022-02,2022-02,2022-08,2025-03,,191.33,191.33,185.78,94.0,Ongoing,2025-01
OCMS-N24001456,,N24001456,REHABILITATION AND UPGRADATION TO 2 LANE WITH PS OF RADHAITA TO PILIBHIT SECTION OF 46.130 KM,MoRTH,,ROAD TRANSPORT AND HIGHWAYS,,2020-04,2020-04,2024-02,2025-01,,199.39,199.39,182.29,100.0,Ongoing,2025-01
OCMS-N24001457,,N24001457,REHABILITATION AND UPGRADATION TO 2 LANE WITH PS OF MIRANPUR KATRA TO RADHAITA SECTION OF NH- 730C F,MoRTH,,ROAD TRANSPORT AND HIGHWAYS,,2020-04,2020-04,2024-07,2025-03,,172.5,172.5,95.75,65.0,Ongoing,2025-01
OCMS-N24001461,,N24001461,2-LANE WITH PS OF BEWAR TO NEAR KARRI VILLAGE SECTION OF NH-92 FROM KM.0.00 TO 30.00 UNDER GNHCP,MoRTH,,ROAD TRANSPORT AND HIGHWAYS,,2020-04,2020-04,2024-03,2025-04,,236.47,236.47,129.55,84.0,Ongoing,2025-01
OCMS-N24001462,,N24001462,2-LANE WITH PS OF NEAR KARRI VILLAGE TO ETAWAH SECTION OF NH-92 FROM KM.30.000 TO 57.346 UNDER GNHCP,MoRTH,,ROAD TRANSPORT AND HIGHWAYS,,2020-04,2020-04,2024-07,2025-03,,211.09,211.09,136.6,93.0,Ongoing,2025-01
OCMS-N24001463,,N24001463,ALLAHGANJ TO MIRANPUR KATRA SECTION OF NH-730C FROM KM.52.770 TO 114.00,MoRTH,,PETROLEUM,,,,2024-07,2024-07,,294.84,294.84,303.27,100.0,Completed,2025-01
OCMS-N24001464,,N24001464,PROJECTS- REHABILITATION AND UPGRADATION OF NH-731A FROM KM 0.00 TO KM.35.00,MoRTH,,ROAD TRANSPORT AND HIGHWAYS,,2021-03,2021-03,2023-08,2025-03,,264.86,264.86,112.75,78.0,Ongoing,2025-01
OCMS-N24001465,,N24001465,WIDENING OF EXISTING SINGLE LANE / INTERMEDIATE LANE ROAD TO 2 LANE FROM KM 101 TO KM 125 OF NH 61 I,MoRTH,,ROAD TRANSPORT,,2020-06,2020-06,2024-09,2026-06,,252.19,252.19,0.28,0.0,Ongoing,2025-01
OCMS-N24001466,,N24001466,WIDENING TO EXISTING SINGLE LANE /INTERMEDIATE LANE TO 2 LANE FROM KM185.00 TO KM 220.00 OF NH-61 (N,MoRTH,,ROAD TRANSPORT AND HIGHWAYS,,2021-03,2021-03,2024-07,2025-03,,297.24,297.24,121.54,71.63,Ongoing,2025-01
OCMS-N24001467,,N24001467,WIDENING TO EXISTING SINGRE/INTERMEDIATE RANE TO 2 LANE FROM KM 135 TO KM 147 AND FROM KM 156.00 TO,MoRTH,,ROAD TRANSPORT,,2021-03,2021-03,2024-02,2025-02,,226.44,226.44,129.94,91.65,Ongoing,2025-01
OCMS-N24001468,,N24001468,REPANPALLI TO SIRONCHA,MoRTH,,ROAD TRANSPORT AND HIGHWAYS,,,,,2024-06,,282.07,282.07,34.65,,Ongoing,2025-01
OCMS-N24001469,,N24001469,IMPROVEMENT AND UPGRADATION TO TWO LANE WITH PAVED SHOULDER CONFIGURATION FROM EXISTING KM 55.00 TO,MoRTH,,ROAD TRANSPORT AND HIGHWAYS,,2021-11,2021-11,2024-05,2025-03,,307.11,307.11,181.16,86.0,Ongoing,2025-01
OCMS-N24001470,,N24001470,REHABILITATION AND UPGRADATION TO 2-LANE CONFIGURATION OF KALWAHAN- MANDI SECTION (KM 208.950 TO KM 2,MoRTH,,ROAD TRANSPORT AND HIGHWAYS,,2020-08,2020-08,2025-04,2025-04,,314.32,314.32,80.06,,Ongoing,2025-01
OCMS-N24001471,,N24001471,R/U TO 2-LANE WITH PS OF BEWAR TO ALLAHGANJ SECTION OF NH-730C FROM KM.0.00 TO 52.770 UNDER GNHCP,MoRTH,,ROAD TRANSPORT AND HIGHWAYS,,2020-04,2020-04,2024-11,2025-04,,325.24,325.24,236.73,91.0,Ongoing,2025-01
OCMS-N24001472,,N24001472,BALANCE WORKS OF FOUR LANING FROM RAMBAN KM 151.00 TO BANIHAL KM 187.00 OF NH-1A (NOW NH-44) WITH VA,NHAI,,ROAD TRANSPORT AND HIGHWAYS,,2021-09,2021-09,2023-12,2024-06,,811.19,811.19,824.22,99.0,Ongoing,2025-01
OCMS-N24001473,,N24001473,CONSTRUCTION OF 2-LANING WITH HARD SHOULDER ROAD OF UKHRUL - TOLOI - TADUBI SECTION OF NH-102A FROM,NHIDCL,,ROAD TRANSPORT,,2021-09,2021-09,2024-02,2025-03,,310.76,310.76,129.15,84.05,Ongoing,2025-01
OCMS-N24001474,,N24001474,REHABITITATION AND UP GRADATION OF NONGSTOIN-RAMBRAI-KYRSHAI ROAD UP TO MEGHALAYA-ASSAM BORDER FROM,NHIDCL,,ROAD TRANSPORT AND HIGHWAYS,,2021-09,2021-09,2024-05,2025-12,,359.86,359.86,220.74,83.5,Ongoing,2025-01
OCMS-N24001475,,N24001475,CONSTRUCTION OF 2 LANE WITH HARD SHOULDER FROM DESIGN CHAINAGE KM 283.000 TO KM 325.440 (5- LEGGED J,NHIDCL,,ROAD TRANSPORT AND HIGHWAYS,,2022-03,2022-03,2024-12,2025-01,,605.36,605.36,261.48,100.0,Ongoing,2025-01
OCMS-N24001476,,N24001476,CONSTRUCTION OF 4 LANE ACCESS CONTROLLED NEW GREENFIELD HIGHWAY SECTION OF NH 365BG FROM RECHARLA VI,NHAI,,ROAD TRANSPORT AND HIGHWAYS,,2021-09,2021-09,2022-09,2025-05,,517.05,655.06,460.1,75.93,Ongoing,2025-01
OCMS-N24001477,,N24001477,CONSTRUCTION OF 4 LANE ACCESS CONTROLLED NEW GREENFIELD HIGHWAY SECTION OF NH-365BG (KHAMMAM-DEVARAP,NHAI,,ROAD TRANSPORT AND HIGHWAYS,,2021-09,2021-09,2022-09,2025-06,,622.0,817.91,466.77,58.32,Ongoing,2025-01
OCMS-N24001479,,N24001479,WIDENING AND UPGRADATION TO FOUR LANE CONFIGURATION FROM KM.34.900,BHADOHI) TO KM.73.134 (JAUNPUR,,ROAD TRANSPORT AND HIGHWAYS,,2021-03,2021-03,2024-05,2025-06,,395.62,395.62,257.02,66.0,Ongoing,2025-01
OCMS-N24001480,,N24001480,WIDENING AND STRENGTHENING FROM KM 0.00 TO KM 15.089 OF NH-334A (PURKAJI-LAKSAR-HARIDWAR ROAD) TO TW,MoRTH,,ROAD TRANSPORT AND HIGHWAYS,,2021-10,2021-10,2024-04,2025-02,,227.06,227.06,135.14,99.0,Ongoing,2025-01
OCMS-N24001482,,N24001482,KHAMMAM-DEVARAPALLE PKG I [4L ACCESS CONTROLLED (GREENFIELD) FROM THALLAMPADU VILLAGE TO SOMAVARAM,NHAI,,ROAD TRANSPORT AND HIGHWAYS,,2022-08,2022-08,2024-10,2024-10,,772.11,772.11,465.96,69.3,Ongoing,2025-01
OCMS-N24001483,,N24001483,KHAMMAM DEVARAPALLE PKG II 4L ACCESS CONTROLLED (GREENFIELD) FROM SOMAVARAM VILLAGE TO CHINTAGUDEM V,NHAI,,ROAD TRANSPORT AND HIGHWAYS,,2022-02,2022-02,2024-09,2024-09,,637.11,637.11,333.95,73.01,Ongoing,2025-01
OCMS-N24001484,,N24001484,KHAMMAM-DEVARAPALLE PKG III [4L ACCESS CONTROLLED (GREENFIELD) FROM CHINTAGUDEM VILLAGE TO RECHERLA,NHAI,,ROAD TRANSPORT AND HIGHWAYS,,2022-09,2022-09,2024-02,2024-12,,804.69,804.69,464.41,74.7,Ongoing,2025-01
OCMS-N24001486,,N24001486,TUNNEL AT KHAMBATAKI GHAT SECTION AND ITS APPROACHES FROM EXISTING KM. 771.730 TO EXISTING KM. 782.0,NHAI,,ROAD TRANSPORT AND HIGHWAYS,,2019-02,2019-02,2022-02,2025-10,,493.0,493.0,385.16,75.07,Ongoing,2025-01
OCMS-N24001488,,N24001488,DHARAMPURI-LONAND FROM KM. 117.00 TO 166.40 (PKG-IV) ON MOHOL-ALANDI SECTION,NHAI,,ROAD TRANSPORT AND HIGHWAYS,,2021-09,2021-09,2023-09,2025-03,,618.45,618.45,606.34,92.3,Ongoing,2025-01
OCMS-N24001493,,N24001493,6L OF KAGAL-SATARA SECTION FROM KM 658.000 TO KM 725.000 OF NH-48,PKG-II,,ROAD TRANSPORT AND HIGHWAYS,,2022-12,2022-12,2024-12,2024-12,,1749.86,1749.86,1807.94,62.54,Ongoing,2025-01
OCMS-N24001495,,N24001495,4L OF RATNAGIRI - KOLHAPUR SECTION OF NH-166 FROM KM 0.000 TO KM 19.769 AND KM 31.000 TO KM 67.140 (,NHAI,,ROAD TRANSPORT AND HIGHWAYS,,2022-11,2022-11,2024-11,2024-11,,930.0,930.0,579.71,70.45,Ongoing,2025-01
OCMS-N24001501,,N24001501,PATAS-VASUNDE PHATA - BARAMATI BYPASS,NHAI,,ROAD TRANSPORT AND HIGHWAYS,,2021-09,2021-09,2023-09,2023-07,,531.86,532.41,520.71,0.5,Ongoing,2025-01
OCMS-N24001502,,N24001502,4L OF BARAMATI TO INDAPUR (PKG-II) FROM KM. 41.400 TO KM. 84.550 OF NH- 965G (SAINT TUKARAM MARG),NHAI,,ROAD TRANSPORT AND HIGHWAYS,,2021-09,2021-09,2023-09,2025-05,,624.45,580.15,405.31,2.0,Ongoing,2025-01
OCMS-N24001503,,N24001503,4L OF INDAPUR TO TONDLE (PKG-III) FROM KM.84.550 TO KM. 131.00 OF NH- 965G (SAINT TUKARAM MARG),NHAI,,ROAD TRANSPORT AND HIGHWAYS,,2021-09,2021-09,2023-09,2025-03,,667.66,666.21,598.65,3.0,Ongoing,2025-01
OCMS-N24001504,,N24001504,VADODARA MUMBAI EXPRESSWAY (PHASE II - PKG XI) [KM. 77.000 TO KM. 103.400] (GANJAD - TALSARI),NHAI,,ROAD TRANSPORT AND HIGHWAYS,,2022-05,2022-05,2024-05,2025-01,,1260.0,1260.0,608.72,93.2,Ongoing,2025-01
OCMS-N24001505,,N24001505,VADODARA MUMBAI EXPRESSWAY (PHASE II - PKG XII) [KM. 50.700 TO KM. 77.000] (MASVAN - GANJAD),NHAI,,ROAD TRANSPORT AND HIGHWAYS,,2022-03,2022-03,2024-03,2025-05,,1549.02,1549.02,537.1,61.0,Ongoing,2025-01
OCMS-N24001506,,N24001506,VADODARA MUMBAI EXPRESSWAY (PHASE II - PKG XIII) [KM. 26.582 TO KM. 50.700] (SHIRSAD - MASVAN),NHAI,,ROAD TRANSPORT AND HIGHWAYS,,2022-02,2022-02,2024-02,2025-06,,2747.0,2747.0,929.38,69.11,Ongoing,2025-01
OCMS-N24001507,,N24001507,VADODARA MUMBAI EXPRESSWAY (PHASE II - PKG XIV) [KM. 3.000 TO KM. 20.200 OF SPUR] (SHIRSAD - AKLOLI),NHAI,,ROAD TRANSPORT AND HIGHWAYS,,2022-11,2022-11,2024-05,2025-06,,1124.0,1124.0,360.76,53.35,Ongoing,2025-01
OCMS-N24001508,,N24001508,VADODARA MUMBAI EXPRESSWAY (PHASE II - PKG XVI) [KM. 43.000 TO KM. 69.800 OF SPUR] (AMNE - BHOJ),NHAI,,ROAD TRANSPORT AND HIGHWAYS,,2022-11,2022-11,2024-10,2025-06,,1450.0,1450.0,638.66,75.13,Ongoing,2025-01
OCMS-N24001511,,N24001511,CONSTRUCTION OF FOUR LANE RINGROAD BYPASS SRINAGAR CITY,NHAI,,ROAD TRANSPORT AND HIGHWAYS,,2021-03,2021-03,2024-02,2025-10,,2919.96,2919.96,2257.33,64.8,Ongoing,2025-01
OCMS-N24001515,,N24001515,DELHI VADODARA GREENFIELD ALIGNMENT SECTION OF NH 148N PACKAGE 26,NHAI,,ROAD TRANSPORT AND HIGHWAYS,,2020-09,2020-09,2024-02,2025-06,,1542.02,1542.02,922.09,67.0,Ongoing,2025-01
OCMS-N24001516,,N24001516,DELHI VADODARA GREENFIELD ALIGNMENT SECTION OF NH 148N PACKAGE 27,NHAI,,ROAD TRANSPORT AND HIGHWAYS,,2020-09,2020-09,2024-02,2024-08,,1185.69,1185.69,913.91,90.01,Ongoing,2025-01
OCMS-N24001518,,N24001518,DELHI VADODARA GREENFIELD ALIGNMENT SECTION OF NH 148N PACKAGE 30,NHAI,,ROAD TRANSPORT AND HIGHWAYS,,2019-11,2019-11,2023-09,2025-03,,1669.56,1669.56,1013.36,93.5,Ongoing,2025-01
OCMS-N24001519,,N24001519,DELHI VADODARA GREENFIELD ALIGNMENT SECTION OF NH 148N PACKAGE 28,NHAI,,ROAD TRANSPORT AND HIGHWAYS,,2020-09,2020-09,2023-11,2024-09,,1198.55,1198.55,869.6,94.54,Ongoing,2025-01
OCMS-N24001520,,N24001520,DELHI VADODARA GREENFIELD ALIGNMENT SECTION OF NH 148N PACKAGE 31,NHAI,,ROAD TRANSPORT AND HIGHWAYS,,2019-11,2019-11,2024-05,2025-03,,1604.06,1604.06,1229.92,95.73,Ongoing,2025-01
OCMS-N24001521,,N24001521,VADODARA MUMBAI EXPRESSWAY (PHASE II - PKG XV) [KM. 20.200 TO KM. 43.000 OF SPUR] (AKLOLI - AMNE),NHAI,,ROAD TRANSPORT AND HIGHWAYS,,2022-11,2022-11,2024-10,2025-04,,990.0,990.0,352.7,60.02,Ongoing,2025-01
OCMS-N24001522,,N24001522,4L OF KODAD (DESIGN KM 0.00/EXISTING KM 185.00 OF NH-65) TO KHAMMAM (DESIGN KM 31.800/EXISTING KM 29,NHAI,,ROAD TRANSPORT AND HIGHWAYS,,2021-01,2021-01,2024-01,2024-12,,1307.95,1307.95,638.32,98.06,Ongoing,2025-01
OCMS-N24001523,,N24001523,6L ACCESS-CONTROLLED HIGHWAY FROM (GANESHPUR) TO(NEAR MOHAND) OF GANESHPUR ? DEHRADUN SECTION FROM K,NHAI,,ROAD TRANSPORT AND HIGHWAYS,,2021-03,2021-03,2023-10,2025-02,,836.24,836.24,782.45,98.85,Ongoing,2025-01
OCMS-N24001524,,N24001524,6L OF ACCESS-CONTROLLED HIGHWAY FROM MOHAND TO DAAT KALI TUNNEL OF GANESHPUR ? DEHRADUN SECTION FROM,NHAI,,ROAD TRANSPORT AND HIGHWAYS,,2021-03,2021-03,2023-10,2025-02,,990.28,990.28,997.52,98.78,Ongoing,2025-01
OCMS-N24001525,,N24001525,6L ACCESS-CONTROLLED HIGHWAY OF DAAT KALI TUNNEL - DEHRADUN OF GANESHPUR ? DEHRADUN SECTION FROM KM.,NHAI,,ROAD TRANSPORT AND HIGHWAYS,,2021-03,2021-03,2024-03,2025-02,,169.08,169.08,95.67,99.99,Ongoing,2025-01
OCMS-N24001526,,N24001526,UPGRADATION AND 4L OF HARIDWAR BYPASS FROM KM 0.000 (KM 188.100 OF NH-58) TO KM. 15.100 (KM 5.100 OF,NHAI,,ROAD TRANSPORT AND HIGHWAYS,,2021-08,2021-08,2024-10,2025-08,,1377.79,1377.79,679.1,46.81,Ongoing,2025-01
OCMS-N24001527,,N24001527,2L+PS FOR WORK OF NH-325 (BALOTRA TO SANDERAO VIA JALORE) BY CONSTRUCTION OF BYPASSES:(1) ASOTRA- BR,MoRTH,,ROAD TRANSPORT AND HIGHWAYS,,2021-12,2021-12,2024-05,2025-04,,411.4,411.4,163.61,60.0,Ongoing,2025-01
OCMS-N24001528,,N24001528,WIDENING OF PACHPADRA-BAGUNDI SECTION TO 4 LANE FROM KM 73/60 TO 95/70 OF NH-25 ON EPC MODE IN THE,MoRTH,,ROAD TRANSPORT AND HIGHWAYS,,2022-01,2022-01,2024-12,2024-03,,194.88,194.88,104.69,75.0,Ongoing,2025-01
OCMS-N24001529,,N24001529,44 LANE DIVIDED CARRIAGEWAY OF BARMER BYPASS OF NH-15 (NEW NH-68) IN THE STATE OF RAJASTHAN ON EPC M,MoRTH,,ROAD TRANSPORT AND HIGHWAYS,,2021-12,2021-12,2024-08,2024-03,,451.66,451.66,401.78,97.0,Ongoing,2025-01
OCMS-N24001530,,N24001530,UPGRADATION TO TWO LANE PAVED SHOULDER OF KOTHUN-LALSOT-KAROLI- DHOLPUR ROAD NH-23 (OLD NH-11B) IN TH,MoRTH,,ROAD TRANSPORT AND HIGHWAYS,,2021-12,2021-12,2024-09,2025-03,,150.11,150.11,57.83,75.0,Ongoing,2025-01
OCMS-N24001532,,N24001532,"CONSTRUCTION OF 4-LANE NH-344P- PACKAGE-4 (FROM KM 0+000 TO KM 29+600, 29.6KM), STARTING FROM BAWANA",NHAI,,ROAD TRANSPORT AND HIGHWAYS,,2021-11,2021-11,2023-11,2024-08,,694.0,1500.0,1682.82,100.0,Ongoing,2025-01
OCMS-N24001533,,N24001533,CONSTRUCTION OF 4-LANE GREEN FIELD DELHI-AMRITSAR-KATRA EXPRESSWAY (NE-05) FROM JUSSUR KHERI ON KMP,NHAI,,ROAD TRANSPORT AND HIGHWAYS,,2020-11,2020-11,2023-12,2025-02,,1690.23,2010.17,1368.23,98.0,Ongoing,2025-01
OCMS-N24001534,,N24001534,CONSTRUCTION OF FOUR-LANE GREENFIELD DELHI-AMRITSAR-KATRA EXPRESSWAY FROM JUNCTION WITH ROHTAK-PANIP,NHAI,,ROAD TRANSPORT AND HIGHWAYS,,2020-12,2020-12,2024-01,2025-02,,1334.04,1334.0,995.68,98.5,Ongoing,2025-01
OCMS-N24001535,,N24001535,4-LANING OF GOHANA-SONIPAT (PKG-2) SECTION FROM KM 40.601 TO KM 78.837 (LENGTH = 38.236KM) OF NH-352,NHAI,,ROAD TRANSPORT AND HIGHWAYS,,2020-07,2020-07,2022-07,2025-03,,899.0,1882.46,1123.98,93.58,Ongoing,2025-01
OCMS-N24001536,,N24001536,FOUR LANING OF JIND GOHANA GREENFIELD ALIGNMENT PACKAGE 1 IN THE STATE OF HARYANA UNDER HYBRID ANNUI,NHAI,,ROAD TRANSPORT AND HIGHWAYS,,2020-07,2020-07,2022-07,2025-02,,817.0,1605.0,1025.56,99.61,Ongoing,2025-01
OCMS-N24001537,,N24001537,DABOKA KATHKATI PACKAGE-7,NHIDCL,,ROAD TRANSPORT AND HIGHWAYS,,,,,2025-02,,204.1,204.1,136.11,91.06,Ongoing,2025-01
OCMS-N24001538,,N24001538,IMPHAL - KHONGSANG PKG-5,NHIDCL,,ROAD TRANSPORT,,,,,2025-10,,410.68,410.68,118.03,59.04,Ongoing,2025-01
OCMS-N24001539,,N24001539,IMPHAL - KHONGSANG PKG-6,NHIDCL,,ROAD TRANSPORT,,,,,2025-09,,504.76,504.76,133.28,59.15,Ongoing,2025-01
OCMS-N24001540,,N24001540,AKASH BRIDGE - JESSAMI SECTION PKG- 2,NHIDCL,,ROAD TRANSPORT AND HIGHWAYS,,2022-03,2022-03,2025-02,2025-02,,152.11,152.11,62.86,89.65,Ongoing,2025-01
OCMS-N24001541,,N24001541,RANIKOR- MAHESHKHOLA- BAGHMARA PKG-2,NHIDCL,,ROAD TRANSPORT AND HIGHWAYS,,2021-11,2021-11,2024-06,2025-03,,283.5,283.5,224.23,83.3,Ongoing,2025-01
OCMS-N24001542,,N24001542,2 LANING FROM MANU-SIMLUNG PKG-2,NHIDCL,,ROAD TRANSPORT,,,,,2025-05,,456.88,456.88,105.4,43.68,Ongoing,2025-01
OCMS-N24001543,,N24001543,FOUR LANING OF JAMMU-AKHNOOR PKG-1,NHIDCL,,ROAD TRANSPORT AND HIGHWAYS,,2022-07,2022-07,2025-01,2025-04,,245.34,245.34,56.86,38.13,Ongoing,2025-01
OCMS-N24001544,,N24001544,FOUR LANING OF SRIRAMPUR-DHUBRI PKG-2,NHIDCL,,ROAD TRANSPORT AND HIGHWAYS,,2022-03,2022-03,2025-01,2025-03,,909.02,909.02,472.45,92.08,Ongoing,2025-01
OCMS-N24001545,,N24001545,"6L STANDALONE FLYOVERS AT RAHA, DEMOW, BORGHAT, KATHIATALI JUNCTIONS AND ROB AT JAGIROAD ON STRETCHE",NHAI,,ROAD TRANSPORT AND HIGHWAYS,,2022-08,2022-08,2022-12,2024-06,,175.0,175.0,200.8,100.0,Ongoing,2025-01
OCMS-N24001546,,N24001546,6L OF KAGAL-SATARA SECTION FROM KM 592.240 TO KM 658.000 OF NH-48,PKG-I,,ROAD TRANSPORT AND HIGHWAYS,,2023-01,2023-01,2025-01,2025-01,,1025.2,1025.2,428.49,41.85,Ongoing,2025-01
OCMS-N24001547,,N24001547,BALANCE WORK OF 4L OF NARIMBANGLO?JATINGA JUNCTION- HARANGAJO ROAD SECTION FROM KM 0.000 TO KM 49.23,NHAI,,ROAD TRANSPORT AND HIGHWAYS,,2022-03,2022-03,2026-01,2026-01,,1909.98,1909.98,480.84,61.02,Ongoing,2025-01
OCMS-N24001548,,N24001548,"6L STANDALONE FLYOVERS AT BONGAIGAON, CHAPAGURI, PATHSALA, SIMLAGURI CHOWK AND BAIHATA BYPASS JUNCTI",NHAI,,ROAD TRANSPORT AND HIGHWAYS,,2022-03,2022-03,2024-06,2025-02,,457.72,457.72,355.87,99.02,Ongoing,2025-01
OCMS-N24001550,,N24001550,DELHI-AMRITSAR-KATRA EXPRESSWAY (PHASE-II PKG-XVI) EXISTING JAKH (VIJAYPUR)-KUNJWANI SECTION OF NH-4,NHAI,,ROAD TRANSPORT AND HIGHWAYS,,2021-09,2021-09,2024-09,2025-09,,1821.72,1917.32,810.73,67.8,Ongoing,2025-01
OCMS-N24001551,,N24001551,DELHI-AMRITSAR-KATRA EXPRESSWAY (PHASE-II PKG-XIV) FROM JUNCTION WITH PATHANKOT-GURDASPUR ROAD (NH-5,NHAI,,ROAD TRANSPORT AND HIGHWAYS,,2021-10,2021-10,2024-09,2025-07,,3044.02,3044.02,1469.64,60.4,Ongoing,2025-01
OCMS-N24001552,,N24001552,DELHI-AMRITSAR-KATRA EXPRESSWAY (PHASE-II PKG-XV) [JUNCTION WITH HIRANAGAR ROAD NEAR VILLAGE GURHA B,NHAI,,ROAD TRANSPORT AND HIGHWAYS,,2021-10,2021-10,2024-09,2025-09,,2714.95,2714.95,1625.93,74.0,Ongoing,2025-01
OCMS-N24001553,,N24001553,4L MEDINIPUR TO BALLUPUR FROM KM. 458.65 TO KM. 487.65 OF NH-07(PKG-2),NHAI,,ROAD TRANSPORT AND HIGHWAYS,,2022-03,2022-03,2025-02,2025-02,,1092.9,1092.9,462.92,73.6,Ongoing,2025-01
OCMS-N24001555,,N24001555,"6 LANING OF EXISTING 4-LANE STRETCH FROM KALKALLU AT KM.454+000 TO GUNDLA POCHAMPALLY AT KM.471+000,",NHAI,,ROAD TRANSPORT AND HIGHWAYS,,2022-03,2022-03,2025-01,2025-01,,955.49,955.49,204.38,35.12,Ongoing,2025-01
OCMS-N24001556,,N24001556,6L OF EXISTING 4L FROM GUNDLAPOCHAMPALLY TO BOWENPALLY FROM KM 471.300 TO KM 481.331 OF NH-44,NHAI,,ROAD TRANSPORT AND HIGHWAYS,,2021-12,2021-12,2024-07,2024-07,,521.53,521.53,229.74,45.88,Ongoing,2025-01
OCMS-N24001557,,N24001557,4L GREENFIELD SPUR FROM DELHI- VADODARA GREENFIELD EXPRESSWAY NEAR BANDIKUI TO JAIPUR,NHAI,,ROAD TRANSPORT AND HIGHWAYS,,2022-03,2022-03,2024-11,2025-02,,1636.15,1636.15,725.68,85.0,Ongoing,2025-01
OCMS-N24001558,,N24001558,4L OF KARWAR (KM. 281.980 OF NH-62 NAGAUR ROAD) TO DANGIYAVAS OF JODHPUR RING ROAD (PKG-II),NHAI,,ROAD TRANSPORT AND HIGHWAYS,,2021-11,2021-11,2024-08,2025-03,,736.75,736.75,234.95,84.1,Ongoing,2025-01
OCMS-N24001559,,N24001559,2L PS SRIGANGANAGAR TO RAISINGHNAGAR (DESIGN CHAINAGE - 0.500 KM TO DESIGN CHAINAGE 101.000 KM) (PACK,NHAI,,ROAD TRANSPORT AND HIGHWAYS,,2021-09,2021-09,2024-06,2025-02,,672.35,672.35,392.56,98.5,Ongoing,2025-01
OCMS-N24001561,,N24001561,DEOGARH (NEAR DHANDHANIYA)- RAJASTHAN/GUJARAT BORDER (PHASE- I) (AJ/DRGB-PACKAGE-8),NHAI,,ROAD TRANSPORT AND HIGHWAYS,,2019-10,2019-10,2023-10,2025-01,,839.63,839.63,227.66,100.0,Ongoing,2025-01
OCMS-N24001563,,N24001563,DEOGARH (NEAR DHANDHANIYA)- RAJASTHAN/GUJARAT BORDER (PHASE- I) (AJ/DRGB-PACKAGE-6),NHAI,,ROAD TRANSPORT AND HIGHWAYS,,2019-10,2019-10,2023-08,2025-02,,846.59,846.59,155.11,97.8,Ongoing,2025-01
OCMS-N24001564,,N24001564,DEOGARH (NEAR DHANDHANIYA)- RAJASTHAN/GUJARAT BORDER (PHASE- I) (AJ/DRGB-PACKAGE-7),NHAI,,ROAD TRANSPORT AND HIGHWAYS,,2019-10,2019-10,2023-07,2025-02,,662.08,662.08,120.77,96.5,Ongoing,2025-01
OCMS-N24001566,,N24001566,DELHI-VADODARA GREENFIELD ALIGNMENT (NH-148N) (PKG-11) (CH. 319.400 TO CH. 331.030) [HARDEOGANJ VILL,NHAI,,ROAD TRANSPORT AND HIGHWAYS,,2019-11,2019-11,2023-05,2025-01,,1640.1,1640.1,1159.5,100.0,Ongoing,2025-01
OCMS-N24001567,,N24001567,DELHI-VADODARA GREENFIELD ALIGNMENT (NH-148N) (PKG-10) (CH. 292.950 TO CH. 319.400) [END OF INTERCHA,NHAI,,ROAD TRANSPORT AND HIGHWAYS,,2019-11,2019-11,2022-10,2025-03,,1272.97,1272.97,618.95,84.83,Ongoing,2025-01
OCMS-N24001568,,N24001568,DELHI-VADODARA GREENFIELD ALIGNMENT (NH-148N) (PKG-14) (CH. 388.420 TO CH. 419.000) [JUNCTION WITH N,NHAI,,ROAD TRANSPORT AND HIGHWAYS,,2019-11,2019-11,2023-05,2025-01,,1119.35,1119.35,1438.04,99.8,Ongoing,2025-01
OCMS-N24001569,,N24001569,DELHI-VADODARA GREENFIELD ALIGNMENT (NH-148N) (PKG-12) (CH. 331.030 TO CH. 359.170) [MAJOR BRIDGE ON,NHAI,,ROAD TRANSPORT AND HIGHWAYS,,2019-11,2019-11,2023-03,2024-05,,1425.02,1425.02,1386.89,100.0,Ongoing,2025-01
OCMS-N24001571,,N24001571,DELHI-VADODARA GREENFIELD ALIGNMENT (NH-148N) (PKG-13) (CH. 359.170 TO CH. 388.420) [JUNCTION WITH S,NHAI,,ROAD TRANSPORT AND HIGHWAYS,,2019-11,2019-11,2023-12,2025-01,,1341.36,1341.36,1089.73,99.65,Ongoing,2025-01
OCMS-N24001573,,N24001573,DELHI-VADODARA GREENFIELD ALIGNMENT (NH-148N) (PKG-09) (CH. 247.310 TO CH. 292.950) [JUNCTION WITH M,NHAI,,ROAD TRANSPORT AND HIGHWAYS,,2019-11,2019-11,2022-12,2025-01,,1658.06,1658.06,180.45,99.9,Ongoing,2025-01
OCMS-N24001587,,N24001587,WIDENING AND STRENGTHENING OF SECTION FROM BHARTHANA CHOWK TO KODARKOOT (KM. 0.00 TO KM. 40.00) OF,MoRTH,,ROAD TRANSPORT AND HIGHWAYS,,2020-03,2020-03,2024-09,2025-03,,262.37,343.77,261.19,77.0,Ongoing,2025-01
OCMS-N24001588,,N24001588,DEVELOPMENT OF SIX LANE SARGI- BASANWAHI OF NH 130 CD FROM KM.42+800 TO 99+500 UNDER RAIPUR VISAKHAPA,NHAI,,ROAD TRANSPORT AND HIGHWAYS,,2021-12,2021-12,2025-01,2025-09,,1470.73,1470.73,582.37,67.31,Ongoing,2025-01
OCMS-N24001589,,N24001589,HARIHARGANJ TO PARWA MODE SECTION FROM KM 23.284 TO KM 57.049 OF NH-98,NHAI,,ROAD TRANSPORT AND HIGHWAYS,,2020-09,2020-09,2024-03,2025-04,,755.26,1039.0,552.69,83.6,Ongoing,2025-01
OCMS-N24001590,,N24001590,4L FROM KM 196.87 (SANKHA) TO KM 219.6 (KHAJURI) ON NH-75 [REHLA / GARHWA BYPASS],NHAI,,ROAD TRANSPORT AND HIGHWAYS,,2020-09,2020-09,2023-10,2025-01,,748.99,903.0,817.44,100.0,Ongoing,2025-01
OCMS-N24001593,,N24001593,DEVELOPMENT OF SIX LANE JHANKI SARGI OF NH 130 CD FROM KM.0+000 TO 42+800 UNDER RAIPUR VISAKHAPATTNA,NHAI,,ROAD TRANSPORT AND HIGHWAYS,,2021-11,2021-11,2024-09,2025-06,,1368.19,1368.19,806.32,92.1,Ongoing,2025-01
OCMS-N24001594,,N24001594,ELEVATED CORRIDOR IN RANCHI CITY FROM KM 0.00 TO KM 3.260 OF NH-75 INCLUDING DOWN RAMP ON NH-23 FROM,NHAI,,ROAD TRANSPORT AND HIGHWAYS,,2022-02,2022-02,2025-01,2025-03,,534.73,534.73,125.31,82.0,Ongoing,2025-01
OCMS-N24001595,,N24001595,4L OF PALMA TO GUMLA SECTION OF NH23 FROM KM. 26.00 TO KM. 89.170 ON HAM MODE IN THE STATE OF JHARKH,NHAI,,ROAD TRANSPORT AND HIGHWAYS,,2020-08,2020-08,2024-03,2025-06,,1034.0,1879.55,41.5,94.21,Ongoing,2025-01
OCMS-N24001596,,N24001596,4L OF MIRZA CHAUKI TO FARKKA SECTION OF NH80 FROM KM 215.00 TO KM 260.00 ON HAM MODE IN THE STATE OF,NHAI,,ROAD TRANSPORT AND HIGHWAYS,,2021-11,2021-11,2023-07,2025-06,,1302.72,1504.8,842.02,69.0,Ongoing,2025-01
OCMS-N24001598,,N24001598,6L FROM SANKESHWAR BYPASS TO MH KNT BORDER FROM KM. 555.017 TO KM. 592.853 OF NH-48 (PKG II),NHAI,,ROAD TRANSPORT AND HIGHWAYS,,2022-01,2022-01,2025-04,2025-04,,1388.7,1388.7,367.36,57.4,Ongoing,2025-01
OCMS-N24001599,,N24001599,BELAKERI PORT TO KUMTA - SIRSI ROAD FROM KM 0.00 - KM 4.265 OF BELEKERI PORT ROAD LINK RD. AND KM 4.,NHAI,,ROAD TRANSPORT AND HIGHWAYS,,2018-03,2018-03,2022-12,2025-12,,440.16,440.16,311.29,64.51,Ongoing,2025-01
OCMS-N24001600,,N24001600,BALANCE WORK 2-LANE WITH PAVED SHOULDERS OF NAGAPATTINAM - THANJAVUR SECTION OF NH-67 (NEW NH-83),NHAI,,ROAD TRANSPORT AND HIGHWAYS,,2020-10,2020-10,2023-05,2025-03,,434.12,434.12,258.89,99.3,Ongoing,2025-01
OCMS-N24001601,,N24001601,4-LANING OF KAMALAPURAM - ODDANCHATRAM SECTION OF NH-209,NHAI,,ROAD TRANSPORT AND HIGHWAYS,,2019-01,2019-01,2023-01,2025-06,,1051.69,1051.69,573.98,79.72,Ongoing,2025-01
OCMS-N24001602,,N24001602,4-LANING OF MADATHUKULAM - POLLACHI SECTION OF NH-209 (NEW NH- 83),NHAI,,ROAD TRANSPORT AND HIGHWAYS,,2019-01,2019-01,2022-12,2025-11,,1409.38,1409.38,652.18,90.08,Ongoing,2025-01
OCMS-N24001603,,N24001603,4-LANING OF ODDANCHATRAM - MADATHUKULAM SECTION OF NH-209,NEW NH-83,,ROAD TRANSPORT AND HIGHWAYS,,2019-01,2019-01,2022-10,2025-02,,1518.53,1607.54,915.4,100.0,Ongoing,2025-01
OCMS-N24001604,,N24001604,"REMAINING WORK OF 2L+PS OF TRICHY - KARAIKUDI SECTION OF NH-210, INCLUDING TRICHY BYPASS",NHAI,,ROAD TRANSPORT AND HIGHWAYS,,2019-02,2019-02,2021-03,2025-02,,166.9,166.9,121.94,100.0,Ongoing,2025-01
OCMS-N24001605,,N24001605,"4-LANING OF MELUR - PILLAYARPATTI - KARAIKUDI SECTION OF NH-338, NH-36, NH-383",NHAI,,ROAD TRANSPORT AND HIGHWAYS,,2018-06,2018-06,2022-03,2025-05,,1103.86,1103.86,461.32,71.4,Ongoing,2025-01
OCMS-N24001606,,N24001606,4-LANING OF VADIPPATTI - THAMARAIPATTI SECTION OF NH-744A,MADURAI RING ROAD,,ROAD TRANSPORT AND HIGHWAYS,,2018-12,2018-12,2022-03,2025-07,,854.94,854.94,369.07,68.25,Ongoing,2025-01
OCMS-N24001607,,N24001607,BALANCE WORKS OF 4L PANVEL- INDAPUR SECTION OF NH-66 (OLD NH- 17) FROM KM 42.300 (KASU) TO KM 84.600 (,NHAI,,ROAD TRANSPORT AND HIGHWAYS,,2022-10,2022-10,2024-05,2025-12,,332.0,332.0,237.61,59.64,Ongoing,2025-01
OCMS-N24001608,,N24001608,VADODARA MUMBAI EXPRESSWAY (PHASE II - PKG XVII) [KM. 69.800 TO KM. 79.783 OF SPUR] (BHOJ - MORBE),NHAI,,ROAD TRANSPORT AND HIGHWAYS,,2021-09,2021-09,2025-07,2025-07,,2208.68,2208.68,488.6,64.67,Ongoing,2025-01
OCMS-N24001609,,N24001609,BALANCE WORK OF 4 LANING OF PANVEL TO INDAPUR SECTION OF NH- 66(OLD NH- 17) FROM KM 0.000 (PANVEL) TO,NHAI,,ROAD TRANSPORT AND HIGHWAYS,,2023-01,2023-01,2023-12,2025-03,,151.26,151.26,141.21,75.51,Ongoing,2025-01
OCMS-N24001610,,N24001610,4L OF EXISTING 2/4L STRETCH FROM LONAND TO DIVE GHAT (KM 166.400 TO KM 220.900 ) OF MOHOL ? ALANDI S,NHAI,,ROAD TRANSPORT AND HIGHWAYS,,2022-01,2022-01,2024-05,2025-03,,1833.73,1833.73,481.89,89.41,Ongoing,2025-01
OCMS-N24001611,,N24001611,4 LANE OF BILASPUR TO URGA PROJECT (KM 0.00 TO KM 70.2) OF NH- 130A,NHAI,,ROAD TRANSPORT AND HIGHWAYS,,2020-04,2020-04,2024-03,2025-09,,1855.59,2523.86,569.22,80.9,Ongoing,2025-01
OCMS-N24001612,,N24001612,DELHI-VADODARA GREENFIELD ALIGNMENT (NH-148N) (PKG-15) (CH. 419.000 TO CH.427.300) [JUNCTION WITH NH,NHAI,,ROAD TRANSPORT AND HIGHWAYS,,2020-07,2020-07,2024-01,2025-09,,1788.69,1788.69,887.71,72.67,Ongoing,2025-01
OCMS-N24001614,,N24001614,4LBERKHEDI TO GODPEHRA NH-44,NHAI,,ROAD TRANSPORT AND HIGHWAYS,,,,,2024-11,,524.84,524.84,2217.65,35.0,Ongoing,2025-01
OCMS-N24001615,,N24001615,4L OF SAGAR - MOHARI FROM KM.8 TO KM.50 (PKG-I),NHAI,,ROAD TRANSPORT AND HIGHWAYS,,2021-03,2021-03,2024-04,2024-08,,790.78,790.78,1715.94,62.5,Ongoing,2025-01
OCMS-N24001616,,N24001616,2L PS OF SATNA - MAIHAR SECTION OF NH-135BG FROM KM 80.800 TO KM 120.125,NHAI,,ROAD TRANSPORT AND HIGHWAYS,,2021-01,2021-01,2023-10,2025-02,,428.04,428.04,351.27,98.92,Ongoing,2025-01
OCMS-N24001618,,N24001618,KATNI BYPASS FROM KM. 359.50 TO KM. 378.50,NHAI,,ROAD TRANSPORT AND HIGHWAYS,,2019-09,2019-09,2022-09,2025-01,,194.4,235.0,197.87,95.38,Ongoing,2025-01
OCMS-N24001619,,N24001619,CORRIDOR EFFICIENCY IMPROVEMENT INCLUDING REMOVAL OF BLACK SPOTS IN LAKHANPUR - SAMBA SECTION OF NH,NHAI,,ROAD TRANSPORT AND HIGHWAYS,,2022-08,2022-08,2024-06,2025-06,,200.05,208.92,119.56,47.3,Ongoing,2025-01
OCMS-N24001620,,N24001620,CONSTRUCTION OF TUNNELS/VIADUCTS AT IDENTIFIED SLIDING/SLIP ZONES AT KM 130.550 TO KM.130.750; KM.,NHAI,,ROAD TRANSPORT AND HIGHWAYS,,2021-09,2021-09,2023-10,2025-05,,442.14,442.14,292.03,19.88,Ongoing,2025-01
OCMS-N24001621,,N24001621,"4L OF KM.165.092 TO KM.171.855 (NORTH BOUND) AND FROM KM.166.895 TO KM.173.638 (SOUTH BOUND), EXCL.",NHAI,,ROAD TRANSPORT AND HIGHWAYS,,2021-07,2021-07,2024-08,2025-06,,614.48,614.48,176.24,7.0,Ongoing,2025-01
OCMS-N24001622,,N24001622,4L TWIN TUBE TUNNEL INCLUDING APPROACHES FROM DIGDOL TO KHUNI NALLAH (NORTH BOUND CONNECTING WITH EX,NHAI,,ROAD TRANSPORT AND HIGHWAYS,,2021-07,2021-07,2024-06,2025-06,,1401.87,1401.87,641.41,,Ongoing,2025-01
OCMS-N24001623,,N24001623,BANIHAL BYPASS (DELINKED FROM SRINAGAR - BANIHAL) FROM KM. 187.00 TO KM. 189.350,NHAI,,ROAD TRANSPORT AND HIGHWAYS,,2020-01,2020-01,2024-01,2025-02,,336.01,336.01,213.5,34.0,Ongoing,2025-01
OCMS-N24001624,,N24001624,CONSTRUCTION OF EMERGENCY LANDING FACILITY FROM KM. 246.60 TO KM. 249.70 ON SRINAGAR - BANIHAL SECTI,NHAI,,ROAD TRANSPORT AND HIGHWAYS,,2019-07,2019-07,2020-10,2024-09,,157.05,157.05,139.54,100.0,Ongoing,2025-01
OCMS-N24001625,,N24001625,6L ACCESS CONTROLLED GREENFIELD HIGHWAY OF JULEKAL VILLAGE TO DINNEDEVARAPADU VILLAGE FROM KM 242.20,NHAI,,ROAD TRANSPORT AND HIGHWAYS,,2022-01,2022-01,2025-01,2025-07,,1227.57,1227.57,288.58,40.9,Ongoing,2025-01
OCMS-N24001626,,N24001626,6L ACCESS CONTROLLED GREENFIELD HIGHWAY OF NANDINNE VILLAGE TO JULEKAL VILLAGE FROM KM 202.900 TO KM,NHAI,,ROAD TRANSPORT AND HIGHWAYS,,2022-02,2022-02,2025-01,2025-01,,972.06,972.06,408.48,52.75,Ongoing,2025-01
OCMS-N24001627,,N24001627,4L OF TWIN TUBE TUNNEL CONFIGURATION INCLUDING APPROACHES FROM MAROG TO DIGDOL (FROM KM.154.210 TO K,NHAI,,ROAD TRANSPORT AND HIGHWAYS,,2021-07,2021-07,2025-02,2026-05,,1912.17,1912.17,72.85,,Ongoing,2025-01
OCMS-N24001628,,N24001628,4/6L OF SPUR TO HARIDWAR (GREENFIELD) FROM KM. 0.000 TO KM. 49.000,NHAI,,ROAD TRANSPORT AND HIGHWAYS,,2021-11,2021-11,2025-02,2025-02,,2155.95,2155.95,1195.52,54.76,Ongoing,2025-01
OCMS-N24001629,,N24001629,6L WITH ACCESS CONTROL PROVISION SAHARANPUR BYPASS TO GANESHPUR SECTION FROM 13.89 KM TO 41.820 KM O,NHAI,,ROAD TRANSPORT AND HIGHWAYS,,2022-04,2022-04,2024-11,2025-03,,796.65,796.65,353.25,75.53,Ongoing,2025-01
OCMS-N24001630,,N24001630,4/6L GREENFIELD LUDHIANA RUPNAGAR HIGHWAY FROM JUNCTION WITH NE 05 VILLAGR NEAR TO MANEWAL (LUDHIANA,NHAI,,ROAD TRANSPORT AND HIGHWAYS,,2021-07,2021-07,2025-02,2025-02,,1501.02,1501.02,333.0,75.0,Ongoing,2025-01
OCMS-N24001631,,N24001631,6L OF IT CITY CHOWK TO KURALI CHANDIGARH ROAD,NHAI,,ROAD TRANSPORT AND HIGHWAYS,,2021-03,2021-03,2024-10,2024-10,,1525.31,1525.31,323.0,75.0,Ongoing,2025-01
OCMS-N24001632,,N24001632,CONSTRUCTION OF FOUR LANE GREENFIELD PROJECT OF DELHI- AMRITSAR-KATRA EXPRESSWAY (PHASE-I PKG-V) FROM,NHAI,,ROAD TRANSPORT AND HIGHWAYS,,2021-01,2021-01,2024-05,2025-04,,1741.86,2086.91,1203.4,92.66,Ongoing,2025-01
OCMS-N24001633,,N24001633,CONSTRUCTION OF FOUR LANE GREENFIELD PROJECT OF DELHI- AMRITSAR-KATRA EXPRESSWAY (PHASE-I PKG-III) F,NHAI,,ROAD TRANSPORT AND HIGHWAYS,,2020-12,2020-12,2023-12,2025-02,,1430.88,1549.23,1120.5,99.6,Ongoing,2025-01
OCMS-N24001634,,N24001634,CONSTRUCTION OF FOUR LANE GREENFIELD PROJECT OF DELHI- AMRITSAR-KATRA EXPRESSWAY (PHASE-I PKG-IV) FRO,NHAI,,ROAD TRANSPORT AND HIGHWAYS,,2021-01,2021-01,2023-12,2025-02,,1306.95,1453.34,942.57,98.5,Ongoing,2025-01
OCMS-N24001635,,N24001635,4 LANING OF JAGADHRI TAJEWALA ROAD SECTION OF NH 907 (OLD NH 73A) UNDER NH(O) (PKG 1) IN THE STATE O,NHAI,,ROAD TRANSPORT AND HIGHWAYS,,2022-03,2022-03,2025-02,2025-02,,1269.5,1269.5,218.0,49.0,Ongoing,2025-01
OCMS-N24001636,,N24001636,CONSTRUCTION OF FOUR/SIX LANE GREENFIELD LUDHIANA ? RUPNAGAR NATIONAL HIGHWAY NO. NH-205K UNDER BHAR,NHAI,,ROAD TRANSPORT AND HIGHWAYS,,2021-05,2021-05,2024-12,2026-10,,1368.91,1368.91,163.58,15.31,Ongoing,2025-01
OCMS-N24001637,,N24001637,DEVELOPMENT OF 6 LANE JALANDHAR BYPASS FROM KAHLWAN NATIONAL HIGHWAY 03 DESIGN KM 0.00 ENDING AT K,NHAI,,ROAD TRANSPORT AND HIGHWAYS,,2021-03,2021-03,2025-01,2025-01,,1754.84,1754.84,1082.62,31.49,Ongoing,2025-01
OCMS-N24001638,,N24001638,4L GREENFIELD A. MALOUT BYPASS FROM CH. KM 44.500 TO CH. KM 35.500 ON NH-07 AND CH. KM 0.000 TO KM 6,NHAI,,ROAD TRANSPORT AND HIGHWAYS,,2021-11,2021-11,2024-07,2025-04,,646.42,646.42,481.67,94.0,Ongoing,2025-01
OCMS-N24001639,,N24001639,FOUR LANING OF MOGA TO BAJAKHANA LAMBWALI SECTION OF 105B GREENFIELD ALIGNMENT FROM DESIGN CHAINAGE,NHAI,,ROAD TRANSPORT AND HIGHWAYS,,2020-05,2020-05,2024-12,2025-08,,864.23,864.23,434.88,50.0,Ongoing,2025-01
OCMS-N24001640,,N24001640,6L AMRITSAR BATHINDA GREENFIELD SECTION FROM VILLAGE TIBA ON NE 5A TO JN. WITH MOGA JALANDHAR ROAD N,NHAI,,ROAD TRANSPORT AND HIGHWAYS,,2021-03,2021-03,2024-11,2024-11,,1229.38,1229.38,729.77,36.41,Ongoing,2025-01
OCMS-N24001641,,N24001641,DELHI AMRITSAR KATRA EXPRESSWAY PHASE I SPUR III FROM JUNCTION WITH AMRITSAR JALANDHAR ROAD NH3 NEAR,NHAI,,ROAD TRANSPORT AND HIGHWAYS,,2021-03,2021-03,2024-10,2025-12,,1641.75,1641.75,179.85,24.6,Ongoing,2025-01
OCMS-N24001642,,N24001642,FOUR LANING OF AMRITSAR BYPASS FROM NEW TARN TARAN ROAD TO AJNALA ROAD FROM DESIGN KM. 0.750 TO DESI,NHAI,,ROAD TRANSPORT AND HIGHWAYS,,2021-02,2021-02,2024-08,2025-12,,1474.77,1474.77,411.34,68.7,Ongoing,2025-01
OCMS-N24001643,,N24001643,4L OF AMRITSAR GHOMAN TANDA UNA SECTION FROM KM 8.270 TO KM 54.000 OF NH 503A PACKAGE I,NHAI,,ROAD TRANSPORT AND HIGHWAYS,,2020-12,2020-12,2024-06,2025-06,,857.91,857.91,127.71,38.5,Ongoing,2025-01
OCMS-N24001644,,N24001644,AMRITSAR AIRPORT JUNCTION RAMDAS FROM KM. 100.835 TO KM. 139.813 PKG IV,NHAI,,ROAD TRANSPORT AND HIGHWAYS,,2020-12,2020-12,2023-09,2025-09,,524.88,416.58,157.14,69.0,Ongoing,2025-01
OCMS-N24001647,,N24001647,BALANCE WORK OF PANIKOILI RIMULI SECTION OF NEW NH-20 FROM KM 0.00 TO KM. 163.000,NHAI,,ROAD TRANSPORT AND HIGHWAYS,,2020-08,2020-08,2022-03,2025-03,,200.0,154.73,137.04,100.0,Ongoing,2025-01
OCMS-N24001648,,N24001648,CONSTRUCTION OF 6 LANE ELEVATED CORRIDOR ALONG WITH DEVELOPMENT OF EXISTING 4 LANE ROAD AT GROUND LE,NHAI,,ROAD TRANSPORT AND HIGHWAYS,,2022-08,2022-08,2026-01,2026-01,,2429.52,2429.52,828.51,47.79,Ongoing,2025-01
OCMS-N24001649,,N24001649,SIX LANING OF PARAVOOR(DESIGN KM. 417+000) TO KOTTUKULANGARA(DESIGN KM. 454+500) SECTION OF NEW NH-6,NHAI,,ROAD TRANSPORT AND HIGHWAYS,,2021-12,2021-12,2025-02,2025-02,,3273.61,3273.61,567.3,52.04,Ongoing,2025-01
OCMS-N24001650,,N24001650,SIX LANING OF KADAMBATTUKONAM TO KAZHAKKOOTTAM SECTION OF NH- 66(OLD NH-47) FROM KM. 517+250 TO KM.54,NHAI,,ROAD TRANSPORT AND HIGHWAYS,,2021-12,2021-12,2025-01,2025-08,,3635.64,3635.64,280.92,37.25,Ongoing,2025-01
OCMS-N24001651,,N24001651,SIX LANING OF THURAVOOR (DESIGN KM. 378+612) TO PARAVOOR (DESIGN KM.417+000) SECTION OF NEW NH-66 (O,NHAI,,ROAD TRANSPORT AND HIGHWAYS,,2021-09,2021-09,2024-09,2024-09,,2878.97,2878.97,364.74,31.62,Ongoing,2025-01
OCMS-N24001652,,N24001652,6L MINOR BRIDGE (PALOLI PALAM) AT KM. 203.160 and MAJOR BRIDGE (MORAD) AT KM. 204.895 AND ALLIED WOR,NHAI,,ROAD TRANSPORT AND HIGHWAYS,,2020-03,2020-03,2022-06,2024-06,,210.37,216.94,198.1,100.0,Ongoing,2025-01
OCMS-N24001653,,N24001653,SIX LANING FROM KODUNGALLUR TO EDAPALLY SECTION OF NH ?66 (OLD NH- 17) FROM DESIGN CHAINAGE 397+750 (,NHAI,,ROAD TRANSPORT AND HIGHWAYS,,2021-11,2021-11,2025-04,2025-04,,3565.82,3064.11,1911.43,51.8,Ongoing,2025-01
OCMS-N24001654,,N24001654,SIX LANING OF START OF KOLLAM BYPASS (KM.486+000) KADAMBATTUKONAM (KM.517+250) SECTION OF NEW NH-66,NHAI,,ROAD TRANSPORT AND HIGHWAYS,,2021-06,2021-06,2025-03,2025-02,,2641.37,2641.37,523.26,67.98,Ongoing,2025-01
OCMS-N24001655,,N24001655,SIX LANING FROM KAPPIRIKKAD TO THALIKULAM SECTION OF NH ? 66 (OLD NH-17) FROM DESIGN CH. 335+850 (EX,NHAI,,ROAD TRANSPORT AND HIGHWAYS,,2021-06,2021-06,2025-02,2025-11,,3606.0,3946.56,3034.04,61.04,Ongoing,2025-01
OCMS-N24001656,,N24001656,SIX LANING FROM THALIKULAM TO KODUNGALLUR SECTION OF NH ? 66 (OLD NH-17) FROM DESIGN CH.369+015 (EX.,NHAI,,ROAD TRANSPORT AND HIGHWAYS,,2021-06,2021-06,2025-03,2025-12,,2595.0,4009.57,2917.31,54.64,Ongoing,2025-01
OCMS-N24001657,,N24001657,SIX LANING OF KOTTUKULANGARA (DESIGN KM. 454+500) TO START OF KOLLAM BYPASS (DESIGN KM. 486+000) SEC,NHAI,,ROAD TRANSPORT AND HIGHWAYS,,2021-06,2021-06,2024-10,2025-12,,2842.14,2842.14,477.69,61.41,Ongoing,2025-01
OCMS-N24001658,,N24001658,SIX LANING OF RAMANATTUKARA JUNCTION TO START OF VALANCHERY BYPASS SECTION OF NH-66 (OLD NH-17) FROM,NHAI,,ROAD TRANSPORT AND HIGHWAYS,,2021-01,2021-01,2024-07,2025-03,,4265.42,4728.4,3371.31,92.28,Ongoing,2025-01
OCMS-N24001659,,N24001659,SIX LANING FROM START OF VALANCHERY BYPASS TO KAPPIRIKKAD- SECTION OF NH-66(OLD NH-17) FROM DESIGN CH,NHAI,,ROAD TRANSPORT AND HIGHWAYS,,2021-02,2021-02,2024-07,2025-03,,3375.31,3824.07,2246.61,91.4,Ongoing,2025-01
OCMS-N24001660,,N24001660,SIX LANING OF THALIPARAMBHA- MUZHAPILANGAD SECTION FROM KM 137.900 TO KM. 170.600 OF NH-17 (NEW NH,NHAI,,ROAD TRANSPORT AND HIGHWAYS,,2020-08,2020-08,2024-02,2025-12,,2714.6,2714.6,1780.62,66.26,Ongoing,2025-01
OCMS-N24001661,,N24001661,6L OF AZHIYUR-VENGALAM FROM KM. 189.200 TO KM. 230.400 OF NH-66,NHAI,,ROAD TRANSPORT AND HIGHWAYS,,2020-10,2020-10,2024-04,2025-12,,3219.47,3896.46,2091.28,57.16,Ongoing,2025-01
OCMS-N24001662,,N24001662,SIX LANING OF KT/KL BORDER (THALAPPDY) TO CHENGALA SECTION OF NH17 (NEW NH-66) FROM CH. 17.200 TO CH,NHAI,,ROAD TRANSPORT AND HIGHWAYS,,2020-05,2020-05,2024-05,2025-03,,1981.07,1981.07,1406.57,84.38,Ongoing,2025-01
OCMS-N24001663,,N24001663,SIX LANING OF NEELESHWARAM TO THALIPARAMBHA SECTION FROM CH. 94+540 (EXISTING KM 96+450) TO CH. 134+,NHAI,,ROAD TRANSPORT AND HIGHWAYS,,2020-06,2020-06,2024-04,2025-12,,3041.65,3041.65,2156.43,70.14,Ongoing,2025-01
OCMS-N24001664,,N24001664,SIX LANING OF CHENGALA TO NEELESHWARAM SECTION OF NH-17 (NEW NH-66) FROM CH. 56+200 (EXISTING KM 57+,NHAI,,ROAD TRANSPORT AND HIGHWAYS,,2020-06,2020-06,2024-04,2025-11,,1746.45,1746.45,1125.92,69.0,Ongoing,2025-01
OCMS-N24001665,,N24001665,6L GREENFIELD KANDILI - ALURU SECTION OF NH-130-CD ROAD FROM KM 342+500 TO KM 365+033 (PACKAGE-OD-8,NHAI,,ROAD TRANSPORT AND HIGHWAYS,,2021-12,2021-12,2024-10,2025-10,,1592.0,1592.0,1005.88,72.05,Ongoing,2025-01
OCMS-N24001666,,N24001666,6L GREENFIELD BARAJA - KANDILI SECTION OF NH- 130-CD ROAD FROM KM 338+500 TO KM 342+500 (PACKAGE- OD,NHAI,,ROAD TRANSPORT AND HIGHWAYS,,2021-12,2021-12,2024-09,2025-08,,714.0,714.0,511.04,82.68,Ongoing,2025-01
OCMS-N24001667,,N24001667,6L GREENFIELD KALIAGURA ? BAUNSAGUAR SECTION OF NH-130-CD ROAD FROM KM 249+000 TO KM 293+000 (PACKAG,NHAI,,ROAD TRANSPORT AND HIGHWAYS,,2021-09,2021-09,2024-05,2025-10,,1734.0,1734.0,1117.58,78.02,Ongoing,2025-01
OCMS-N24001668,,N24001668,6L OF BADAKUMARI - KARKI SECTION FROM KM 179.000 TO KM 226.500 OF NH- 130-CD (PACKAGE ? OD-3),NHAI,,ROAD TRANSPORT AND HIGHWAYS,,2021-03,2021-03,2024-04,2025-03,,1249.0,1249.0,462.56,78.61,Ongoing,2025-01
OCMS-N24001669,,N24001669,6L OF DHANARA - HATIBENA SECTION FROM KM 124.611 TO KM 146.50 OF NH- 130-CD (PACKAGE ? OD-1),NHAI,,ROAD TRANSPORT AND HIGHWAYS,,2021-02,2021-02,2024-03,2025-06,,586.0,586.0,213.49,71.8,Ongoing,2025-01
OCMS-N24001670,,N24001670,6L OF KARKI ? KALIAGURA SECTION FROM KM 226.500 TO KM 249.000 OF NH- 130-CD (PACKAGE ? OD-4),NHAI,,ROAD TRANSPORT AND HIGHWAYS,,2021-02,2021-02,2024-03,2025-03,,593.0,593.0,280.69,90.1,Ongoing,2025-01
OCMS-N24001671,,N24001671,6L OF HATIBENA - BADAKUMARI SECTION FROM KM 146.50 TO KM 179.00 OF NH-130-CD (PACKAGE ? OD-2),NHAI,,ROAD TRANSPORT AND HIGHWAYS,,2021-02,2021-02,2024-03,2025-03,,925.0,925.0,445.07,94.91,Ongoing,2025-01
OCMS-N24001673,,N24001673,4- LANING OF ROHTAK-JIND SECTION FROM KM. 307+000 TO KM. 347+800 OF NH-71 AND CONNECTING LINK FROM K,NHAI,,ROAD TRANSPORT AND HIGHWAYS,,2020-03,2020-03,2023-03,2025-03,,510.97,510.97,529.0,93.0,Ongoing,2025-01
OCMS-N24001674,,N24001674,BANGALORE/TN BORDER TO HOSKOTE,NHAI,,ROAD TRANSPORT AND HIGHWAYS,,,,,2025-02,,1240.6,1240.6,771.46,76.06,Ongoing,2025-01
OCMS-N24001675,,N24001675,6L OF MH/KN BORDER (NIMBAL VILLAGE) TO KN/TS BORDER (SINGNODI VILLAGE) FROM KM. 162.5 TO KM. 203.100,NHAI,,ROAD TRANSPORT AND HIGHWAYS,,2022-11,2022-11,2025-05,2025-05,,1732.73,1732.73,540.35,96.75,Ongoing,2025-01
OCMS-N24001676,,N24001676,6L OF MH/KN BORDER (NIMBAL VILLAGE) TO KN/TS BORDER (SINGNODI VILLAGE) FROM KM. 26.000 TO KM. 97.000,NHAI,,ROAD TRANSPORT AND HIGHWAYS,,2022-12,2022-12,2025-06,2025-06,,2718.46,2718.46,312.9,41.3,Ongoing,2025-01
OCMS-N24001677,,N24001677,BALANCE WORK OF 2L PS FROM KM 30.800 TO 70.800 AND 2L WITH RIGID CARRIAGEWAY FROM 70.800 TO KM 84.12,NHAI,,ROAD TRANSPORT AND HIGHWAYS,,2022-11,2022-11,2024-05,2024-05,,226.76,226.76,77.32,64.25,Ongoing,2025-01
OCMS-N24001678,,N24001678,6L GREENFIELD BAUNSAGUAR - BARAJA SECTION OF NH-130-CD ROAD FROM KM 293+000 TO KM 338+500 (PACKAGE ?,NHAI,,ROAD TRANSPORT AND HIGHWAYS,,2021-08,2021-08,2024-06,2025-08,,1460.0,1460.0,883.9,82.0,Ongoing,2025-01
OCMS-N24001679,,N24001679,6L FROM BELGAUM TO SANKESHWAR BYPASS FROM KM 515.000 TO KM 555.017 OF NH 48,NHAI,,ROAD TRANSPORT AND HIGHWAYS,,2022-10,2022-10,2025-04,2025-04,,1479.3,1479.3,515.99,70.15,Ongoing,2025-01
OCMS-N24001680,,N24001680,4L OF SANNUR TO BIKARNAKATTE SECTION FROM KARKALA TO MANGALORE,NHAI,,ROAD TRANSPORT AND HIGHWAYS,,2021-03,2021-03,2024-10,2025-12,,1409.68,1808.12,928.03,50.5,Ongoing,2025-01
OCMS-N24001681,,N24001681,TUMKUR - NELAMANGALA(6L),NHAI,,ROAD TRANSPORT AND HIGHWAYS,,,,,2027-03,,2032.15,2032.15,175.86,43.8,Ongoing,2025-01
OCMS-N24001682,,N24001682,UPGRADATION 2/4 LANE NH CONNECTIVITY UNDER SAGARMALA SCHEME SH 2 HAVERI YEKAMBI SH 69 YEKAMBI KUMTA,NHAI,,ROAD TRANSPORT AND HIGHWAYS,,2022-03,2022-03,2024-03,2026-05,,294.62,309.9,49.92,13.61,Ongoing,2025-01
OCMS-N24001683,,N24001683,AURAD - BIDAR KM 0.00 TO KM 45.878,NHAI,,ROAD TRANSPORT AND HIGHWAYS,,,,,2024-12,,912.37,424.16,330.84,99.1,Ongoing,2025-01
OCMS-N24001684,,N24001684,4L OF CHANNARAYAPATNA BYPASS AND HASSAN BYPASS WITH STRUCTURES IN DEVIHALLI -HASSAN SECTION,NHAI,,ROAD TRANSPORT AND HIGHWAYS,,2020-09,2020-09,2023-01,2025-05,,688.0,688.0,488.15,77.33,Ongoing,2025-01
OCMS-N24001686,,N24001686,FOUR LANING OF BANAVARA TO BETTADAHALLI SECTION FROM KM. 119+790 (DESIGN KM. 121+900) TO KM. 166+100,NHAI,,ROAD TRANSPORT AND HIGHWAYS,,2021-03,2021-03,2023-03,2025-04,,1065.06,1444.5,170.68,92.16,Ongoing,2025-01
OCMS-N24001687,,N24001687,FOUR LANING OF BETTADAHALLI TO SRIRAMPURA SECTION FROM KM. 166+100 (DESIGN KM. 170+415) TO KM. 217+0,NHAI,,ROAD TRANSPORT AND HIGHWAYS,,2021-10,2021-10,2023-10,2025-08,,1331.77,2082.98,358.32,70.7,Ongoing,2025-01
OCMS-N24001691,,N24001691,FOUR LANING OF KARADI TO BANAVARA SECTION FROM KM. 66+540 (DESIGN KM. 65+195) TO KM. 119+790 (DESIGN,NHAI,,ROAD TRANSPORT AND HIGHWAYS,,2019-10,2019-10,2021-10,2025-01,,1225.24,1505.85,80.99,93.99,Ongoing,2025-01
OCMS-N24001692,,N24001692,BALANCE WORKS OF FOUR LANE FROM KM 43+950 (THIRUVALLUR BYPASS) TO KM 61+470 (VEPPAMPATTU BYPASS) PAS,NHAI,,ROAD TRANSPORT AND HIGHWAYS,,2022-01,2022-01,2024-09,2025-06,,467.99,468.0,22.34,62.15,Ongoing,2025-01
OCMS-N24001693,,N24001693,FOUR LANING OF NERALURU TO THORAPALLI AGRAHARAM SECTION OF NH-844 (PKG-I) FROM KM.0+000 TO KM.23+350,NHAI,,ROAD TRANSPORT AND HIGHWAYS,,2021-09,2021-09,2024-10,2024-10,,1751.18,1757.27,49.69,,Ongoing,2025-01
OCMS-N24001694,,N24001694,FOUR LANING OF THORAPALLI AGRAHARAM TO JITTANDAHALLI SECTION OF NH-844 (PKG-II) FROM KM.23+350 TO KM,NHAI,,ROAD TRANSPORT AND HIGHWAYS,,2019-02,2019-02,2023-12,2024-12,,1243.57,1243.57,171.63,,Ongoing,2025-01
OCMS-N24001696,,N24001696,FOUR LANING OF JITTANDAHALLI TO DHARMAPURI SECTION OF NH-844 (PKG- III) FROM KM.60+100 TO KM.94+460,NHAI,,ROAD TRANSPORT AND HIGHWAYS,,2019-02,2019-02,2023-08,2024-12,,1291.37,1291.37,215.02,,Ongoing,2025-01
OCMS-N24001697,,N24001697,4L GREENFIELD ALIGNMENT FROM KALYANAPUR TO TAL DASHRAHA OF NH- 119D (PKG-III),NHAI,,ROAD TRANSPORT AND HIGHWAYS,,2023-02,2023-02,2025-02,2025-12,,1358.0,1358.0,183.47,13.51,Ongoing,2025-01
OCMS-N24001698,,N24001698,FOUR LANING OF MUNGER TO MIRZACHAUKI (NH-80) SECTION FROM NEAR RASULPUR TO MIRZACHAUKI (DESIGN CH,NHAI,,ROAD TRANSPORT AND HIGHWAYS,,2022-08,2022-08,2024-08,2024-08,,1198.02,1198.02,2.27,,Ongoing,2025-01
OCMS-N24001699,,N24001699,CONSTRUCTION OF 4 LANE ELEVATED SECTION AND AT- GRADE IMPROVEMENTS AT BEGUSARAI TOWN SECTION OF NH-3,NHAI,,ROAD TRANSPORT AND HIGHWAYS,,2022-03,2022-03,2024-12,2025-07,,312.58,312.58,166.41,69.14,Ongoing,2025-01
OCMS-N24001700,,N24001700,SIX LANNING OF AURANGABAD TO BIHAR/JHARKHAND BORDER SECTION OF NH-19 (OLD NH-2) FROM KM. 209.827 TO,NHAI,,ROAD TRANSPORT AND HIGHWAYS,,2021-12,2021-12,2024-03,2024-12,,552.55,553.0,414.79,54.95,Ongoing,2025-01
OCMS-N24001701,,N24001701,FOUR LANING OF MUNGER TO MIRZACHAUKI (NH-80) SECTION FROM START OF EXISTING BHAGALPUR BYPASS TO RASU,NHAI,,ROAD TRANSPORT AND HIGHWAYS,,2022-04,2022-04,2024-04,2025-09,,1769.5,1769.5,0.0,,Ongoing,2025-01
OCMS-N24001702,,N24001702,CONSTRUCTION OF 4 LANE ELEVATED HIGHWAY AND AT-GRADE IMPROVEMENTS AT GOPALGANJ TOWN FROM DESIGN CH:,NHAI,,ROAD TRANSPORT AND HIGHWAYS,,2021-12,2021-12,2024-09,2024-09,,184.9,185.0,163.01,93.4,Ongoing,2025-01
OCMS-N24001703,,N24001703,6 L OF AURANGABAD TO BIHAR- JHARKHAND BORDER (CHORDAHA) SECTION FROM KM. 180.000 TO KM. 209.827 OF N,NHAI,,ROAD TRANSPORT AND HIGHWAYS,,2022-02,2022-02,2025-05,2025-05,,786.81,787.0,0.0,,Ongoing,2025-01
OCMS-N24001704,,N24001704,FOUR LANING OF MUNGER TO MIRZACHAUKI (NH-80) SECTION FROM KHARIA VILLAGE JUNCTION TO START OF EXISTI,NHAI,,ROAD TRANSPORT AND HIGHWAYS,,2021-03,2021-03,2024-03,2024-12,,1020.84,1020.84,89.52,,Ongoing,2025-01
OCMS-N24001705,,N24001705,FOUR LANING OF MUNGER TO MIRZACHAUKI (NH-80) SECTION FROM MUNGER TO KHARIA VILLAGE JUNCTION DESIGN C,NHAI,,ROAD TRANSPORT AND HIGHWAYS,,2022-03,2022-03,2024-03,2025-06,,1485.66,1485.66,0.0,,Ongoing,2025-01
OCMS-N24001708,,N24001708,BAKHTIYARPUR RAJAULI PKG-III FROM KM 101.630 TO KM 152.520 NH20,NHAI,,ROAD TRANSPORT AND HIGHWAYS,,2020-09,2020-09,2024-06,2024-12,,2156.22,2156.22,2134.67,98.23,Ongoing,2025-01
OCMS-N24001709,,N24001709,BAKHTIYARPUR RAJAULI PKG-II FROM KM 54.405 TO KM 101.630 NH20,NHAI,,ROAD TRANSPORT AND HIGHWAYS,,2020-09,2020-09,2023-04,2024-12,,897.45,1090.0,1037.63,97.85,Ongoing,2025-01
OCMS-N24001711,,N24001711,6L OF KANHAULI RAMNAGAR PATNA RING ROAD PKG I FROM KM 0.000 TO KM 39.160 OF SH78 NEW NH131G,NHAI,,ROAD TRANSPORT AND HIGHWAYS,,2020-09,2020-09,2023-03,2024-12,,939.43,939.43,370.62,100.0,Ongoing,2025-01
OCMS-N24001712,,N24001712,FOUR LANING OF PARARIA TO MOHANIA SECTION OF NH 319 (OLD NH 30) FROM KM. 54+530 (DESIGN CHAINAGE) TO,NHAI,,ROAD TRANSPORT AND HIGHWAYS,,2020-08,2020-08,2023-07,2024-12,,690.0,690.0,770.73,98.8,Ongoing,2025-01
OCMS-N24001715,,N24001715,BALANCE WORK OF TWO LANING WITH PAVED SHOULDER OF PIPRAKOTHI?MOTIHARI- RAXAUL SECTION OF NH-28A FRO,NHAI,,ROAD TRANSPORT AND HIGHWAYS,,2018-12,2018-12,2020-10,2024-01,,333.6,461.41,460.38,100.0,Ongoing,2025-01
OCMS-N24001716,,N24001716,THOPPUR METTUR BHAVANI ERODE SECTION OF NH 544H FOR A LENGTH OF 85 KM,NHAI,,ROAD TRANSPORT AND HIGHWAYS,,2022-07,2022-07,2023-08,2024-12,,186.5,242.4,16.7,95.0,Ongoing,2025-01
OCMS-N24001717,,N24001717,BANGALORE CHENNAI EXPRESSWAY PHASE-III PACKAGE III (ARAKKONAM TO KANCHEEPURAM) FROM KM 204.500 TO K,NHAI,,ROAD TRANSPORT AND HIGHWAYS,,2020-11,2020-11,2024-08,2025-12,,1155.49,1525.1,485.62,52.75,Ongoing,2025-01
OCMS-N24001718,,N24001718,BANGALORE CHENNAI EXPRESSWAY PHASE-III PACKAGE II (WALAJAHPET TO ARAKKONAM) FROM KM 180.000 TO KM 2,NHAI,,ROAD TRANSPORT AND HIGHWAYS,,2020-12,2020-12,2024-07,2025-07,,843.48,1068.6,389.23,90.0,Ongoing,2025-01
OCMS-N24001719,,N24001719,4L BANGALORE-CHENNAI EXPRESSWAY FROM KM. 230.000 TO KM. 261.705 OF KANCHEPURAM TO SRIPERUMBUDUR SECT,NHAI,,ROAD TRANSPORT AND HIGHWAYS,,2021-02,2021-02,2024-07,2025-09,,2948.31,3605.73,728.2,69.95,Ongoing,2025-01
OCMS-N24001720,,N24001720,BANGALORE CHENNAI EXPRESSWAY PHASE-III ? PACKAGE I (GUDIPALA TO WALAJAJHPET) FROM KM 156.000 TO KM 1,NHAI,,ROAD TRANSPORT AND HIGHWAYS,,2020-10,2020-10,2024-05,2025-06,,1023.91,1438.62,574.44,78.01,Ongoing,2025-01
OCMS-N24001721,,N24001721,FOUR LANING OF MAMALLAPURAM TO MUGAIYUR SECTION OF NH332A FROM KM 0.000 TO KM 31.000,NHAI,,ROAD TRANSPORT AND HIGHWAYS,,2019-02,2019-02,2024-05,2026-03,,1008.99,1360.53,169.75,41.2,Ongoing,2025-01
OCMS-N24001722,,N24001722,6L OF MADURAVOYAL TO SRIPERUMBUDUR SECTION FROM KM. 13.800 TO KM. 37.000 OF NH-4 THROUGH STATE HIGH,NHAI,,ROAD TRANSPORT AND HIGHWAYS,,2021-11,2021-11,2023-02,2025-02,,463.44,463.44,331.22,98.5,Ongoing,2025-01
OCMS-N24001723,,N24001723,KARAIPETTAI TO WALAJAPET FROM KM 71.015 TO 107.091,NHAI,,ROAD TRANSPORT AND HIGHWAYS,,2018-10,2018-10,2021-02,2025-04,,707.9,766.51,475.43,85.45,Ongoing,2025-01
OCMS-N24001725,,N24001725,6L OF SRIPERUMBUDUR TO KARAIPETTAI FROM KM 37.000 TO KM 71.015 OF NH 48,NHAI,,ROAD TRANSPORT AND HIGHWAYS,,2019-01,2019-01,2021-05,2025-01,,819.89,922.85,394.75,57.32,Ongoing,2025-01
OCMS-N24001726,,N24001726,4L SPUR OF SHAMLI-MUZZAFARNAGAR CONNECTING NH-709AD (PANIPAT- SHAMLI-MUZAFFARNAGAR) AND NH-58 (MEERUT,NHAI,,ROAD TRANSPORT AND HIGHWAYS,,2023-01,2023-01,2024-08,2024-08,,391.26,391.26,14.12,79.5,Ongoing,2025-01
OCMS-N24001727,,N24001727,"IMPROVEMENT AND UP-GRADATION OF EXISTING ROAD TO 2/4L PS FROM KM 40.000 TO 88.750, START OF KHUTAR B",NHAI,,ROAD TRANSPORT AND HIGHWAYS,,2022-03,2022-03,2025-02,2025-02,,762.62,762.62,460.82,78.56,Ongoing,2025-01
OCMS-N24001728,,N24001728,"IMPROVEMENT AND UP-GRADATION OF EXISTING ROAD TO 4L PS FROM KM 175.080 TO 229.070, FROM END OF HARDO",NHAI,,ROAD TRANSPORT AND HIGHWAYS,,2021-12,2021-12,2025-07,2025-07,,1138.81,1138.81,440.25,98.5,Ongoing,2025-01
OCMS-N24001729,,N24001729,4L SPUR OF PANIPAT - SHAMLI CONNECTING NH-709AD (PANIPAT ? SHAMLI ? MUZAFFARNAGAR) AND NH- 709A (KARN,NHAI,,ROAD TRANSPORT AND HIGHWAYS,,2022-08,2022-08,2024-04,2025-03,,326.79,329.79,105.11,86.0,Ongoing,2025-01
OCMS-N24001730,,N24001730,4L FROM GAJU VILLAGE AT KM 32.982 TO DEVINAGAR BYPASS (END) AT KM 208.000 OF NH 530B (PKG 1C),NHAI,,ROAD TRANSPORT AND HIGHWAYS,,2021-12,2021-12,2025-01,2025-03,,1384.79,1384.79,657.94,97.98,Ongoing,2025-01
OCMS-N24001731,,N24001731,6L GREENFIELD KANPUR - LUCKNOW (EXPRESSWAY) PKG II FROM KM. 28.500 TO KM. 73.744,NHAI,,ROAD TRANSPORT AND HIGHWAYS,,2021-12,2021-12,2025-05,2025-05,,2470.64,2335.0,613.44,75.5,Ongoing,2025-01
OCMS-N24001732,,N24001732,"IMPROVEMENT AND UP-GRADATION OF EXISTING ROAD TO 4L PS FROM KM 229.070 TO 260.800, END OF HARDOI DIS",NHAI,,ROAD TRANSPORT AND HIGHWAYS,,2021-12,2021-12,2024-10,2025-04,,540.97,540.97,241.5,74.58,Ongoing,2025-01
OCMS-N24001733,,N24001733,6L ACCESS CONTROLLED GREENFIELD HIGHWAY OF JUNCTION OF EPE (VILL.- MAVIKALAN) TO VILL.-LOHADDA FROM K,NHAI,,ROAD TRANSPORT AND HIGHWAYS,,2022-03,2022-03,2024-08,2025-04,,1602.48,1602.48,372.73,82.0,Ongoing,2025-01
OCMS-N24001734,,N24001734,6L ACCESS CONTROL GREENFIELD HIGHWAY OF VILL-LOHADDA TO VILL- KARAUNDA MAHAJAN FROM KM. 27.000 TO KM.,NHAI,,ROAD TRANSPORT AND HIGHWAYS,,2022-03,2022-03,2024-08,2025-04,,1335.45,1335.45,382.09,74.0,Ongoing,2025-01
OCMS-N24001735,,N24001735,6L ACCESS CONTROL GREENFIELD HIGHWAY OF VILL-KHYAWARI TO VILL- LATIFPUR AT SAHARANPUR BYPASS FROM KM,NHAI,,ROAD TRANSPORT AND HIGHWAYS,,2022-03,2022-03,2024-08,2025-04,,1428.19,1428.19,462.53,80.0,Ongoing,2025-01
OCMS-N24001736,,N24001736,6L ACCESS CONTROL GREENFIELD HIGHWAY OF VILL-KARAUNDA MAHAJAN TO VILL-KHYAWARI FROM KM. 56.500 TO K,NHAI,,ROAD TRANSPORT AND HIGHWAYS,,2022-01,2022-01,2024-08,2025-04,,1159.96,1159.96,510.48,98.0,Ongoing,2025-01
OCMS-N24001737,,N24001737,"4LPS OF MUZAFFARNAGAR TO MIRANPUR SECTION OF NH-709AD, PKG- III",NHAI,,ROAD TRANSPORT AND HIGHWAYS,,2021-11,2021-11,2024-04,2024-04,,923.15,923.15,455.61,97.73,Ongoing,2025-01
OCMS-N24001738,,N24001738,"2LPS OF BIJNOR TO KOTAWALI SECTION OF NH-709AD, PKG-IV",NHAI,,ROAD TRANSPORT AND HIGHWAYS,,2021-09,2021-09,2023-10,2024-12,,300.79,300.79,122.56,64.36,Ongoing,2025-01
OCMS-N24001739,,N24001739,REHABILITATION and UPGRADATION FROM 2 LANE TO 4 LANE OF NH STRETCH UNDER BHARATMALA PARIYOJANA FOR U,NHAI,,ROAD TRANSPORT AND HIGHWAYS,,2019-10,2019-10,2023-11,2024-12,,1779.83,2200.0,1066.0,99.8,Ongoing,2025-01
OCMS-N24001744,,N24001744,"4L OF SHAMLI BYAPSS- SAHARANPUR FROM KM 92.2 TO KM 155.025 SECTION OF NH-709B, PKG-II",NHAI,,ROAD TRANSPORT AND HIGHWAYS,,2019-05,2019-05,2022-11,2025-03,,779.17,779.17,54.69,96.45,Ongoing,2025-01
OCMS-N24001745,,N24001745,KANPUR LUCKNOW EXPRESSWAY PKG- 1 CONSTRUCTION OF 6-LANE TO EIGHT LANE OF KANPUR LUCKNOW EXPRESSWAY (N,NHAI,,ROAD TRANSPORT AND HIGHWAYS,,2021-12,2021-12,2025-07,2025-07,,1972.1,1936.0,431.5,57.25,Ongoing,2025-01
OCMS-N24001746,,N24001746,2-LANE EXISTING RAMPUR BYPASS OF RAMPUR TO BE DEVELOPED TO 4-LANE ON EPC MODE IN THE STATE OF UTTAR,NHAI,,ROAD TRANSPORT AND HIGHWAYS,,2021-03,2021-03,2024-04,2025-03,,364.47,364.47,164.4,82.44,Ongoing,2025-01
OCMS-N24001747,,N24001747,SIX LANE OF PALSIT TO DANKUNI SECTION FROM 588.870 TO KM. 652.700,NHAI,,ROAD TRANSPORT AND HIGHWAYS,,2020-03,2020-03,2024-09,2024-09,,2193.23,2314.0,2048.0,88.78,Ongoing,2025-01
OCMS-N24001748,,N24001748,SIX LANING OF NATIONAL CORRIDOR NH19 FROM PANAGARH TO PALSIT IN THE STATE OF WEST BENGAL UNDER BHARA,NHAI,,ROAD TRANSPORT AND HIGHWAYS,,2021-03,2021-03,2024-09,2025-06,,2200.93,2614.86,2614.86,95.34,Ongoing,2025-01
OCMS-N24001749,,N24001749,FOUR LANING OF PURULIYA BYPASS SECTION OF NH 32 IN THE STATE OF WEST BENGAL ON EPC MODE,NHAI,,ROAD TRANSPORT AND HIGHWAYS,,2021-08,2021-08,2023-08,2025-03,,557.55,557.55,472.82,91.41,Ongoing,2025-01
OCMS-N24001750,,N24001750,CONSTRUCTION OF NEW 4 LANE BRIDGE OVER RIVER GANGA AT DOWNSTREAM OF FARAKKA BARRAGE INCLUDING APPROA,NHAI,,ROAD TRANSPORT AND HIGHWAYS,,2018-08,2018-08,2021-12,2025-07,,622.04,622.04,521.47,83.6,Ongoing,2025-01
OCMS-N24001753,,N24001753,4 LANING OF NAJIBABAD BYPASS OF NH- 119 FROM KM. 105.423 TO KM. 118.373 (EXCLUDING 2.45 KM. OF NH-74,NHAI,,ROAD TRANSPORT AND HIGHWAYS,,2022-02,2022-02,2024-06,2025-02,,570.98,578.02,371.14,90.1,Ongoing,2025-01
OCMS-N24001754,,N24001754,SPUR OF MEERUT-GARH-MUKTESHWAR SECTION(NH-709A) CONNECTING NH-119 AND NH-58 BYPASSING MEERUT TOWN,NHAI,,ROAD TRANSPORT AND HIGHWAYS,,2022-01,2022-01,2024-10,2024-10,,953.79,953.79,384.66,48.55,Ongoing,2025-01
OCMS-N24001755,,N24001755,4-LANING OF MEERUT NAJIBABAD SECTION FROM KM. 11.500 TO KM 39.250 AND KM 86.590 TO KM. 112.545.IN TH,NHAI,,ROAD TRANSPORT AND HIGHWAYS,,2019-10,2019-10,2023-03,2024-12,,1936.68,2458.03,1380.9,98.8,Ongoing,2025-01
OCMS-N24001756,,N24001756,4L OF UJJAIN TO BADNAWAR FROM KM 26.900 TO KM 96.00 OF NH-752D,NHAI,,ROAD TRANSPORT AND HIGHWAYS,,2020-10,2020-10,2024-10,2025-03,,1352.56,1480.94,838.62,99.9,Ongoing,2025-01
OCMS-N24001758,,N24001758,4L OF SUHAGADI TO BARDIYA AMRA FROM KM. 89.200 TO KM. 135.351 OF NH- 752D (PKG-III),NHAI,,ROAD TRANSPORT AND HIGHWAYS,,2020-01,2020-01,2024-10,2025-02,,823.05,823.05,402.78,100.0,Ongoing,2025-01
OCMS-N24001759,,N24001759,4L OF CHANDESARA TO KHEDAKHAJURIYA FROM KM. 0.000 TO (- ) 750 AND KM 0.000 TO KM 41.400 OF NH- 752D,NHAI,,ROAD TRANSPORT AND HIGHWAYS,,2020-01,2020-01,2024-06,2025-03,,909.84,909.84,462.58,91.4,Ongoing,2025-01
OCMS-N24001761,,N24001761,4L OF HARDA - BETUL (PKG-II) FROM KM. 30.00 TO KM.81.00 [TEMAGAON TO CHICHOLI],NHAI,,ROAD TRANSPORT AND HIGHWAYS,,2023-02,2023-02,2025-02,2025-02,,520.28,520.28,392.85,100.0,Ongoing,2025-01
OCMS-N24001762,,N24001762,INDORE - HARDA (PKG-III) [NANASA TO PIDGAON SECTION FROM KM 95.000 TO KM 142.445],NHAI,,ROAD TRANSPORT AND HIGHWAYS,,2021-10,2021-10,2024-01,2024-12,,1146.22,1146.22,569.4,90.3,Ongoing,2025-01
OCMS-N24001765,,N24001765,"ADDITIONAL WORKS (2VUPS, MR-10 JUNCTION FLYOVER AND UNDERPASS) IN SIX LANE INDORE-DEWAS SECTION OF N",NHAI,,ROAD TRANSPORT AND HIGHWAYS,,2022-08,2022-08,2024-07,2025-05,,207.77,207.77,52.83,39.75,Ongoing,2025-01
OCMS-N24001766,,N24001766,INDORE - HARDA (PKG-I) [INDORE TO RAGHAV GARH FROM KM. 0.25 TO KM. 26.903],NHAI,,ROAD TRANSPORT AND HIGHWAYS,,2022-01,2022-01,2024-10,2025-05,,1011.29,1011.29,171.0,47.48,Ongoing,2025-01
OCMS-N24001767,,N24001767,4L OF INDORE - BOREGAON (PKG-III) [BALWARA TO DHANGAON] FROM KM. 42.260 TO KM. 82.660 OF NH347BG AND,NHAI,,ROAD TRANSPORT AND HIGHWAYS,,2021-01,2021-01,2024-04,2024-04,,1001.69,1001.69,502.69,79.5,Ongoing,2025-01
OCMS-N24001768,,N24001768,BALANCE WORK OF 4L OF INDORE- GUJARAT/MP BORDER FROM KM 106.210 TO KM 115.250 (START AND END POINT OF,NHAI,,ROAD TRANSPORT AND HIGHWAYS,,2019-08,2019-08,2023-04,2023-11,,323.51,323.51,51.96,100.0,Ongoing,2025-01
OCMS-N24001770,,N24001770,4L OF OBEDULLGANJ - BUDNI SECTION FROM KM. 8.400 TO KM. 20.700 IN RATANPANI WILDLIFE AREA OF NH - 69,NHAI,,ROAD TRANSPORT AND HIGHWAYS,,2022-02,2022-02,2024-03,2024-12,,417.51,417.51,252.29,80.98,Ongoing,2025-01
OCMS-N24001771,,N24001771,SIX LANE ACCESS CONTROLLED OF DELHI SAHARANPUR HIGHWAY FROM AKSHARDHAM NH 9 JUNCTION TO DELHI UP BOR,NHAI,,ROAD TRANSPORT AND HIGHWAYS,,2020-06,2020-06,2024-12,2024-12,,1479.22,1479.22,1491.26,99.0,Ongoing,2025-01
OCMS-N24001772,,N24001772,4 LANE CONNECTOR FROM DELHI MEERUT EXPRESSWAY KM 50.000 TO KM 8.520 OF NH 235 IN THE STATE OF UTTAR,NHAI,,ROAD TRANSPORT AND HIGHWAYS,,2021-08,2021-08,2024-03,2024-12,,1147.26,1147.26,81.34,48.0,Ongoing,2025-01
OCMS-N24001773,,N24001773,6L ACCESS CONTROLLED HIGHWAY FROM DND MAHARANI BAGH JN. WITH JAITPUR PUSHTA ROAD OF NH 148NA FROM,NHAI,,ROAD TRANSPORT AND HIGHWAYS,,2020-05,2020-05,2024-07,2025-09,,1467.44,1942.89,1113.16,82.43,Ongoing,2025-01
OCMS-N24001774,,N24001774,CONSTRUCTION OF GURGAON - PATAUDI - REWARI SECTION OF NH- 352W (DESIGN LENGTH 46.11 KM) AS FEEDER ROU,NHAI,,ROAD TRANSPORT AND HIGHWAYS,,2020-12,2020-12,2023-11,2024-06,,1524.03,1524.03,1092.84,61.25,Ongoing,2025-01
OCMS-N24001775,,N24001775,CONSTRUCTION OF PROPOSED REWARI BYPASS (DESIGN LENGTH 14.4 KM) NH- 11 AS A FEEDER ROUTE IN THE STATE,NHAI,,ROAD TRANSPORT AND HIGHWAYS,,2020-02,2020-02,2023-01,2024-12,,808.31,958.0,850.55,99.79,Ongoing,2025-01
OCMS-N24001777,,N24001777,DEVELOPMENT OF 6L UER-II (PACKAGE- I) (NH-1 NEAR BAKOLI TILL KARALA KANJHAWALA ROAD) FROM KM. (-)0.70,NHAI,,ROAD TRANSPORT AND HIGHWAYS,,2020-07,2020-07,2023-10,2025-06,,2171.8,2171.8,958.13,99.75,Ongoing,2025-01
OCMS-N24001778,,N24001778,DEVELOPMENT OF 4L UER II [PACKAGE - V] (SPUR TO BAHADURGARH BYPASS) (NH-10) FROM KM. 0.00 TO KM.7.30,NHAI,,ROAD TRANSPORT AND HIGHWAYS,,2020-07,2020-07,2023-10,2024-12,,801.46,801.46,382.03,99.33,Ongoing,2025-01
OCMS-N24001779,,N24001779,DWARKA EXPRESSWAY FROM KM -0.600 TO KM 5.300 - PKG-I (SHIVMURTI CHOWK- RUB NEAR DWARKA SECTOR 21),NHAI,,ROAD TRANSPORT AND HIGHWAYS,,2018-03,2018-03,2022-09,2025-06,,2507.0,3030.73,1155.7,86.75,Ongoing,2025-01
OCMS-N24001780,,N24001780,DWARKA EXPRESSWAY PKG-III (DELHI/HR BORDER TO START OF ROB GURUGRAM),NHAI,,PETROLEUM,,,,2020-11,2020-11,,2228.0,2228.0,1628.6,100.0,Completed,2025-01
OCMS-N24001781,,N24001781,8L OF DWARKA EXPRESSWAY PKG-II (RUB NEAR DWARKA SECTOR 21-DL/HR BORDER) FROM 5.300 KM.TO 9.500 KM. O,NHAI,,ROAD TRANSPORT AND HIGHWAYS,,2018-01,2018-01,2021-10,2025-03,,2067.67,2160.0,1496.49,98.5,Ongoing,2025-01
OCMS-N24001783,,N24001783,CONSTRUCTION OF 8LANE EXPRESSWAY NE4 STARTING BEFORE KMP EXPRESSWAY AND ENDS AT CH. 47+000 NEAR KHAN,NHAI,,ROAD TRANSPORT AND HIGHWAYS,,2018-11,2018-11,2021-09,2025-02,,2252.75,2252.75,1223.07,99.95,Ongoing,2025-01
OCMS-N24001785,,N24001785,UP-GRADATION TO 4-LANE WITH PAVED SHOULDER OF BHIMASAR JUNCTION OF NH-41 TO ANJAR BHUJ UPTO AIRPORT,NHAI,,ROAD TRANSPORT AND HIGHWAYS,,2022-03,2022-03,2025-06,2025-06,,1373.06,1373.06,532.24,66.82,Ongoing,2025-01
OCMS-N24001786,,N24001786,CONSTRUCTION OF EIGHT LANE ACCESS CONTROLLED EXPRESSWAY FROM KM 103.400 TO KM 128.000 OF VADODARA MU,NHAI,,ROAD TRANSPORT AND HIGHWAYS,,2021-03,2021-03,2024-03,2025-09,,1259.0,1910.0,195.15,26.68,Ongoing,2025-01
OCMS-N24001788,,N24001788,CONSTRUCTION OF EIGHT LANE ACCESS CONTROLLED EXPRESSWAY FROM KM 217.500 TO KM 254.430 OF VADODARA MU,NHAI,,ROAD TRANSPORT AND HIGHWAYS,,2020-07,2020-07,2023-12,2025-02,,2271.86,3916.0,1053.53,97.4,Ongoing,2025-01
OCMS-N24001789,,N24001789,CONSTRUCTION OF EIGHT LANE EXPRESSWAY FROM KM 190.000 TO KM 217.500 GANDEVA TO ENA SECTION OF VADODA,NHAI,,ROAD TRANSPORT AND HIGHWAYS,,2020-07,2020-07,2023-08,2025-03,,1710.3,1927.0,650.04,85.73,Ongoing,2025-01
OCMS-N24001790,,N24001790,SANCHORE - SANTALPUR FROM KM 67.000- KM 99.000 OF NH-754K (AJ-RGBS- PACKAGE-3),NHAI,,ROAD TRANSPORT AND HIGHWAYS,,2020-02,2020-02,2023-08,2024-12,,752.3,766.2,451.11,98.14,Ongoing,2025-01
OCMS-N24001791,,N24001791,SANCHORE - SANTALPUR FROM KM 4.888 - KM 35.000 OF NH-754K (AJ-RGBS- PACKAGE-1),NHAI,,ROAD TRANSPORT AND HIGHWAYS,,2020-02,2020-02,2023-06,2024-05,,606.51,657.0,453.89,98.99,Ongoing,2025-01
OCMS-N24001792,,N24001792,4L OF BAL WORKS OF TALAJA - MAHUVA FROM 54.990 KM. TO 100.450 KM. OF OLD NH-8E (PACKAGE-II),NHAI,,ROAD TRANSPORT AND HIGHWAYS,,2021-03,2021-03,2022-09,2025-01,,536.03,536.03,465.77,99.48,Ongoing,2025-01
OCMS-N24001793,,N24001793,4L OF BAL WORKS OF MAHUVA TO KAGVADAR FROM 100.450 KM. TO 140.470 KM. OF NH-8E (PKG- III),NHAI,,ROAD TRANSPORT AND HIGHWAYS,,2021-03,2021-03,2022-09,2025-04,,485.75,485.75,385.38,97.3,Ongoing,2025-01
OCMS-N24001794,,N24001794,SANCHORE - SANTALPUR FROM KM 99.000- KM 130.073 OF NH-754K (AJ- RGBS-PACKAGE-4),NHAI,,ROAD TRANSPORT AND HIGHWAYS,,2020-02,2020-02,2023-03,2024-12,,778.15,785.67,547.22,99.7,Ongoing,2025-01
OCMS-N24001795,,N24001795,FOUR LANING OF AURANGABAD- PAITHAN SECTION OF NH-752E ON EPC MODE IN THE STATE OF MAHARASHTRA .,NHAI,,ROAD TRANSPORT AND HIGHWAYS,,2022-10,2022-10,2024-07,2024-12,,490.4,289.0,275.78,88.0,Ongoing,2025-01
OCMS-N24001796,,N24001796,4L OF RAJURA-KORPANA-ADILABAD ROAD UPTO M.S. BORDER FROM KM 32.910 TO KM 89.090 OF NH-353B,NHAI,,ROAD TRANSPORT AND HIGHWAYS,,2022-03,2022-03,2024-10,2025-04,,1013.33,1111.33,355.07,62.01,Ongoing,2025-01
OCMS-N24001797,,N24001797,6L OF WAINGANGA BRIDGE - BHANDARA,INCLUDING BHANDARA BYPASS,,ROAD TRANSPORT AND HIGHWAYS,,2021-10,2021-10,2024-01,2025-03,,815.77,815.77,671.66,94.83,Ongoing,2025-01
OCMS-N24001798,,N24001798,4L MITIGATION MEASURE STRUCTURES ON CH/MH BORDER TO WAINGANGA BRIDGE SECTION OF NH-53,NHAI,,ROAD TRANSPORT AND HIGHWAYS,,2021-02,2021-02,2023-11,2025-02,,540.21,540.21,433.66,98.98,Ongoing,2025-01
OCMS-N24001799,,N24001799,4L OF NAGPUR-KATOL SECTION FROM KM. 13.00 TO KM. 62.900 OF NH-353J,NHAI,,ROAD TRANSPORT AND HIGHWAYS,,2021-02,2021-02,2023-10,2025-03,,1166.96,1251.0,1064.43,80.33,Ongoing,2025-01
OCMS-N24001804,,N24001804,BAL. WORKS OF FAGNE (KM. 510.000) TO MAHARASHTRA/GUJARAT BORDER (KM. 650.794),NHAI,,ROAD TRANSPORT AND HIGHWAYS,,2019-12,2019-12,2022-09,2024-06,,1654.07,980.0,835.19,95.18,Ongoing,2025-01
OCMS-N24001808,,N24001808,REHABILITATION AND UPGRADING FROM 2 L TO 4 L FROM BHANGBAR(NEAR RANITAL) TO KANGRA BYPASS SECTION OF,NHAI,,ROAD TRANSPORT AND HIGHWAYS,,2021-03,2021-03,2024-12,2024-12,,1322.95,1442.47,886.42,91.48,Ongoing,2025-01
OCMS-N24001809,,N24001809,CONVERSION OF PARTIALLY EXCAVATED ESCAPE TUNNEL TO UNIDIRECTIONAL TWO LANE TUNNEL (INCLUDING CONSTRU,NHAI,,ROAD TRANSPORT AND HIGHWAYS,,2022-05,2022-05,2024-03,2024-12,,469.95,280.0,299.33,95.68,Ongoing,2025-01
OCMS-N24001810,,N24001810,4L SUNDER NAGAR BYPASS FROM KM173.900 TO KM 179.600 OF NH-21 IN THE STATE OF HP,NHAI,,ROAD TRANSPORT AND HIGHWAYS,,2022-02,2022-02,2024-06,2024-06,,190.6,163.0,103.48,100.0,Ongoing,2025-01
OCMS-N24001811,,N24001811,4L OF MO - SIHUNI FROM KM. 42.00 TO KM. 51.00 OF OLD NH-20 (NEW NH-154),PACKAGE-IB,,ROAD TRANSPORT AND HIGHWAYS,,2021-04,2021-04,2024-06,2025-03,,583.93,704.3,171.22,98.21,Ongoing,2025-01
OCMS-N24001812,,N24001812,4L OF HP/PUNJAB BO4L OF HP/PUNJAB BORDER - MO FROM KM. 11.00 TO KM. 42.00 OF OLD NH-20 (NEW NH-154),NHAI,,ROAD TRANSPORT AND HIGHWAYS,,2021-03,2021-03,2024-05,2025-12,,1002.11,1361.79,189.65,43.39,Ongoing,2025-01
OCMS-N24001813,,N24001813,4L OF END OF PINJORE BYPASS - BADDI - NALAGARH SECTION (KM. 4.200 TO KM. 35.370) OF NH21A,NHAI,,ROAD TRANSPORT AND HIGHWAYS,,2021-07,2021-07,2024-09,2024-09,,1692.05,1692.05,942.14,21.6,Ongoing,2025-01
OCMS-N24001815,,N24001815,"4L BYPASSES FOR JAGATPUR, B4ABUGANJ, UNCHAHAR, ALAPUR BYPASS, AND SAI RIVER BRIDGE OF RAEBARELI- PRA",NHAI,,ROAD TRANSPORT AND HIGHWAYS,,2022-12,2022-12,2024-11,2024-11,,1699.0,1699.0,64.39,97.6,Ongoing,2025-01
OCMS-N24001817,,N24001817,6L OF CHILKARARUPET BYPASS FROM KM. 357.400 TO KM. 371.920 OF NH-16,NHAI,,ROAD TRANSPORT AND HIGHWAYS,,2019-02,2019-02,2023-03,2024-10,,757.45,757.45,593.27,95.02,Ongoing,2025-01
OCMS-N24001818,,N24001818,6L OF PONDAVAKKAM TO KANNIGAIPAIR FROM KM 96.040 TO KM 116.100 OF NH 716B (PKG-IV),NHAI,,ROAD TRANSPORT AND HIGHWAYS,,2021-02,2021-02,2025-01,2025-01,,818.73,1105.0,529.33,22.1,Ongoing,2025-01
OCMS-N24001819,,N24001819,6L OF VEERA KAVERI RAJA PURAM TO PONDAVAKKAM FROM KM 61.380 TO KM 96.040 OF NH 716B (PKG-III),NHAI,,ROAD TRANSPORT AND HIGHWAYS,,2021-03,2021-03,2025-01,2025-01,,1102.63,1303.0,1029.44,86.7,Ongoing,2025-01
OCMS-N24001820,,N24001820,6L OF VARADHARAJULA TO KUMARAJAPET FROM KM 0.000 TO KM 43.800 OF NH-716B (PKG-I),NHAI,,ROAD TRANSPORT AND HIGHWAYS,,2021-02,2021-02,2024-12,2024-12,,1484.83,1768.0,1346.84,78.78,Ongoing,2025-01
OCMS-N24001821,,N24001821,BANGALORE CHENNAI EXPRESSWAY (PHASE-II PKG-III) FROM KM.127.000 TO KM 156.000 (BANGARUPALEM TO GUDIP,NHAI,,ROAD TRANSPORT AND HIGHWAYS,,2020-11,2020-11,2024-10,2024-10,,1137.74,1289.0,966.72,90.08,Ongoing,2025-01
OCMS-N24001822,,N24001822,BANGALORE CHENNAI EXPRESSWAY (PHASE-II PKG-I) FROM KM.71.000 TO KM 96.000 (BETHAMANGALA IN THE STATE,NHAI,,ROAD TRANSPORT AND HIGHWAYS,,2020-12,2020-12,2024-10,2024-10,,1075.27,1307.0,840.36,69.45,Ongoing,2025-01
OCMS-N24001823,,N24001823,4L OF MADANAPALLE TO PILERU SECTION FROM KM 0.000 TO KM 55.900 OF NH-71(PACKAGE-I) - N/05060/01002/A,NHAI,,ROAD TRANSPORT AND HIGHWAYS,,2022-01,2022-01,2025-01,2025-01,,1852.12,1787.0,687.2,76.9,Ongoing,2025-01
OCMS-N24001824,,N24001824,RENIGUNTA - POYYA - NAIDUPETA KM 124.60 TO KM 183.4 OF NH 71 - N/04027/06001/AP,NHAI,,ROAD TRANSPORT AND HIGHWAYS,,2020-03,2020-03,2024-01,2024-12,,1863.09,2238.0,1227.61,97.06,Ongoing,2025-01
OCMS-N24001825,,N24001825,DEVELOPMENT OF 6L UER II [PACKAGE - II] (KARALA KANJHAWALA ROAD TILL NANGLOI - NAJAFGARH ROAD) FROM,NHAI,,ROAD TRANSPORT AND HIGHWAYS,,2020-07,2020-07,2023-10,2025-06,,1894.96,1894.96,741.88,88.1,Ongoing,2025-01
OCMS-N24001826,,N24001826,VARANASI RING ROAD (PKG-II) CONNECTING SANDAHA VILLAGE (KM 11.70 / NH-29) WITH REVASA VILLAGE (KM 81,NHAI,,ROAD TRANSPORT AND HIGHWAYS,,2019-02,2019-02,2022-02,2024-12,,927.77,1603.0,1202.77,79.45,Ongoing,2025-01
OCMS-N24001827,,N24001827,4L KODINAR - VERAVAL (PACKAGE VI) FROM KM. 222.400 TO KM. 230.00 (KODINAR BYPASS) OF NH-8E (NH 51 NE,NHAI,,ROAD TRANSPORT AND HIGHWAYS,,2022-03,2022-03,2023-03,2025-02,,162.73,162.73,131.79,95.3,Ongoing,2025-01
OCMS-N24001828,,N24001828,CONSTRUCTION OF BYPASS TO GUDIYATHAM TOWN IN KM 23/100 ? 29/250 INCLUDING LA AND SHIFTING OF NH-234,MoRTH,,ROAD TRANSPORT AND HIGHWAYS,,2022-01,2022-01,2024-11,2025-03,,221.03,243.95,149.75,80.0,Ongoing,2025-01
OCMS-N24001829,,N24001829,FOUR LANING OF OTTANCHATRAM TO PALANI SECTION FROM KM 30/700 TO KM 55/000 OF NH 209(NEW NH-83) INCLU,MoRTH,,ROAD TRANSPORT AND HIGHWAYS,,2022-10,2022-10,2024-11,2025-03,,172.15,172.15,124.3,95.0,Ongoing,2025-01
OCMS-N24001830,,N24001830,SIX LANE ACCESS CONTROLLED OF DELHI SAHARANPUR HIGHWAY FROM DELHI UP BORDER TO EPE JUNCTION CH.14.75,NHAI,,ROAD TRANSPORT AND HIGHWAYS,,2020-06,2020-06,2023-11,2024-12,,2002.79,2002.79,1989.85,99.0,Ongoing,2025-01
OCMS-N24001831,,N24001831,SRIRAMPUR - DHUBRI PKG-1,NHIDCL,,ROAD TRANSPORT AND HIGHWAYS,,,,,2026-11,,613.89,613.89,18.59,5.1,Ongoing,2025-01
OCMS-N24001832,,N24001832,DIBRUGARH-LAHOAL-CHABUA BYPASS PACKAGE-3,NHIDCL,,ROAD TRANSPORT AND HIGHWAYS,,2023-01,2023-01,2025-05,2025-05,,458.59,458.59,168.68,48.89,Ongoing,2025-01
OCMS-N24001833,,N24001833,JAMMU - AKHNOOR SECTION OF NH 144A PKG-3B,NHIDCL,,ROAD TRANSPORT AND HIGHWAYS,,2022-07,2022-07,2025-03,2025-08,,198.28,198.28,77.0,64.22,Ongoing,2025-01
OCMS-N24001834,,N24001834,4L OF RATNAGIRI - KOLHAPUR SECTION FROM KM 67.140 TO KM 112.340 OF NH- 166 (PKG ? II),NHAI,,ROAD TRANSPORT AND HIGHWAYS,,2023-05,2023-05,2025-05,2025-05,,839.0,839.0,433.13,45.75,Ongoing,2025-01
OCMS-N24001835,,N24001835,4L OF RATNAGIRI - KOLHAPUR SECTION FROM KM 112.340 TO KM 145.300 OF NH- 166 (PKG?III),NHAI,,ROAD TRANSPORT AND HIGHWAYS,,2023-05,2023-05,2025-05,2025-05,,986.0,986.0,387.44,44.1,Ongoing,2025-01
OCMS-N24001836,,N24001836,6L KANTAKAPALLE ? SABBAVARAM SECTION OF NH-130CD ROAD FROM KM 445.100 TO KM 464.662 (PKG-4),NHAI,,ROAD TRANSPORT AND HIGHWAYS,,2021-02,2021-02,2024-10,2025-12,,824.29,924.0,391.85,64.9,Ongoing,2025-01
OCMS-N24001837,,N24001837,6L JAKKUVA ? KORLAM SECTION OF NH- 130CD ROAD FROM KM 396.800 TO KM 421.100 (PKG 2),NHAI,,ROAD TRANSPORT AND HIGHWAYS,,2021-02,2021-02,2024-03,2025-03,,663.6,768.0,342.92,97.74,Ongoing,2025-01
OCMS-N24001838,,N24001838,6L ALURU - JAKKUVA SECTION OF NH- 130CD ROAD FROM KM 365.033 TO KM 396.800 (PKG. 1),NHAI,,ROAD TRANSPORT AND HIGHWAYS,,2021-02,2021-02,2024-03,2025-04,,922.5,1128.68,421.63,75.02,Ongoing,2025-01
OCMS-N24001840,,N24001840,CONSTRUCTION OF MANGALDOI BYPASS (NH-15) STARTING AT CH 26+400 AND TERMINATING AT CH 41+505 UNDER RA,MoRTH,,ROAD TRANSPORT AND HIGHWAYS,,2022-03,2022-03,2025-04,2025-04,,535.03,535.03,9.62,15.0,Ongoing,2025-01
OCMS-N24001841,,N24001841,6L ACCESS CONTROLLED GREENFIELD HIGHWAY FROM KODUR 0.000 KMS TO VANAVOLU 24.300 KMS OF NH 544G PACKA,NHAI,,ROAD TRANSPORT AND HIGHWAYS,,2022-12,2022-12,2025-09,2026-02,,912.94,912.94,179.07,37.21,Ongoing,2025-01
OCMS-N24001842,,N24001842,6L ACCESS CONTROLLED GREENFIELD HIGHWAY FROM VANAVOLU 24.300 KM. TO VANKARAKUNTA 45.700 KM. OF NH 5,NHAI,,ROAD TRANSPORT AND HIGHWAYS,,2022-12,2022-12,2025-11,2025-11,,750.81,750.81,122.5,31.24,Ongoing,2025-01
OCMS-N24001843,,N24001843,6L ACCESS CONTROLLED GREENFIELD HIGHWAY FROM VANKARAKUNTA 45.700 KM. TO ODULAPALLE 72.000 KM. OF NH,NHAI,,ROAD TRANSPORT AND HIGHWAYS,,2022-12,2022-12,2025-11,2025-11,,992.89,992.89,128.64,26.12,Ongoing,2025-01
OCMS-N24001844,,N24001844,6L ACCESS CONTROLLED GREENFIELD HIGHWAY FROM ODULAPALLE 72.000 KM. TO NALLACHERUVUPALLI 96.300 KM.,NHAI,,ROAD TRANSPORT AND HIGHWAYS,,2022-12,2022-12,2025-10,2025-10,,1058.9,1058.9,210.57,31.3,Ongoing,2025-01
OCMS-N24001845,,N24001845,6L ACCESS CONTROLLED GREENFIELD HIGHWAY FROM NALLACHERUVU PALLI 96.300 KM. TO YERRAGUDIPADU 129.000,NHAI,,ROAD TRANSPORT AND HIGHWAYS,,2023-02,2023-02,2025-10,2025-10,,1253.24,1253.24,113.4,7.2,Ongoing,2025-01
OCMS-N24001846,,N24001846,6L ACCESS CONTROLLED GREENFIELD HIGHWAY FROM YERRAGUDIPADU 129.000 KM. TO AUDIREDDIPALLE 160.000 KM.,NHAI,,ROAD TRANSPORT AND HIGHWAYS,,2023-02,2023-02,2025-10,2025-10,,1200.42,1200.42,57.89,3.2,Ongoing,2025-01
OCMS-N24001847,,N24001847,6L ACCESS CONTROLLED GREENFIELD HIGHWAY FROM AUDIREDDIPALLE 160.000 KM. TO MALLAPALLE 176.000 KM. PA,NHAI,,ROAD TRANSPORT AND HIGHWAYS,,2023-01,2023-01,2025-11,2025-11,,956.14,956.14,136.5,26.9,Ongoing,2025-01
OCMS-N24001848,,N24001848,6L ACCESS CONTROLLED GREENFIELD HIGHWAY FROM MALLAPALLE 176.000 KM. TO KAVULAKUNTLA 196.000 KM. PACK,NHAI,,ROAD TRANSPORT AND HIGHWAYS,,2023-02,2023-02,2025-10,2025-10,,909.02,909.02,64.45,7.85,Ongoing,2025-01
OCMS-N24001849,,N24001849,4L PS MYDUKUR BADVEL FROM KM 585.820 TO KM 630.960 SECTION OF NH 67,NHAI,,ROAD TRANSPORT AND HIGHWAYS,,2022-05,2022-05,2025-07,2025-09,,1063.72,1063.72,387.3,59.94,Ongoing,2025-01
OCMS-N24001850,,N24001850,DEVELOPMENT TO 4/6-LANNING OF NH- 31 (NEW NH-10) WITH BOTH SIDE SERVICE ROADS FROM KM 569.258 TO KM 5,MoRTH,,ROAD TRANSPORT AND HIGHWAYS,,2022-03,2022-03,2025-09,2025-09,,995.04,995.04,336.05,39.07,Ongoing,2025-01
OCMS-N24001851,,N24001851,4L FROM MATHURA BYPASS (START) AT EXISTING KM. 154.20 OF NH-44 TO GAJU VILLAGE AT KM 32.982 OF NH-53,NHAI,,ROAD TRANSPORT AND HIGHWAYS,,2022-01,2022-01,2025-03,2025-03,,1738.2,1738.2,742.13,65.0,Ongoing,2025-01
OCMS-N24001852,,N24001852,6L OF AGRA BYPASS (NORTHERN) CONNECTING KM. 174.500 OF NH-2 (NEW NH-19) TO KM. 141.000 OF YAMUNA EXP,NHAI,,ROAD TRANSPORT AND HIGHWAYS,,2021-10,2021-10,2025-02,2025-02,,957.62,957.62,832.8,86.0,Ongoing,2025-01
OCMS-N24001853,,N24001853,CONSTRUCTION OF LEFT OUT PORTION OF AGRA INNER RING ROAD CONNECTING VILLAGE DEORI TO NH-44 VILLAGE B,NHAI,,ROAD TRANSPORT AND HIGHWAYS,,2021-10,2021-10,2024-09,2025-03,,772.05,772.05,593.39,67.5,Ongoing,2025-01
OCMS-N24001854,,N24001854,FOUR LANING WITH PAVED SHOULDER OF SECTION FROM KM 53.600 (GOLA ON NH-320) TO KM 81.446 (ORMANJHI ON,NHAI,,ROAD TRANSPORT AND HIGHWAYS,,2023-06,2023-06,2025-06,2025-06,,1214.93,1324.95,702.0,56.0,Ongoing,2025-01
OCMS-N24001855,,N24001855,WIDENING OF EXISTING SINGLE LANE ROAD TO INTERMEDIATE LANE ROAD FROM MOKOKCHUNG TO CHARE VIA DIKHU I,MoRTH,,ROAD TRANSPORT AND HIGHWAYS,,2021-02,2021-02,2025-06,2025-06,,192.93,192.93,92.58,79.74,Ongoing,2025-01
OCMS-N24001856,,N24001856,CONSTRUCTION OF 4-LANE HIGHWAY FROM SAMARLAKOTA TO ACHAMPETA JUNCTION (FROM KM. 0.000 TO KM. 12.250,NHAI,,ROAD TRANSPORT AND HIGHWAYS,,2023-05,2023-05,2025-08,2025-08,,648.75,648.75,164.04,38.33,Ongoing,2025-01
OCMS-N24001857,,N24001857,CONSTRUCTION OF ROAD FROM KM 0/0 TO 72/0 OF NH-26 SUCH AS 4 LANE FROM KM 0/0 TO 21/0 (BARGARH TO BAR,MoRTH,,ROAD TRANSPORT AND HIGHWAYS,,2020-06,2020-06,2023-12,2025-03,,414.24,414.24,287.48,60.0,Ongoing,2025-01
OCMS-N24001858,,N24001858,WIDENING AND STRENGTHENING TO 2L+PS INCLUDING LA OF KANDARPUR- BALIKUDA FROM KM 277/500 TO 318/970 OF,MoRTH,,ROAD TRANSPORT AND HIGHWAYS,,2022-03,2022-03,2025-06,2025-06,,499.79,499.79,262.85,20.0,Ongoing,2025-01
OCMS-N24001859,,N24001859,CONSTRUCTION OF BYPASS ON NH-59 FROM KM 336/350 TO 349/910 (13.56 KM) NEAR BERHAMPUR TOWN INCLUDING,MoRTH,,ROAD TRANSPORT AND HIGHWAYS,,2021-03,2021-03,2024-03,2025-05,,196.94,196.94,66.09,15.0,Ongoing,2025-01
OCMS-N24001860,,N24001860,CONSTRUCTION OF BYPASS TO NAYAGARH TOWN FROM KM 235.469 TO 252.482 OF NH-57 INCLUDING LAND ACQUISITI,MoRTH,,ROAD TRANSPORT AND HIGHWAYS,,2022-01,2022-01,2025-04,2025-05,,300.33,300.33,188.27,50.0,Ongoing,2025-01
OCMS-N24001861,,N24001861,CONSTRUCTION OF BYPASS TO KHORDHA TOWN FROM KM 294/000 TO 300/300 ON NH-57 INCLUDING LA IN THE STATE,MoRTH,,ROAD TRANSPORT AND HIGHWAYS,,2022-02,2022-02,2024-11,2025-05,,157.49,157.49,63.33,31.74,Ongoing,2025-01
OCMS-N24001862,,N24001862,CONSTRUCTION OF BYPASS ROAD TO BALANGIR TOWN FROM KM 72/400 (DESING KM 0/0) TO KM 79/800 (DESIGN KM,MoRTH,,ROAD TRANSPORT AND HIGHWAYS,,2022-02,2022-02,2025-10,2025-11,,238.78,238.78,28.4,12.0,Ongoing,2025-01
OCMS-N24001863,,N24001863,"CONSTRUCTION OF 5 HL BRIDGES AT KM 379/000 (PANGAM), KM 439/400 (POTTERU), KM 444/237",KONGURUKONDA,,ROAD TRANSPORT AND HIGHWAYS,,2021-03,2021-03,2024-06,2025-06,,154.05,154.05,47.47,25.0,Ongoing,2025-01
OCMS-N24001864,,N24001864,CONSTRUCTION OF FOUR LANE ROB AND ITS APPROACHES IN LIEU OF EXISTING LEVEL CROSSING NO. RV-71 AT KM,MoRTH,,ROAD TRANSPORT AND HIGHWAYS,,2021-11,2021-11,2025-06,2025-06,,154.49,154.49,56.36,17.0,Ongoing,2025-01
OCMS-N24001865,,N24001865,CONSTRUCTION OF 4 LANE ROB WITH APPROACHES IN LIEU OF LC NO. RV-172 AT KM 176.00 OF NH-201 (PRESENT,MoRTH,,ROAD TRANSPORT AND HIGHWAYS,,2021-12,2021-12,2025-05,2025-05,,324.09,324.09,84.25,20.0,Ongoing,2025-01
OCMS-N24001866,,N24001866,"CONSTRUCTION OF TWO LANE WITH PAVED SHOULDER FOR FATEHPUR BYPASS, MANDAWA BYPASS AND JHUNJHUNU BYPAS",MoRTH,,ROAD TRANSPORT AND HIGHWAYS,,2022-03,2022-03,2024-08,2025-06,,186.29,186.29,142.69,78.0,Ongoing,2025-01
OCMS-N24001867,,N24001867,UPGRADATION OF TWO LANE PAVED SHOULDER FROM SHAHPURA TO THANAGAZI OF NH-248A ON EPC MODE IN THE STAT,MoRTH,,ROAD TRANSPORT AND HIGHWAYS,,2022-03,2022-03,2024-07,2025-06,,174.34,174.34,104.08,80.0,Ongoing,2025-01
OCMS-N24001868,,N24001868,Sagwara Bypass and Garhi- Partapur Bypass of NH-927A in the State of Rajasthan.,MoRTH,,ROAD TRANSPORT AND HIGHWAYS,,2022-03,2022-03,2025-08,2025-06,,187.65,187.65,66.57,72.0,Ongoing,2025-01
OCMS-N24001869,,N24001869,UPGRADATION AND REHABILITATION TO TWO LANE WITH PAVED SHOULDER OF GHAGARIYA- MUNABAO SECTION FROM KM,MoRTH,,ROAD TRANSPORT AND HIGHWAYS,,2022-12,2022-12,2025-08,2025-08,,235.15,235.15,92.69,83.0,Ongoing,2025-01
OCMS-N24001870,,N24001870,IMPROVEMENT TO TWO LANE WITH PAVED SHOULDERS OF NH 122B FROM KM 29.730 TO KM 72.348 IN STATE OF BIH,MoRTH,,ROAD TRANSPORT AND HIGHWAYS,,2022-02,2022-02,2024-11,2025-11,,624.43,624.43,246.6,78.0,Ongoing,2025-01
OCMS-N24001875,,N24001875,WIDENING AND STRENTHENING FROM KM 70.15 TO KM 121.025 OF NH-80,MoRTH,,ROAD TRANSPORT AND HIGHWAYS,,2021-03,2021-03,2025-01,2025-03,,477.54,477.54,278.93,71.79,Ongoing,2025-01
OCMS-N24001876,,N24001876,WIDENING and STRENTHENING FROM KM132.895 TO KM 190.15 NH-80,MoRTH,,ROAD TRANSPORT AND HIGHWAYS,,2021-03,2021-03,2024-03,2025-09,,566.15,566.15,208.58,43.03,Ongoing,2025-01
OCMS-N24001877,,N24001877,CONSTRUCTION OF NEW 4-LANE BRIDGE (PARALLEL TO EXISTING VIKRAMASHILA SETU)FROM KM 8+920 TO KM 13+375,MoRTH,,ROAD TRANSPORT AND HIGHWAYS,,2020-07,2020-07,2027-05,2027-05,,1110.23,1110.23,288.28,30.42,Ongoing,2025-01
OCMS-N24001878,,N24001878,IMPROVEMENT TO TWO LANE WITH PAVED SHOULDERS OF NH-319A FROM KM 0 TO KM 45 IN STATE OF BIHAR UNDER,MoRTH,,ROAD TRANSPORT AND HIGHWAYS,,2022-02,2022-02,2024-12,2025-04,,427.29,427.29,166.86,64.4,Ongoing,2025-01
OCMS-N24001879,,N24001879,CONSTRUCTION OF PROPOSED 4_LANE REVELGUNJ BYPASS NH-19 IN THE STATE OF BIHAR ON EPC MODE CONNECTING,MoRTH,,ROAD TRANSPORT AND HIGHWAYS,,2022-03,2022-03,2025-07,2025-07,,295.24,295.24,53.51,40.25,Ongoing,2025-01
OCMS-N24001880,,N24001880,REHABILITATION AND UP-GRADATION TO 4 LANE ROAD WITH PAVED SHOULDER CONFIGURATION OF SECTION FROM UND,MoRTH,,ROAD TRANSPORT AND HIGHWAYS,,2022-03,2022-03,2025-07,2025-07,,778.18,778.18,135.78,27.35,Ongoing,2025-01
OCMS-N24001882,,N24001882,CONSTRUCTION OF NEW FOUR LANE BYPASS TO PARBHANI CITY (PARWA TO ASOLA) KM 463/265 TO KM 481/180 (DES,MoRTH,,ROAD TRANSPORT AND HIGHWAYS,,2022-03,2022-03,2024-10,2024-10,,496.64,496.64,0.0,8.0,Ongoing,2025-01
OCMS-N24001883,,N24001883,CONSTRUCTION OF 4 LANE FLYOVER AT NAGPUR RTO CHOWK TO NAGPUR UNIVERSITY CAMPUS FROM CH 2/250 TO 5/10,MoRTH,,ROAD TRANSPORT AND HIGHWAYS,,2021-03,2021-03,2024-03,2024-04,,478.83,478.83,233.48,65.0,Ongoing,2025-01
OCMS-N24001884,,N24001884,REHABILITATION AND UPGRADATION OF SATANA TO MANGRUL (CHANDWAD) SECTION OF NH752 G DESIGN CH: KM 64.0,MoRTH,,ROAD TRANSPORT AND HIGHWAYS,,2023-03,2023-03,2025-05,2025-05,,428.8,428.8,54.11,30.69,Ongoing,2025-01
OCMS-N24001885,,N24001885,REHABILITATION AND UP-GRADATION OF JINTUR- SHIRAD SHAHAPUR SECTION KM 258.300 TO KM 306.300 [DESIGN,MoRTH,,ROAD TRANSPORT AND HIGHWAYS,,2023-02,2023-02,2024-12,2024-12,,414.81,414.81,0.0,,Ongoing,2025-01
OCMS-N24001886,,N24001886,DEVELOPMENT/WIDENING OF TALEGAON ? CHAKAN ? SHIKRAPUR ? NHAVARA SECTION OF NH 548DG (NHAVARA TO CHOU,MoRTH,,ROAD TRANSPORT AND HIGHWAYS,,2022-10,2022-10,2024-08,2024-08,,304.68,304.68,97.09,58.78,Ongoing,2025-01
OCMS-N24001887,,N24001887,REHABILITATION AND UPGRADATION OF BHOKARDAN TO KUMBHARI FATA DESIGN CH. (KM 13+500 TO 17+00) AND RAJ,MoRTH,,ROAD TRANSPORT AND HIGHWAYS,,2022-08,2022-08,2024-06,2024-06,,291.37,291.37,102.94,78.44,Ongoing,2025-01
OCMS-N24001888,,N24001888,"UP-GRADATION OF TIRORA-GONDIA, STATE HIGHWAY FROM EXISTING KM 163+213 (ON SH-335, TIRORA) TO KM 191+",MoRTH,,ROAD TRANSPORT AND HIGHWAYS,,2021-08,2021-08,2023-04,2024-05,,288.14,288.14,63.01,46.31,Ongoing,2025-01
OCMS-N24001889,,N24001889,2 LANE + PS PIMPLNER TO SATANA - [DESIGN CHAINAGE KM 21.427 TO 64.00 ] OF NH-752G],MoRTH,,ROAD TRANSPORT AND HIGHWAYS,,2019-09,2019-09,2021-07,2023-12,,277.81,277.81,148.68,90.0,Ongoing,2025-01
OCMS-N24001890,,N24001890,REHABILITATION AND UPGRADATION OF PARLI TO SIRSALA SECTION OF NH-361F (KM 136+700 TO 115+000) (LENGT,MoRTH,,ROAD TRANSPORT AND HIGHWAYS,,2023-02,2023-02,2024-12,2024-12,,261.82,261.82,70.59,46.0,Ongoing,2025-01
OCMS-N24001891,,N24001891,BALANCE WORK OF REHABILITATION AND UP-GRADATION TO NH-166F FROM MAHAD JUNCTION (AT KM 123/400 ON NH,MoRTH,,ROAD TRANSPORT AND HIGHWAYS,,2021-07,2021-07,2023-11,2024-03,,256.54,256.54,80.1,59.66,Ongoing,2025-01
OCMS-N24001892,,N24001892,REHABILITATION AND UPGRADATION OF SHIRAPUR JUNCTION TO SHIVAJI CHOWK (DESIGN CHAINAGE KM. 130+00 TO,MoRTH,,ROAD TRANSPORT AND HIGHWAYS,,2023-02,2023-02,2024-12,2024-12,,245.61,245.61,43.39,32.5,Ongoing,2025-01
OCMS-N24001894,,N24001894,2 LANE + PS ASTHAMODE - TIVATYAL [DESIGN CH. KM 24.300 - 62.00] [KM 134.98-172.95 OF NH-63],MoRTH,,ROAD TRANSPORT AND HIGHWAYS,,2019-09,2019-09,2021-07,2023-12,,228.82,228.82,144.54,95.44,Ongoing,2025-01
OCMS-N24001895,,N24001895,REHABILATION AND UPGRADATION TO TWO LANES WITH PAVED SHOULDER CONFIGURATION FROM WATUR TO CHARTHANA,MoRTH,,ROAD TRANSPORT AND HIGHWAYS,,2021-11,2021-11,2023-09,2023-12,,228.01,228.01,103.01,99.0,Ongoing,2025-01
OCMS-N24001896,,N24001896,UPGRADATIOBN AND REHABILITATION OF SECTION OF NH 361 F FROM PARLI (00/000) TO GANGAKHED (30/400) TO,MoRTH,,ROAD TRANSPORT AND HIGHWAYS,,2021-11,2021-11,2023-09,2024-04,,224.44,224.44,75.34,45.63,Ongoing,2025-01
OCMS-N24001897,,N24001897,REHABILITATION AND UPGRADATION TO 2 LANE WITH PAVED SHOULDER FROM EXISTING CHAINAGE KM 102 TO KM 13,BRO,,ROAD TRANSPORT AND HIGHWAYS,,2021-03,2021-03,2024-07,2024-03,,642.24,642.24,498.8,95.0,Ongoing,2025-01
OCMS-N24001898,,N24001898,REHABILITATION AND UPGRADATION TO 2 LANE WITH PAVED SHOULDER FROM EXISTING CHAINAGE KM 30.000 TO K,BRO,,ROAD TRANSPORT AND HIGHWAYS,,2020-07,2020-07,2024-11,2024-11,,272.49,272.49,180.48,87.0,Ongoing,2025-01
OCMS-N24001899,,N24001899,REHABILITATION AND UPGRADATION TO 2 LANE WITH PAVED SHOULDER FROM EXISTING CHAINAGE KM 134.95 TO KM,BRO,,ROAD TRANSPORT AND HIGHWAYS,,2021-02,2021-02,2024-07,2025-03,,395.25,395.25,211.75,64.0,Ongoing,2025-01
OCMS-N24001900,,N24001900,REHABILITATION AND UPGRADATION TO 2 LANE WITH PAVED SHOULDER FROM EXISTING CHAINAGE KM 49.150 TO KM,BRO,,ROAD TRANSPORT AND HIGHWAYS,,2020-03,2020-03,2024-08,2025-03,,796.97,796.97,468.35,79.0,Ongoing,2025-01
OCMS-N24001901,,N24001901,REHABILITATION AND UPGRADATION TO 2 LANE WITH PAVED SHOULDER FROM EXISTING CHAINAGE KM 64.535 TO K,BRO,,ROAD TRANSPORT AND HIGHWAYS,,2020-03,2020-03,2023-09,2025-03,,152.93,152.93,103.81,78.0,Ongoing,2025-01
OCMS-N24001902,,N24001902,REHABILITATION AND UP-GRADATION OF SABALKHED TO ASHTI SECTION FROM KM 37+900 TO KM 55+100 AND CHINCH,MoRTH,,ROAD TRANSPORT AND HIGHWAYS,,2022-12,2022-12,2024-09,2024-09,,213.32,213.32,20.0,34.0,Ongoing,2025-01
OCMS-N24001903,,N24001903,REHABILITATION AND UP-GRADATION OF MUDKHED TO NANDED SECTION FROM KM. 372+000 TO KM 388+400 OF NH 16,MoRTH,,ROAD TRANSPORT AND HIGHWAYS,,2022-08,2022-08,2025-04,2025-04,,206.54,206.54,21.36,,Ongoing,2025-01
OCMS-N24001904,,N24001904,KOPARGAON TO SAVALI VIHIR SECTION,MoRTH,,ROAD TRANSPORT AND HIGHWAYS,,,,,2024-07,,195.38,195.38,29.59,19.76,Ongoing,2025-01
OCMS-N24001905,,N24001905,"CONSTRUCTION OF MAJOR BRIDGE ACROSS MANJRA RIVER NEAR YESGI VILLAGE @ KM, 166/500 ON NH 63 TQ BILOLI",MoRTH,,ROAD TRANSPORT AND HIGHWAYS,,2021-10,2021-10,2023-08,2023-12,,188.69,188.69,111.26,95.8,Ongoing,2025-01
OCMS-N24001906,,N24001906,UP-GRADATION TO 4 LANING OF DAULTABAD T-POINT TO MALIWADA [FROM DESIGN KM.0.000 TO KM 4.000] AND UPG,MoRTH,,ROAD TRANSPORT AND HIGHWAYS,,2022-08,2022-08,2024-03,2024-03,,185.59,185.59,63.56,48.0,Ongoing,2025-01
OCMS-N24001907,,N24001907,"CONSTRUCTION OF SIX LANE FLYOVER AT KATRAJ JUNCTION AT KM, 3/880 OF NH 548-DD (VADGAON - KATRAJ - KO",MoRTH,,ROAD TRANSPORT AND HIGHWAYS,,2021-06,2021-06,2024-02,2024-03,,169.15,169.15,36.94,35.96,Ongoing,2025-01
OCMS-N24001908,,N24001908,UPGRADATION OF EXHISTING 2 LANE FLEXIBLE PAVEMENT TO 2 LANE PAVED SHOULDERS RIGID PAVEMENT FROM DESI,MoRTH,,ROAD TRANSPORT AND HIGHWAYS,,2021-12,2021-12,2024-05,2024-05,,167.97,167.97,35.28,36.76,Ongoing,2025-01
OCMS-N24001909,,N24001909,"STRENGTHING AND WIDINING OF EXISTING CARRIAGEWAY TO 10 M IN KM, 156/160 TO 229/160 (TEMBHURNI - KUSL",MoRTH,,ROAD TRANSPORT AND HIGHWAYS,,2021-11,2021-11,2024-06,2024-06,,157.72,157.72,55.38,90.41,Ongoing,2025-01
OCMS-N24001910,,N24001910,REHABILITATION AND UPGRADATION OF JAMKHED TO SAUTADA SECTION OF NH548 D (FROM KM 195.375 TO KM 208.7,MoRTH,,ROAD TRANSPORT AND HIGHWAYS,,2022-09,2022-09,2024-07,2024-07,,157.62,157.62,13.86,17.03,Ongoing,2025-01
OCMS-N24001911,,N24001911,PANGAON TO DHARMAPURI AND PARALI TO INJEGAON 2L+PS,MoRTH,,ROAD TRANSPORT AND HIGHWAYS,,2018-03,2018-03,2024-07,2023-12,,152.03,152.03,81.35,97.57,Ongoing,2025-01
OCMS-N24001912,,N24001912,PEREN-DIMAPUR PKG-3,NHIDCL,,ROAD TRANSPORT AND HIGHWAYS,,,,2025-06,2025-06,,177.77,199.02,33.1,45.54,Ongoing,2025-01
OCMS-N24001914,,N24001914,IMPROVEMENT AND WIDENING TO 2- LANE WITH EARTHEN PAVED SHOULDER FROM UDAIPUR TO SRIMANTAPUR,NHIDCL,,ROAD TRANSPORT AND HIGHWAYS,,2023-05,2023-05,2024-11,2025-09,,195.95,195.95,21.95,27.34,Ongoing,2025-01
OCMS-N24001915,,N24001915,IMPROVEMENT/CONSTRUCTION OF EXISTING CLASS-5 ROAD TO NH INTERMEDIATE LANE SPECIFICATION WITH HARD SH,BRO,,ROAD TRANSPORT AND HIGHWAYS,,2021-03,2021-03,2026-06,2026-06,,230.54,230.54,20.16,20.0,Ongoing,2025-01
OCMS-N24001916,,N24001916,IMPROVEMENT/CONSTRUCTION OF EXISTING CLASS 5 ROAD TO NH INTERMEDIATE LANE SPECIFICATION WITH HARD SH,BRO,,ROAD TRANSPORT AND HIGHWAYS,,2021-03,2021-03,2026-05,2026-05,,314.67,314.67,76.05,43.73,Ongoing,2025-01
OCMS-N24001917,,N24001917,UP GRADATION OF NH 930 SHERPAR TO KOHKA FROM KM 67.880 TO KM 114.860 TO TWO LANE WITH PAVED SHOULDER,MoRTH,,ROAD TRANSPORT AND HIGHWAYS,,2020-03,2020-03,2024-05,2025-02,,278.97,278.97,190.57,81.65,Ongoing,2025-01
OCMS-N24001919,,N24001919,UP GRADATION OF NH 130C ABHANPUR TO PAUND FROM NK KM 0.000 TO KM. 40.380 TO TWO LANE WITH PAVED SHOU,MoRTH,,ROAD TRANSPORT AND HIGHWAYS,,2020-12,2020-12,2023-09,2025-02,,193.16,193.16,89.63,79.7,Ongoing,2025-01
OCMS-N24001920,,N24001920,UPGRADATION OF NH 130A MUNGELI TO PONDI FROM NH KM. 51.600 TO KM. 77.870 KM. 80.970 TO 96.970 TO 2,MoRTH,,ROAD TRANSPORT AND HIGHWAYS,,2021-03,2021-03,2024-09,2025-02,,218.57,218.57,115.05,77.12,Ongoing,2025-01
OCMS-N24001921,,N24001921,2- LANE WITH PAVED SHOULDERS OF HINOTIYA TO MEHULWA FROM DESIGN KM 27+000 9OF EXISTING SH-19 KM 26+5,NHAI,,ROAD TRANSPORT AND HIGHWAYS,,2021-08,2021-08,2025-09,2025-09,,581.65,581.65,169.81,32.94,Ongoing,2025-01
OCMS-N24001922,,N24001922,WIDENING TO 2-LANE WITH PAVED SHOULDER FROM KM 0.00 TO 44.00 (KURU-GHAGHRA SECTION) OF NH-143A INCLU,MoRTH,,ROAD TRANSPORT AND HIGHWAYS,,2020-02,2020-02,2023-08,2024-12,,153.01,153.01,83.63,96.23,Ongoing,2025-01
OCMS-N24001923,,N24001923,WIDENING AND STRENGTHENING OF EXISTING PAVEEMNT TO TWO LANE WITH PAVED SHOULDERS FROM KM 116.00 TO K,MoRTH,,ROAD TRANSPORT AND HIGHWAYS,,2022-01,2022-01,2024-07,2024-12,,315.21,315.21,105.63,80.0,Ongoing,2025-01
OCMS-N24001924,,N24001924,WIDENING AND STRENGTHENING TO TWO LANE WITH PAVED SHOULDER/TWO LANE+ PAVED SHOULDER WITH SERVICE ROA,MoRTH,,ROAD TRANSPORT AND HIGHWAYS,,2022-03,2022-03,2025-08,2025-08,,514.22,514.22,10.49,6.1,Ongoing,2025-01
OCMS-N24001925,,N24001925,WIDENING AND STRENGTHENING/RECONSTRUCTION TO TWO LANE WITH PAVED SHOULDER/ TWO LANE WITH PAVED SHOUL,MoRTH,,ROAD TRANSPORT AND HIGHWAYS,,2022-03,2022-03,2025-08,2025-08,,423.18,423.18,0.11,,Ongoing,2025-01
OCMS-N24001926,,N24001926,CONSTRUCTION OF TWIN TUBE TUNNELS ON JAMMU KASHMIR RING ROAD (NH-244A) BETWEEN DESIGN CH. 50+600 TO,NHAI,,ROAD TRANSPORT AND HIGHWAYS,,2023-03,2023-03,2025-06,2025-06,,939.86,939.86,320.82,49.96,Ongoing,2025-01
OCMS-N24001927,,N24001927,UP-GRADATION TO 2 LANE WITH PAVED SHOULDER FROM CHARBHUJA AT DESIGN KM 0.00 (EXISTING KM 150.00) TO,MoRTH,,ROAD TRANSPORT AND HIGHWAYS,,2022-02,2022-02,2025-09,2025-09,,838.43,838.43,245.87,64.0,Ongoing,2025-01
OCMS-N24001928,,N24001928,CONSTRUCTION OF 2 LANE WITH PAVED SHOULDER NORTHERN BYPASS PHASE- II OF KOTA CITY FROM DESIGN CHAINAG,MoRTH,,ROAD TRANSPORT AND HIGHWAYS,,2022-03,2022-03,2025-04,2025-04,,317.74,317.74,136.23,10.0,Ongoing,2025-01
OCMS-N24001929,,N24001929,CONSTRUCTION OF 4-LANE GREEN FIELD HIGHWAY FROM KM. 35.000 TO KM. 49.155 OF NH-731A WITH PAVED SHOUL,MoRTH,,ROAD TRANSPORT AND HIGHWAYS,,2022-01,2022-01,2025-10,2025-10,,697.66,697.66,281.64,73.0,Ongoing,2025-01
OCMS-N24001931,,N24001931,4 LANING OF BATHALAPALLI TO MUDIGUBBA SECTION (DESIGN CHAINAGE KM. 96.300 TO 129.300) INCLUDING BATH,MoRTH,,ROAD TRANSPORT AND HIGHWAYS,,2022-03,2022-03,2025-02,2025-02,,536.0,536.0,393.81,98.0,Ongoing,2025-01
OCMS-N24001932,,N24001932,2L+PS FROM KM. 0+000 TO KM. 32+000 (MUDIGUBBA TO PUTTAPARTHI) OF NH- 342,MoRTH,,ROAD TRANSPORT AND HIGHWAYS,,2022-03,2022-03,2024-09,2025-03,,401.72,401.72,173.24,71.0,Ongoing,2025-01
OCMS-N24001933,,N24001933,MULAKALACHERUVU TO MADANAPALLE SECTION OF NH42 FROM KM 202.050 TO KM 245.640 EXCLUDING RETAINED STRE,MoRTH,,PETROLEUM,,,,2024-12,2024-12,,480.1,480.1,443.87,100.0,Completed,2025-01
OCMS-N24001934,,N24001934,NH440 RAYACHOTY TOVEMPALLI 2LPS,MoRTH,,ROAD TRANSPORT AND HIGHWAYS,,,,,2025-07,,439.82,439.82,193.63,27.0,Ongoing,2025-01
OCMS-N24001935,,N24001935,4 LANE WITH PAVED SHOULDER FROM KM 0.000 TO KM 51.119 OF TADIPATRI TO MUDDANUR OF NH67,MoRTH,,ROAD TRANSPORT AND HIGHWAYS,,2022-03,2022-03,2025-08,2025-08,,724.17,724.17,410.3,93.84,Ongoing,2025-01
OCMS-N24001936,,N24001936,BALANCE WORK OF CONTSRUCTION OF TWO/FOUR LANE WITH PAVED SHOULDER FROM KM. 54.370 TO KM. 101.400 (BI,MoRTH,,ROAD TRANSPORT AND HIGHWAYS,,2021-03,2021-03,2023-03,2024-07,,344.79,344.79,10.0,90.0,Ongoing,2025-01
OCMS-N24001937,,N24001937,BALANCE WORK OF REHABILITATION AND UPGRADING TO 2LANE/2LANE WITH PAVED SHOULDER CONFIGURATION AND ST,MoRTH,,ROAD TRANSPORT AND HIGHWAYS,,2023-02,2023-02,2024-02,2025-02,,398.48,398.48,5.0,50.0,Ongoing,2025-01
OCMS-N24001938,,N24001938,"CONSTRUCTION OF ELEVATED CORRIDOR FROM KM. 135.650 TO 136.300 ON 63, FROM KM. 249 TO KM. 250.050 ON",MoRTH,,ROAD TRANSPORT AND HIGHWAYS,,2021-06,2021-06,2024-06,2025-06,,298.0,298.0,10.7,52.0,Ongoing,2025-01
OCMS-N24001939,,N24001939,NH165 FROM KM 0.000 TO KM 64.020 PAMARRU TO AKIVEEDU SECTION TO TWO LANE WITH PAVED SHOULDERS,MoRTH,,ROAD TRANSPORT AND HIGHWAYS,,2020-03,2020-03,2023-09,2025-12,,529.24,529.24,312.17,52.0,Ongoing,2025-01
OCMS-N24001940,,N24001940,WIDENING TO 2 LANE WITH PAVED SHOULDERS FROM DESIGN KM 103.200 (EXISTING KM 103.200) TO DESIGN KM 11,MoRTH,,ROAD TRANSPORT AND HIGHWAYS,,2023-01,2023-01,2026-01,2025-09,,166.58,166.58,3.54,,Ongoing,2025-01
OCMS-N24001941,,N24001941,WIDENING TO 4 LANE FROM KM. 133.00 TO 158.04 (DESIGN CHAINAGE KM. 130.88 TO 155.145) (SHIRUR CROSS T,MoRTH,,ROAD TRANSPORT AND HIGHWAYS,,2023-01,2023-01,2025-01,2025-01,,350.69,350.69,10.0,56.0,Ongoing,2025-01
OCMS-N24001942,,N24001942,2LPS FROM KM36.400 TO KM. 107.224 OF NH167BG FROM DUTTALUR TO KAVALI SECTION,MoRTH,,ROAD TRANSPORT AND HIGHWAYS,,2021-03,2021-03,2024-07,2025-03,,423.67,423.67,228.15,70.0,Ongoing,2025-01
OCMS-N24001943,,N24001943,WIDENING TO TWO LANE WITH PAVED SHOULDERS FROM KM. 33.13 TO KM. 40.23 AND KM. 52.00 TO KM. 71.00 (EX,MoRTH,,ROAD TRANSPORT AND HIGHWAYS,,2022-09,2022-09,2024-03,2025-01,,172.98,172.98,6.48,65.0,Ongoing,2025-01
OCMS-N24001944,,N24001944,WIDENING TO INTERMEDIATE/TWO LANE TO 2 LANE WITH PAVED SHOULDER FROM EXISTING CHANAGES KM 112.750 TO,MoRTH,,ROAD TRANSPORT AND HIGHWAYS,,2023-01,2023-01,2024-06,2024-07,,255.88,255.88,60.99,78.0,Ongoing,2025-01
OCMS-N24001945,,N24001945,WIDENING TO 2 LANE WITH PAVED SHOULDERS FROM KM 116.800 TO 149.070(DESIGN CHANGES) ON HOSADURGA HOL,MoRTH,,ROAD TRANSPORT AND HIGHWAYS,,2022-08,2022-08,2024-02,2024-12,,170.34,170.34,4.25,72.0,Ongoing,2025-01
OCMS-N24001946,,N24001946,"WIDENING TO 2 LANES WITH PAVED SHOULDERS FROM KM 24.400 TO 27.270, 40.500 TO 41.900, 84.300 TO 88.20",MoRTH,,ROAD TRANSPORT AND HIGHWAYS,,2022-11,2022-11,2024-11,2024-11,,218.93,218.93,10.0,95.0,Ongoing,2025-01
OCMS-N24001947,,N24001947,WIDENING TO EXISTING 2 LANE WITH PAVED SHOULDER TO 4 LANE WITH PAVED SHOULDER FROM DESIGN KM 153.00,MoRTH,,ROAD TRANSPORT AND HIGHWAYS,,2023-02,2023-02,2025-02,2025-02,,177.94,177.94,6.66,47.0,Ongoing,2025-01
OCMS-N24001948,,N24001948,WIDENING TO 4 LANE FROM KM 51.60 TO 76.20 (HEBRI TO PARKALA) AND FROM KM 85.20 TO 88.90 (KARAVALI JU,MoRTH,,ROAD TRANSPORT AND HIGHWAYS,,2022-10,2022-10,2024-10,2024-12,,355.72,355.72,11.32,60.0,Ongoing,2025-01
OCMS-N24001949,,N24001949,NH167B FROM KM 99.103 CS PURAM TO KM 143.320 MALAKONDA TO 2LPS,MoRTH,,ROAD TRANSPORT AND HIGHWAYS,,2021-12,2021-12,2024-03,2025-01,,277.3,277.3,195.88,98.0,Ongoing,2025-01
OCMS-N24001950,,N24001950,NH167B FROM KM.143.320 MALAKONDA TO 189.050 SINGARAYAKONDA ON NH 16 TO TWO LANE WITH PAVED SHOULDERS,MoRTH,,ROAD TRANSPORT AND HIGHWAYS,,2021-03,2021-03,2025-02,2025-02,,369.81,369.81,279.8,93.17,Ongoing,2025-01
OCMS-N24001951,,N24001951,NH167AD FROM MACHERLA TO DACHEPALLI FROM KM.0.000 TO 43.659 TO 2LPS,MoRTH,,ROAD TRANSPORT AND HIGHWAYS,,2022-01,2022-01,2025-01,2025-01,,403.22,403.22,282.58,95.32,Ongoing,2025-01
OCMS-N24001952,,N24001952,NH 167 B KADAPA NELLORE BORDER TO CSPURAM I.E. FROM KM 58.635 TO KM 99.409,MoRTH,,ROAD TRANSPORT AND HIGHWAYS,,2022-03,2022-03,2025-08,2025-08,,285.5,285.5,171.73,86.74,Ongoing,2025-01
OCMS-N24001953,,N24001953,NH-30-BHADRACHALAM TO KONTA SECTION 2LPS,MoRTH,,ROAD TRANSPORT AND HIGHWAYS,,2021-12,2021-12,2024-09,2025-03,,388.71,388.71,199.43,75.0,Ongoing,2025-01
OCMS-N24001954,,N24001954,WIDENING TO 2LPS OF RAMPACHODAVARAM - KOYYURU SECTION OF NH516E FROM KM.43.700 TO KM 113.820,MoRTH,,ROAD TRANSPORT AND HIGHWAYS,,2022-03,2022-03,2025-01,2025-01,,568.12,568.12,334.73,86.0,Ongoing,2025-01
OCMS-N24001955,,N24001955,GUDIWADA TOWN 2 LANE ROB AND ROAD IMPROVEMENT OF NH165 IN REPLACEMENT OF LC NO 3ESPL3 AT KM 231.700,MoRTH,,ROAD TRANSPORT AND HIGHWAYS,,2022-03,2022-03,2025-05,2025-05,,317.22,317.22,181.63,52.0,Ongoing,2025-01
OCMS-N24001956,,N24001956,2LPS FROM GONDIGUDA TO ARAKU BHALLAGUDA KM 27.480 TO KM 51.772 SECTION OF NH 516E,MoRTH,,ROAD TRANSPORT AND HIGHWAYS,,2020-08,2020-08,2023-09,2024-12,,296.66,296.66,216.41,79.0,Ongoing,2025-01
OCMS-N24001957,,N24001957,2LPS OF KOYYURU TO CHAPRATHIPALEM SECTION OF NH 516E,MoRTH,,ROAD TRANSPORT AND HIGHWAYS,,2020-08,2020-08,2024-07,2025-03,,349.29,349.29,177.64,67.0,Ongoing,2025-01
OCMS-N24001958,,N24001958,2LPS OF CHAPRATHIPALEM TO LAMBASINGI SECTION OF NH 516E,MoRTH,,ROAD TRANSPORT AND HIGHWAYS,,2020-08,2020-08,2024-10,2025-03,,311.22,311.22,129.54,60.5,Ongoing,2025-01
OCMS-N24001959,,N24001959,4 LANE FROM KM 56.400 TO KM 120.300 FROM B.KOTHAPALLI JUNCTION TO GORANTLA OF NH 716G,MoRTH,,ROAD TRANSPORT AND HIGHWAYS,,2022-03,2022-03,2025-09,2025-09,,839.98,839.98,319.02,57.0,Ongoing,2025-01
OCMS-N24001960,,N24001960,UP-GRADATION TO TWO LANE WITH PAVED SHOULDER CONFIGURATION OF NH-354 SECTION ARIFKES-FEROZEPUR- MUKTS,MoRTH,,ROAD TRANSPORT AND HIGHWAYS,,2021-03,2021-03,2023-10,2025-04,,263.19,220.0,94.08,42.0,Ongoing,2025-01
OCMS-N24001961,,N24001961,WORK OF WIDENING/UPGRADATION OF 2-LANE WITH PAVED SHOULDER OF SRI MUKTSAR SAHIB TO MALOUT ROAD FROM,MoRTH,,ROAD TRANSPORT AND HIGHWAYS,,2022-03,2022-03,2023-10,2025-04,,152.58,152.58,81.25,69.0,Ongoing,2025-01
OCMS-N24001962,,N24001962,"CONSTRUCTION OF MIHONA BYPASS, LAHAR BYPASS, DABOH BYPASS and BHANDER BYPASS (TOTAL LENGTH 20.60 KM)",MoRTH,,ROAD TRANSPORT AND HIGHWAYS,,2022-03,2022-03,2024-12,2025-02,,179.19,179.19,75.91,95.0,Ongoing,2025-01
OCMS-N24001963,,N24001963,UPGRADATION OF NASRULLAGANI- REHTI-BUDHNI SCCTION TO 2-LANE WITH PAVED SHOULDER FROM KM 0+150 TO KM,MoRTH,,ROAD TRANSPORT AND HIGHWAYS,,2021-12,2021-12,2024-10,2025-03,,305.12,305.12,96.88,34.46,Ongoing,2025-01
OCMS-N24001964,,N24001964,UPGRADATION and WIDENING OF JHARKHEDA- BERASIA - DHOLKHEDI FROM DESIGN KM 0+000 TO KM 87+900 (DESIGN,MoRTH,,ROAD TRANSPORT AND HIGHWAYS,,2022-03,2022-03,2025-05,2025-05,,365.21,365.21,161.96,64.0,Ongoing,2025-01
OCMS-N24001965,,N24001965,"REHABILITATION AND UPGRADATION OF KURWAI?MUNGAOLI?CHANDERI ROAD SECTION OF NH-346, FROM DESIGN CHAIN",MoRTH,,ROAD TRANSPORT AND HIGHWAYS,,2022-03,2022-03,2025-02,2025-03,,386.49,386.49,119.76,48.77,Ongoing,2025-01
OCMS-N24001966,,N24001966,BALANCE WORK FOR REHABILITATION AND UP-GRADATION OF SIDHI- SINGRAULI FROM KM 82.400 TO KM 187.993 SEC,MoRTH,,ROAD TRANSPORT AND HIGHWAYS,,2020-12,2020-12,2023-04,2025-06,,529.44,529.44,191.24,58.43,Ongoing,2025-01
OCMS-N24001967,,N24001967,4L GREENFIELD RUDHI TO DESHGAON (PKG V OF BETUL- KHANDWA/DESHGAON) - N/04015/06003/MP,NHAI,,ROAD TRANSPORT AND HIGHWAYS,,2018-11,2018-11,2025-10,2025-10,,521.21,521.21,68.23,28.0,Ongoing,2025-01
OCMS-N24001968,,N24001968,CONSTRUCTION OF STRR (WEST SIDE)- NH948A-BALAGONDAPALLI (TAMIL NADU) TO KARNATAKA/TAMIL NADU BORDER F,NHAI,,ROAD TRANSPORT AND HIGHWAYS,,2022-04,2022-04,2025-05,2025-05,,1260.74,1260.74,487.46,44.95,Ongoing,2025-01
OCMS-N24001969,,N24001969,WIDENING AND UPGRADATION TO TWO LANES WITH PAVED SHOULDERS ROAD FROM TAMENGLONG TO MAHUR (NH- 137) I,NHIDCL,,ROAD TRANSPORT AND HIGHWAYS,,2023-03,2023-03,2025-08,2025-08,,904.04,904.04,366.82,54.95,Ongoing,2025-01
OCMS-N24001970,,N24001970,WIDENING AND UPGRADATION TO TWO LANES WITH PAVED SHOULDERS ROAD FROM TAMENGLONG TO MAHUR (NH- 137) IN,NHIDCL,,ROAD TRANSPORT AND HIGHWAYS,,2023-03,2023-03,2025-08,2025-08,,860.37,860.37,335.61,48.7,Ongoing,2025-01
OCMS-N24001971,,N24001971,WIDENING AND UPGRADATION TO TWO LANES WITH PAVED SHOULDERS ROAD FROM TAMENGLONG TO MAHUR (NH- 137) IN,NHIDCL,,ROAD TRANSPORT AND HIGHWAYS,,2023-03,2023-03,2025-08,2025-08,,890.33,890.33,395.47,46.7,Ongoing,2025-01
OCMS-N24001972,,N24001972,WIDENING/IMPROVEMENT TO 4-LANE WITH PAVED SHOULDER FROM KM 0+800 (KANDULIJAN GAON) TO KM 27+701 (SI,NHIDCL,,ROAD TRANSPORT AND HIGHWAYS,,2023-03,2023-03,2026-04,2026-04,,609.16,609.16,263.91,82.14,Ongoing,2025-01
OCMS-N24001973,,N24001973,WIDENING/IMPROVEMENT TO 4-LANE WITH PAVED SHOULDER FROM KM 27+701 (SIMEN CHAPORI) TO KM 55+000 (NAG,NHIDCL,,ROAD TRANSPORT AND HIGHWAYS,,2023-03,2023-03,2026-02,2026-02,,562.05,562.05,237.82,81.64,Ongoing,2025-01
OCMS-N24001974,,N24001974,CONSTRUCTION OF 2-LANING WITH HARD SHOULDER ROAD OF UKHRUL - TOLOI - TADUBI SECTION OF NH-102A FROM,NHIDCL,,ROAD TRANSPORT,,2021-09,2021-09,2025-01,2025-09,,315.56,315.56,93.08,63.74,Ongoing,2025-01
OCMS-N24001975,,N24001975,UP-GRADATION TO 2-LANE WITH PAVED SHOULDERS OF NGOPA - PAWLRANG SECTION OF NH 102B OF AIZAWL - IMPHA,NHIDCL,,ROAD TRANSPORT AND HIGHWAYS,,2021-09,2021-09,2025-02,2026-02,,523.78,523.78,263.25,49.8,Ongoing,2025-01
OCMS-N24001976,,N24001976,WIDENING TO 2 LANE WITH HARD SHOULDER OF AKEGWO-AVANGKHU SECTION OF NH-202K FOR PACKAGE-I (DESIGN CH,NHIDCL,,ROAD TRANSPORT,,2022-12,2022-12,2026-02,2026-02,,430.24,430.24,50.74,34.57,Ongoing,2025-01
OCMS-N24001977,,N24001977,WIDENING TO 2 LANE WITH HARD SHOULDER OF AKEGWO-AVANGKHU SECTION OF NH-202K FOR PACKAGE-II (DESIGN C,NHIDCL,,ROAD TRANSPORT AND HIGHWAYS,,2022-12,2022-12,2026-02,2026-02,,442.54,442.54,17.58,15.4,Ongoing,2025-01
OCMS-N24001978,,N24001978,WIDENING TO 2 LANE WITH HARD SHOULDER OF AKEGWO-AVANGKHU SECTION OF NH-202K FOR PACKAGE-III (DESIGN,NHIDCL,,ROAD TRANSPORT,,2022-12,2022-12,2026-02,2026-02,,497.18,497.18,109.02,46.17,Ongoing,2025-01
OCMS-N24001979,,N24001979,4L GREENFIELD ROAD CONNECTING NORTH AND SOUTH INDUSTRIAL CLUSTER OF KHANDALERU CREEK NEAR KRISHNAPAT,NHAI,,ROAD TRANSPORT AND HIGHWAYS,,2022-08,2022-08,2025-09,2025-09,,609.43,609.43,25.24,40.06,Ongoing,2025-01
OCMS-N24001980,,N24001980,4 LANING OF NH 544D FROM EXISTING KM 346.300 OF NH 44 (DESIGN CHAINAGE KM 0.000) TO KM 39.380 (DESIG,NHAI,,ROAD TRANSPORT AND HIGHWAYS,,2022-10,2022-10,2025-07,2025-07,,907.76,907.76,307.08,70.25,Ongoing,2025-01
OCMS-N24001981,,N24001981,CONSTRUCTION OF SIX LANING OF NAIDUPETA JUNCTION - TURPUKANUPUR SECTION FROM KM.57+046 TO KM.91+927,NHAI,,ROAD TRANSPORT AND HIGHWAYS,,2022-07,2022-07,2025-10,2025-10,,1398.84,1398.84,58.68,9.97,Ongoing,2025-01
OCMS-N24001982,,N24001982,4L PS FROM KURNOOL (EXISTING KM. 5.400 OF NH-40/DESIGN KM.0.000) TO MANDLEM (EXISTING KM.38.000/DESI,NHAI,,ROAD TRANSPORT AND HIGHWAYS,,2023-03,2023-03,2025-10,2025-10,,827.39,827.39,331.55,98.28,Ongoing,2025-01
OCMS-N24001983,,N24001983,4 LANING FROM EXISTING KM 39.380 (DESIGN CH. 37.000) TO KM 74.450 (DESIGN CH. 69.000) OF MUCHUKOTA ?,NHAI,,ROAD TRANSPORT AND HIGHWAYS,,2022-10,2022-10,2025-08,2025-08,,972.63,1055.23,270.83,42.35,Ongoing,2025-01
OCMS-N24001984,,N24001984,4L PS FROM MANDLEM (EXISTING KM. 38.000/DESIGN KM.30.600) TO ATMAKUR (EXISTING KM.73.000/DESIGN KM 6,NHAI,,ROAD TRANSPORT AND HIGHWAYS,,2023-03,2023-03,2025-10,2025-10,,887.28,887.28,174.53,44.2,Ongoing,2025-01
OCMS-N24001985,,N24001985,BANGALORE CHENNAI EXPRESSWAY (PHASE-II PKG-II) FROM KM.96.000 TO KM 127.000 (BAIREDDYPALLE TO BANGAR,NHAI,,ROAD TRANSPORT AND HIGHWAYS,,2021-03,2021-03,2025-06,2025-06,,1942.94,2171.0,1513.36,50.3,Ongoing,2025-01
OCMS-N24001986,,N24001986,4L OF PILERU TO KALUR SECTION FROM KM 55.900 TO KM 92.800 AND KM 94.500 TO KM 95.717,NHAI,,ROAD TRANSPORT AND HIGHWAYS,,2023-10,2023-10,2025-04,2025-04,,1047.32,1047.32,278.89,76.1,Ongoing,2025-01
OCMS-N24001987,,N24001987,"CONSTRUCTION OF 1 NOS ROB, 2 NOS VUPS, SERVICE ROADS, PROVISION OF LIGHTING AND CONSTRUCTION OF OTHE",NHAI,,ROAD TRANSPORT AND HIGHWAYS,,2023-06,2023-06,2024-12,2024-12,,152.05,152.05,121.47,76.2,Ongoing,2025-01
OCMS-N24001988,,N24001988,6L OF CHITTOOR TO THATCHUR FROM KUMARAJAPET TO VEERA KAVERI RAJA PURAM FROM KM 43.800 TO KM 61.380 O,NHAI,,ROAD TRANSPORT AND HIGHWAYS,,2021-02,2021-02,2025-10,2025-10,,591.99,703.0,453.03,50.01,Ongoing,2025-01
OCMS-N24001989,,N24001989,FOUR LANING OF LEFT OVER WORKS OF HOSPET BELLARY KARNATAKA/ AP BORDER FROM KM.280.080 TO KM. 375.450,NHAI,,ROAD TRANSPORT AND HIGHWAYS,,2023-03,2023-03,2025-05,2025-05,,830.28,830.28,521.5,61.19,Ongoing,2025-01
OCMS-N24001990,,N24001990,4L POANTA SAHEB?MEDNIPUR FROM KM. 435.65 TO KM. 458.65 OF NH-07(PKG- 1),NHAI,,ROAD TRANSPORT AND HIGHWAYS,,2022-06,2022-06,2025-05,2025-05,,524.54,683.26,75.94,70.8,Ongoing,2025-01
OCMS-N24001991,,N24001991,ACCESS ROAD/BRIDGE CONNECTIVITY FROM NH-09 AT KM.40 NEAR JAGBUDA BRIDGE (INDIA) TO BOUNDARY PILLAR,NHAI,,ROAD TRANSPORT AND HIGHWAYS,,2022-05,2022-05,2024-09,2025-05,,314.31,314.31,167.62,63.58,Ongoing,2025-01
OCMS-N24001992,,N24001992,BALANCE WORKS OF 4-LANNING OF RAMPUR-KATHGODAM SECTION OF NH- 87 (NEW NH NO. 09) FROM KM. 0.000 (KM 1,NHAI,,ROAD TRANSPORT AND HIGHWAYS,,2022-08,2022-08,2024-02,2025-03,,199.31,199.38,130.59,73.46,Ongoing,2025-01
OCMS-N24001993,,N24001993,DEVELOPMENT OF 6 LANE ACCESS CONTROLLED GREENFIELD HIGHWAY FROM KM. 97.000 TO KM. 162.500 MARADGI S,NHAI,,ROAD TRANSPORT AND HIGHWAYS,,2022-12,2022-12,2025-10,2025-10,,1589.0,1589.0,483.76,53.3,Ongoing,2025-01
OCMS-N24001994,,N24001994,4/6L OF BANGALORE - PUNE SECTION OF BYPASS CONNECTING DHARWAD - HUBLI FROM KM. 403.80 TO KM. 433.20,NHAI,,ROAD TRANSPORT AND HIGHWAYS,,2022-05,2022-05,2023-03,2025-09,,1135.39,1135.39,274.76,53.21,Ongoing,2025-01
OCMS-N24001996,,N24001996,CONSTRUCTION OF TWO LANE WITH PAVED SHOULDER HIGHWAY FROM DESIGN CH.0.000 TO CH.49.2OO OF NH- 731B ON,MoRTH,,ROAD TRANSPORT AND HIGHWAYS,,2022-03,2022-03,2025-11,2025-11,,640.18,602.76,408.12,56.0,Ongoing,2025-01
OCMS-N24001997,,N24001997,CONSTRUCTION OF SHOHRATGARH BYPASS ON NH-730 UNDER EPC MODE IN THE STATE OF UTTAR PRADESH,MoRTH,,ROAD TRANSPORT AND HIGHWAYS,,2022-10,2022-10,2025-05,2025-05,,189.31,189.31,50.73,15.0,Ongoing,2025-01
OCMS-N24001998,,N24001998,"CONSTRUCTION OF 4 LANE WITH PAVED SHOULDER FROM (DESIGN CH. 14+200 TO 24+400), (DESIGN CH. 35+300 TO",BRO,,ROAD TRANSPORT AND HIGHWAYS,,2022-06,2022-06,2025-08,2025-08,,832.46,823.46,362.09,46.0,Ongoing,2025-01
OCMS-N24001999,,N24001999,CONSTRUCTION OF REALIGNMENT BETWEEN PANDRASS- PASHKYUN (TOTAL LENGTH 27.10 KM) ON ROAD ZOZILA-KARGIL,BRO,,ROAD TRANSPORT AND HIGHWAYS,,2021-11,2021-11,2025-06,2025-06,,426.14,426.14,76.75,37.0,Ongoing,2025-01
OCMS-N24002000,,N24002000,WIDENING AND STRENGTHENING OF EXISTING 2 LANE WITH PAVED SHOULDER TO 4 LANE WITH PAVED SHOULDER FRO,MoRTH,,ROAD TRANSPORT AND HIGHWAYS,,2021-03,2021-03,2024-07,2024-08,,317.19,317.19,164.72,67.0,Ongoing,2025-01
OCMS-N24002001,,N24002001,WIDENING TO 2 LANE WITH PAVED SHOULDERS OF MEDAK - SIDDIPET SECTION FROM KM 0/0 TO KM 69/978 OF NH,MoRTH,,ROAD TRANSPORT AND HIGHWAYS,,2022-01,2022-01,2025-01,2025-06,,882.18,882.18,291.3,65.63,Ongoing,2025-01
OCMS-N24002002,,N24002002,WIDENING AND IMPROVEMENT OF EXISTING CARRIAGE WAY TO 2 LANE WITH PAVED SHOULDERS FROM KM. 86/160 TO,MoRTH,,ROAD TRANSPORT AND HIGHWAYS,,2022-01,2022-01,2024-12,2024-12,,423.48,423.48,209.98,68.96,Ongoing,2025-01
OCMS-N24002003,,N24002003,REHABILITATION AND UP-GRADATION OF VALIGONDA TO THORRUR SECTION TO TWO LANE WITH PAVED SHOULDERS FRO,MoRTH,,ROAD TRANSPORT AND HIGHWAYS,,2022-01,2022-01,2024-12,2025-03,,549.28,549.28,196.96,64.28,Ongoing,2025-01
OCMS-N24002004,,N24002004,REHABILITATION AND UPGRADATION OF LB-NAGAR TO MALKAPUR SECTION TO 6- LANE MAIN CARRIAGEWAY WITH SERVI,MoRTH,,ROAD TRANSPORT AND HIGHWAYS,,2021-03,2021-03,2024-07,2025-06,,545.11,545.11,305.02,73.08,Ongoing,2025-01
OCMS-N24002005,,N24002005,WIDENING TO TWO LANE WITH PAVED SHOULDERS OF 'BODHAN BASAR BHAINSA ' SECTION FROM KM 38/900 TO 95/3,MoRTH,,ROAD TRANSPORT AND HIGHWAYS,,2022-03,2022-03,2025-03,2025-06,,644.45,644.45,258.65,76.25,Ongoing,2025-01
OCMS-N24002006,,N24002006,"ONSTRUCTION OF 4-LANE FLYOVER AT AMBERPET-X ROAD, HYDERABAD ON NH-202 IN THE STATE OF TELANGANA",MoRTH,,ROAD TRANSPORT AND HIGHWAYS,,2017-10,2017-10,2023-06,2024-12,,186.71,186.71,184.2,88.11,Ongoing,2025-01
OCMS-N24002007,,N24002007,WIDENING TO TWO LANE WITH PAVED SHOULDERS FROM KM 0/000 TO KM 79/300 OF KALWAKURTHY - KOLLAPUR SECTI,MoRTH,,ROAD TRANSPORT AND HIGHWAYS,,2022-03,2022-03,2025-07,2025-07,,886.69,886.69,168.83,49.71,Ongoing,2025-01
OCMS-N24002008,,N24002008,WIDENING TO 2 LANE WITH PAVED SHOULDERS OF SIDDIPET- ELKATHURTHY SECTION FROM KM 69/978 TO KM 133/6,MoRTH,,ROAD TRANSPORT AND HIGHWAYS,,2022-01,2022-01,2024-12,2024-12,,578.85,578.85,196.36,78.35,Ongoing,2025-01
OCMS-N24002009,,N24002009,WIDENING AND STRENGTHENING TO 2/4 LANE WITH PAVED SHOULDERS OF MAHABUBNAGAR ? CHINCHOLI SECTION FROM,MoRTH,,ROAD TRANSPORT AND HIGHWAYS,,2022-01,2022-01,2025-01,2025-07,,703.68,703.68,276.18,58.62,Ongoing,2025-01
OCMS-N24002010,,N24002010,WIDENING AND STRENGTHENING TO 4 LANE / 2-LANE WITH PAVED SHOULDERS OF MAHABUBNAGAR-CHINCHOLI SECTION,MoRTH,,ROAD TRANSPORT AND HIGHWAYS,,2022-03,2022-03,2024-03,2025-10,,631.49,631.49,58.81,21.87,Ongoing,2025-01
OCMS-N24002011,,N24002011,BALANCE WORK OF CONSTRUCTION OF TWO/FOUR LANE WITH PAVED SHOULDER FROM KM 422.000 TO 523.600 ( CHITR,MoRTH,,ROAD TRANSPORT AND HIGHWAYS,,2021-12,2021-12,2024-06,2024-12,,516.96,516.96,19.93,70.0,Ongoing,2025-01
OCMS-N24002012,,N24002012,WIDENING TO TWO LANE WITH PAVED SHOULDERS FROM KM 40.00 TO KM 75.00 (EXISTING CHAINAGES) OF MANGALOR,MoRTH,,ROAD TRANSPORT AND HIGHWAYS,,2023-03,2023-03,2025-03,2025-03,,718.52,718.52,24.81,23.0,Ongoing,2025-01
OCMS-N24002013,,N24002013,CONSTRUCTION OF TWO LANE WITH PAVED SHOULDER FROM KM.0 TO KM. 80 ON NH 548B (VIJAYAPURA- SANKESWAR SE,MoRTH,,ROAD TRANSPORT AND HIGHWAYS,,2021-03,2021-03,2022-02,2024-10,,766.64,766.64,13.55,75.0,Ongoing,2025-01
OCMS-N24002014,,N24002014,UPGRADATION AND STRENGTHENING TO 2 LANE PS FROM KM 95/500 TO KM 129/775 OF NH 168 G IDAR BHILODA SA,MoRTH,,ROAD TRANSPORT AND HIGHWAYS,,2022-09,2022-09,2023-12,2025-12,,237.28,237.28,0.59,,Ongoing,2025-01
OCMS-N24002015,,N24002015,IMPROVEMENT AND UPGRADATION TO TWO LANE WITH PAVED SHOULDER CONFIGURATION FROM EXISTING KM 90.00 TO,MoRTH,,ROAD TRANSPORT AND HIGHWAYS,,2021-11,2021-11,2025-06,2025-06,,403.36,403.36,113.15,45.0,Ongoing,2025-01
OCMS-N24002016,,N24002016,CONSTRUCTION OF PRATAPGARH BYPASS (EXTENSION) CONNECTING NH- 31 TO NH-330,MoRTH,,ROAD TRANSPORT AND HIGHWAYS,,2022-10,2022-10,2025-06,2025-06,,225.17,225.17,94.39,47.0,Ongoing,2025-01
OCMS-N24002017,,N24002017,DEVELOPMENT OF SIX LANE BASANWAHI-MARANGPURI OF NH 130 CD FROM KM.99+500 TO 124+661 UNDER RAIPUR VIS,NHAI,,ROAD TRANSPORT AND HIGHWAYS,,2022-03,2022-03,2025-10,2026-09,,1307.16,1307.16,146.46,20.46,Ongoing,2025-01
OCMS-N24002018,,N24002018,REHABILITATION AND UPGRADATION TO 2-LANE WITH PAVED SHOULDER CONFIGURATION OF JIRAPUR-SUSNER- MP-RJ B,MoRTH,,ROAD TRANSPORT AND HIGHWAYS,,2022-01,2022-01,2025-03,2025-03,,239.72,232.22,172.7,98.0,Ongoing,2025-01
OCMS-N24002019,,N24002019,UPGRADATION OF DINDORI- SAGARTOLA-KABICHABUTRA (MP-CG BORDER) SECTION OF NH -45 FROM KM 0+00(DESIGN),MoRTH,,ROAD TRANSPORT AND HIGHWAYS,,2022-01,2022-01,2025-09,2025-09,,329.14,319.09,145.04,50.12,Ongoing,2025-01
OCMS-N24002020,,N24002020,"CONSTRUCTION OF KAITHI-PADARIA KALA BYPASS, PATNA-TAMOLI BYPASS, JASO BYPASS , NAGOD BYPASS (TOTAL L",MoRTH,,ROAD TRANSPORT AND HIGHWAYS,,2022-03,2022-03,2025-10,2025-10,,158.36,158.36,40.05,25.0,Ongoing,2025-01
OCMS-N24002021,,N24002021,BILASIPURA-GUWAHATI ROAD PKG-8,NHIDCL,,ROAD TRANSPORT,,,,,2026-12,,1457.59,1457.59,417.3,32.18,Ongoing,2025-01
OCMS-N24002022,,N24002022,BILASIPURA-GUWAHATI ROAD PKG-9,NHIDCL,,ROAD TRANSPORT,,,,,2026-06,,1000.27,1000.27,243.57,17.73,Ongoing,2025-01
OCMS-N24002023,,N24002023,BILASIPURA-GUWAHATI ROAD PKG-10,NHIDCL,,ROAD TRANSPORT,,,,,2026-06,,1264.9,1264.9,374.62,17.38,Ongoing,2025-01
OCMS-N24002024,,N24002024,DABOKA BYPASS OF DABOKA - PAROKHAOWA PKG -1,NHIDCL,,ROAD TRANSPORT AND HIGHWAYS,,2023-01,2023-01,2025-11,2025-11,,516.88,516.88,208.51,64.98,Ongoing,2025-01
OCMS-N24002025,,N24002025,2 LANE WITH PAVED SHOULDER FROM KM 16+900 (BOGAPANI) TO KM 27+150 (GOLAI GAON) ON EXISTING DIBRUGARH,NHIDCL,,ROAD TRANSPORT AND HIGHWAYS,,2023-01,2023-01,2025-12,2026-12,,356.65,356.65,117.89,11.23,Ongoing,2025-01
OCMS-N24002026,,N24002026,2 LANE WITH PAVED SHOULDER FROM KM 27+150 (GOLAI GAON) TO KM 47+682 (LEDO) ON EXISTING DIBRUGARH TO,NHIDCL,,ROAD TRANSPORT AND HIGHWAYS,,2023-03,2023-03,2025-12,2026-12,,643.42,643.42,67.4,8.89,Ongoing,2025-01
OCMS-N24002027,,N24002027,KEIFANG - TUVAI PKG-3,NHIDCL,,ROAD TRANSPORT,,,,2025-02,2025-12,,500.88,500.88,148.96,41.52,Ongoing,2025-01
OCMS-N24002028,,N24002028,LMPHAL TO JIRIBAM PKG-7,NHIDCL,,ROAD TRANSPORT,,,,,2025-12,,760.16,760.16,89.5,38.82,Ongoing,2025-01
OCMS-N24002029,,N24002029,WIDENING TO FOUR LANE WITH PAVED SHOULDER FROM DESIGN KM.49.200 TO KM.89.285 OF NH-731B ON EPC MODE,MoRTH,,ROAD TRANSPORT AND HIGHWAYS,,2022-03,2022-03,2026-01,2026-01,,917.91,917.91,525.37,34.0,Ongoing,2025-01
OCMS-N24002030,,N24002030,DEVELOPMENT OF EXTERNAL TRUNK CONNECTIVITY AND INTERNAL INFRASTRUCTURE WORKS AT MULTI MODEL LOGISTIC,NHIDCL,,ROAD TRANSPORT AND HIGHWAYS,,2020-02,2020-02,2022-03,2024-09,,592.06,592.06,308.06,100.0,Ongoing,2025-01
OCMS-N24002031,,N24002031,CONSTRUCTION OF TWO LANE WITH PAVED SHOULDER FROM EXISTING KM.0.000 TO KM.55.610 (DESIGN KM. 0.000 T,MoRTH,,ROAD TRANSPORT AND HIGHWAYS,,2021-12,2021-12,2026-02,2026-02,,840.93,840.93,434.0,24.0,Ongoing,2025-01
OCMS-N24002032,,N24002032,CONSTRUCTION OF 4-LANE HIGHWAY WITH PAVED SHOULDERS FROM KM 49.155 TO KM 74.700 OF NH-731A ON HYBRID,MoRTH,,ROAD TRANSPORT AND HIGHWAYS,,2022-01,2022-01,2026-01,2026-01,,1156.72,1156.72,286.1,40.0,Ongoing,2025-01
OCMS-N24002033,,N24002033,CONSTRUCTION OF 4 LANE ACCESS CONTROLLED HIGHWAY FROM CHILLAKURU CROSS ROAD TO TURPUKANUPUR KM 0+000,NHAI,,ROAD TRANSPORT AND HIGHWAYS,,2022-07,2022-07,2025-12,2025-12,,909.47,909.47,97.03,20.01,Ongoing,2025-01
OCMS-N24002034,,N24002034,UPGRADATION TO 4L PS DIVIDED CARRIAGEWAY FROM PATAN (NEAR RAJPUR) TO GOJARIYA FROM KM 52.000 TO KM 1,NHAI,,ROAD TRANSPORT AND HIGHWAYS,,2021-12,2021-12,2025-03,2025-03,,1181.34,1181.34,435.97,62.5,Ongoing,2025-01
OCMS-N24002035,,N24002035,WIDENING TO 6L OF EXISTING 4L JETPUR - GONDAL - RAJKOT SECTION FROM KM. 117.600 TO KM. 185.00 ON NH,NHAI,,ROAD TRANSPORT AND HIGHWAYS,,2023-09,2023-09,2025-09,2025-09,,2070.44,2070.44,262.6,20.77,Ongoing,2025-01
OCMS-N24002036,,N24002036,DEVELOPMENT OF SIX-LANE ACCESS CONTROLLED HIGHWAY FROM GOGWAN JALALPUR (SHAMLI DISTRICT) TO RANIPUR,NHAI,,ROAD TRANSPORT AND HIGHWAYS,,2022-04,2022-04,2025-05,2025-05,,1843.59,1843.59,814.7,41.0,Ongoing,2025-01
OCMS-N24002037,,N24002037,UPGRADATION OF EXISTING 4 LANE ISMAILABAD-AMBALA SECTION (KM. 0+000 TO KM 42+500) (PART OF AMBALA- KO,NHAI,,ROAD TRANSPORT AND HIGHWAYS,,2023-01,2023-01,2025-12,2026-03,,609.32,609.0,136.57,34.05,Ongoing,2025-01
OCMS-N24002038,,N24002038,CONSTRUCTION OF 6-LANE GREENFIELD KARNAL RING ROAD STARTING FROM NH-44 NEAR VILLAGE SHAMGARH (DESIGN,NHAI,,ROAD TRANSPORT AND HIGHWAYS,,2022-11,2022-11,2025-08,2025-08,,1691.45,1998.0,591.02,42.0,Ongoing,2025-01
OCMS-N24002039,,N24002039,CONSTRUCTION OF 6-LANE GREENFIELD AMBALA RING ROAD STARTING FROM JUNCTION WITH SHAMLI-AMBALA SECTION,NHAI,,ROAD TRANSPORT AND HIGHWAYS,,2023-02,2023-02,2025-10,2025-10,,1088.64,1178.0,356.69,39.0,Ongoing,2025-01
OCMS-N24002040,,N24002040,DEVELOPMENT OF SIX-LANE ACCESS CONTROLLED HIGHWAY FROM RANIPUR BARSI (SAHARANPUR DISTRICT) TO ADHOYA,NHAI,,ROAD TRANSPORT AND HIGHWAYS,,2022-04,2022-04,2025-05,2028-05,,1554.21,1554.21,447.15,43.5,Ongoing,2025-01
OCMS-N24002041,,N24002041,DEVELOPMENT OF SIX-LANE ACCESS CONTROLLED HIGHWAY FROM ADHOYA MUSALMANA (AMBALA DISTRICT) TO SADOPUR,NHAI,,ROAD TRANSPORT AND HIGHWAYS,,2022-04,2022-04,2025-05,2025-05,,1491.71,1491.71,657.76,42.5,Ongoing,2025-01
OCMS-N24002042,,N24002042,CONSTRUCTION OF 4-LANING OF BHIWANI HANSI ROAD SECTION OF NH 148B (DESIGN LENGTH 42.934 KM) UNDER BH,NHAI,,ROAD TRANSPORT AND HIGHWAYS,,2022-11,2022-11,2025-12,2025-12,,1322.13,1322.13,271.91,67.1,Ongoing,2025-01
OCMS-N24002043,,N24002043,CONSTRUCTION OF 4-LANE GREENFIELD JALBEHRA - SHAHBAD SECTION OF NH ? 152G FROM KM 0+000 TO KM 22+850,NHAI,,ROAD TRANSPORT AND HIGHWAYS,,2022-03,2022-03,2025-06,2025-06,,927.22,927.22,423.72,65.35,Ongoing,2025-01
OCMS-N24002044,,N24002044,4L AMBALA - KALAAMB FROM KM. -0.800 TO KM. 33.015 OF OLD NH-72,NHAI,,ROAD TRANSPORT AND HIGHWAYS,,2023-06,2023-06,2025-06,2025-06,,629.16,629.16,170.0,74.0,Ongoing,2025-01
OCMS-N24002045,,N24002045,CONSTRUCTION OF 6 LANE DURG RAIPUR ARANG BYPASS PKG 1 SECTION OF NH 53 FROM CH 0.000 TO CH 44.50,NHAI,,ROAD TRANSPORT AND HIGHWAYS,,2022-06,2022-06,2025-07,2025-07,,1828.0,1828.0,390.95,23.32,Ongoing,2025-01
OCMS-N24002046,,N24002046,CONSTRUCTION OF 6 LANE DURG RAIPUR ARANG BYPASS PKG 2 SECTION OF NH 53 FROM CH 44+500 TO CH.92+230 I,NHAI,,ROAD TRANSPORT AND HIGHWAYS,,2022-06,2022-06,2025-05,2025-05,,1958.94,1958.94,616.56,27.59,Ongoing,2025-01
OCMS-N24002048,,N24002048,CONSTRUCTION OF GREENFIELD CONNECTIVITY TO JEWAR INTERNATIONAL AIRPORT FROM DND FARIDABAD BALLABHGAR,NHAI,,ROAD TRANSPORT AND HIGHWAYS,,2022-07,2022-07,2025-06,2025-06,,2414.67,2898.0,1108.26,38.0,Ongoing,2025-01
OCMS-N24002049,,N24002049,PKG NAME: 4L OF KATHLIGHAT TO SHAKRAL VILLAGE FROM KM 128.835 TO KM 146.300 OF NH- 5 (SHIMLA BYPASS,NHAI,,ROAD TRANSPORT AND HIGHWAYS,,2022-03,2022-03,2026-04,2026-04,,1703.48,2278.0,651.98,14.5,Ongoing,2025-01
OCMS-N24002050,,N24002050,REHABILITATION AND UPGRADATION TO 4L CONFIGURATION and STRENGTHENING OF SIHUNI TO RAJOL FROM KM 51.0,NHAI,,ROAD TRANSPORT AND HIGHWAYS,,2022-02,2022-02,2025-09,2025-09,,696.65,698.46,346.91,44.18,Ongoing,2025-01
OCMS-N24002051,,N24002051,CONSTRUCTION OF NEW 2 LANE WITH PAVED SHOULDER OF HAMIRPUR BYPASS (PACKAGE IVA) OF NH-88 (NEW NH-103,NHAI,,ROAD TRANSPORT AND HIGHWAYS,,2022-07,2022-07,2025-10,2025-10,,739.39,739.39,307.6,64.41,Ongoing,2025-01
OCMS-N24002052,,N24002052,REHABILITATION AND UP-GRADATION OF EXISTING ROAD TO 2L PS FROM END OF HAMIRPUR BYPASS (NEAR CHILBAHA,NHAI,,ROAD TRANSPORT AND HIGHWAYS,,2022-02,2022-02,2025-04,2025-04,,1146.19,1146.19,895.2,58.68,Ongoing,2025-01
OCMS-N24002053,,N24002053,FOUR LANING OF KHAJURI TO WYNDHAMGANJ FROM KM 219.600 TO KM 260.483 ON NH-75 PKG SEC-V ON HAM,NHAI,,ROAD TRANSPORT AND HIGHWAYS,,2022-04,2022-04,2025-09,2025-09,,1232.0,1400.0,606.6,64.0,Ongoing,2025-01
OCMS-N24002054,,N24002054,FOUR LANING OF BHOGU TO SANKHA FROM KM 147.450 TO KM 196.870 ON NH- 75 PKG SEC-III,NHAI,,ROAD TRANSPORT AND HIGHWAYS,,2022-10,2022-10,2025-11,2025-11,,1390.77,1600.0,296.46,60.03,Ongoing,2025-01
OCMS-N24002055,,N24002055,FOUR LANING OF BASUKINATH- DEOGHAR SECTION OF NH-114A FROM KM 85.081 TO KM 130.240 UNDER NHDP PHASE-I,NHAI,,ROAD TRANSPORT AND HIGHWAYS,,2023-03,2023-03,2025-12,2025-12,,1444.94,1444.94,0.0,,Ongoing,2025-01
OCMS-N24002056,,N24002056,BHARATMALA PARIYOJANA OF BOKARO JAINA MORE - GOLA SECTION OF NH-320 FROM KM. 21.110 TO KM. 53.600 IN,NHAI,,ROAD TRANSPORT AND HIGHWAYS,,2020-06,2020-06,2025-06,2025-06,,964.64,964.64,373.92,40.03,Ongoing,2025-01
OCMS-N24002057,,N24002057,FOUR LANING OF MEHGAMA HANSDIHA SECTION OF NH-33 FROM EXISTING KM 41.900 TO 93.000 IN THE STATE OF J,NHAI,,ROAD TRANSPORT AND HIGHWAYS,,2022-12,2022-12,2025-05,2025-05,,1443.77,1443.77,0.0,,Ongoing,2025-01
OCMS-N24002058,,N24002058,ADDITIONAL STRUCTURES ON 6LGURGAON-JAIPUR SECTION OF NH-48 BETWEEN KM 42.700 TO KM 273.00,NHAI,,ROAD TRANSPORT AND HIGHWAYS,,2022-08,2022-08,2024-06,2025-03,,409.64,409.64,211.81,71.83,Ongoing,2025-01
OCMS-N24002059,,N24002059,2L NH-1 FROM KM 8.660 TO KM 33.775 (SUMBAL TO WAYUL) TO 4L DUAL CARRIAGEWAY NH STANDARD AS PART OF S,NHAI,,ROAD TRANSPORT AND HIGHWAYS,,2022-09,2022-09,2026-06,2026-12,,1183.6,1183.6,153.78,9.87,Ongoing,2025-01
OCMS-N24002060,,N24002060,DELHI AMRITSAR KATRA EXPRESSWAY (PHASE-II PKG XVIII) DEVELOPMENT AND UPGRADATION OF FOUR LANE ACCESS,NHAI,,ROAD TRANSPORT AND HIGHWAYS,,2023-03,2023-03,2025-11,2025-11,,1107.0,975.38,189.4,24.0,Ongoing,2025-01
OCMS-N24002061,,N24002061,4/6L ACCESS CONTROL EXPRESSWAY FROM DESIGN CHAINAGE KM 515.000 TO 528.300 (KUNJWANI TO SIDHRA SECTIO,NHAI,,ROAD TRANSPORT AND HIGHWAYS,,2022-08,2022-08,2025-06,2025-08,,2474.47,2894.74,809.19,24.8,Ongoing,2025-01
OCMS-N24002062,,N24002062,CONSTRUCTION OF 6- LANE BRIDGE AND ITS APPROACHES ACROSS RIVER GANGA AS PART OF PATNA RING ROAD (NH,NHAI,,ROAD TRANSPORT AND HIGHWAYS,,2023-03,2023-03,2027-09,2027-09,,3012.27,3012.27,44.34,3.64,Ongoing,2025-01
OCMS-N24002063,,N24002063,BALANCE WORK - WB-10 (GANDAK BRIDGE) KM 402.00 TO KM 440.00,DEVANPUR - KOTWA,,ROAD TRANSPORT AND HIGHWAYS,,2021-12,2021-12,2024-01,2025-06,,210.05,210.05,100.28,68.58,Ongoing,2025-01
OCMS-N24002064,,N24002064,PERMANENT RECTIFICATION OF 3 NOS. OF BLACK SPOTS IN PROJECT HIGHWAY NH-27 OF U.P BORDER - DEWAPUR,NHAI,,ROAD TRANSPORT AND HIGHWAYS,,2022-12,2022-12,2025-12,2025-12,,381.8,381.8,77.78,28.66,Ongoing,2025-01
OCMS-N24002065,,N24002065,4L GREENFIELD ALIGNMENT OF AMAS TO SHIVRAMPUR FROM 0.000 KM. TO 55.002 KM. OF NH 119 D (PKG-I),NHAI,,ROAD TRANSPORT AND HIGHWAYS,,2022-02,2022-02,2025-03,2025-03,,1390.92,1390.92,150.71,12.23,Ongoing,2025-01
OCMS-N24002066,,N24002066,4L GREENFIELD ALIGNMENT OF SHIVRAMPUR TO RAMNAGAR FROM KM. 55.002 TO KM. 109.300 OF NH 119 D (PKG- I,NHAI,,ROAD TRANSPORT AND HIGHWAYS,,2022-02,2022-02,2025-07,2025-07,,1494.31,1494.31,38.28,4.59,Ongoing,2025-01
OCMS-N24002067,,N24002067,BALANCE WORK OF 4L OF NAURADEHI SANCTUARY DE-SCOPED STRETCH OF HIRAN RIVER TO SINDOOR RIVER FROM KM.,NHAI,,ROAD TRANSPORT AND HIGHWAYS,,2021-01,2021-01,2023-07,2024-12,,178.18,178.18,161.64,84.39,Ongoing,2025-01
OCMS-N24002068,,N24002068,CONSTRUCTION OF 4-LANE FROM BARELA TO MANEGAON SECTION OF NH- 30 FROM DESIGN CH. 2.900 TO DESIGN CH.,NHAI,,ROAD TRANSPORT AND HIGHWAYS,,2022-12,2022-12,2025-03,2025-03,,652.33,652.33,307.86,57.04,Ongoing,2025-01
OCMS-N24002069,,N24002069,CONSTRUCTION OF ADDITIONAL 3 LANE WITH PAVED SHOULDER (DESIGN LENGTH 8.87 KM) AS REALIGNMENT OF BAKA,NHAI,,ROAD TRANSPORT AND HIGHWAYS,,2022-07,2022-07,2024-12,2024-12,,209.29,209.29,139.27,100.0,Ongoing,2025-01
OCMS-N24002070,,N24002070,INDORE - EDLABAD (PKG-II) [TEJAJINAGAR TO BALWARA],NHAI,,ROAD TRANSPORT AND HIGHWAYS,,2022-01,2022-01,2025-01,2025-01,,1162.8,1162.8,479.2,74.5,Ongoing,2025-01
OCMS-N24002071,,N24002071,4L OF INDORA CHOWK TO PACHPAOLI AND AGRASEN CHOWK - ASHOKA CHOWK,NHAI,,ROAD TRANSPORT AND HIGHWAYS,,2023-03,2023-03,2026-06,2026-06,,998.27,998.27,229.31,31.27,Ongoing,2025-01
OCMS-N24002072,,N24002072,IMPROVEMENT OF EXISTING ALIGNMENT OF PANDHARPUR TOWN PART BYPASSED SECTION FROM WAKHARI TO LORD VITT,NHAI,,ROAD TRANSPORT AND HIGHWAYS,,2022-07,2022-07,2025-10,2025-10,,150.21,150.21,20.08,2.0,Ongoing,2025-01
OCMS-N24002073,,N24002073,GARHMUKTESHWAR (KM. 83.200 OF NH- 24) TO MEERUT (KM. 9.860 OF NH-235) INCLUDING CONNECTOR TO NH-119,NHAI,,ROAD TRANSPORT AND HIGHWAYS,,2019-10,2019-10,2023-10,2024-06,,2068.99,2171.0,209.6,53.08,Ongoing,2025-01
OCMS-N24002074,,N24002074,WIDENING/DEVELOPMENT OF EXISTING NH-85 FROM KM 0.000 TO KM 124.636 SECTION TO 2L/@L+PS SECTION IN TH,NHAI,,ROAD TRANSPORT AND HIGHWAYS,,2022-08,2022-08,2025-06,2025-06,,1231.74,1231.74,209.15,25.2,Ongoing,2025-01
OCMS-N24002075,,N24002075,6L OF JODHPUR ROMANA (BATHINDA) - MANDI DABWALI (PUNJAB HARYANA BORDER) SECTION OF NH-54 FROM KM. 0.,NHAI,,ROAD TRANSPORT AND HIGHWAYS,,2020-12,2020-12,2025-08,2025-08,,757.13,757.0,246.51,94.0,Ongoing,2025-01
OCMS-N24002076,,N24002076,6L AMRITSAR-BATHINDA GREENFIELD SECTION FROM JN. WITH BHAGTA BHAI KA-BHADAUR ROAD NEAR DYALPURA BHAI,NHAI,,ROAD TRANSPORT AND HIGHWAYS,,2021-03,2021-03,2025-10,2026-06,,2029.17,2029.0,84.23,36.0,Ongoing,2025-01
OCMS-N24002077,,N24002077,CONSTRUCTION OF (I) 4-LANE HIGHWAY FROM VIDISHA TO HINOTIYA FROM KM. 0.000 TO KM. 27.000 (LENGTH=27,NHAI,,ROAD TRANSPORT AND HIGHWAYS,,2022-09,2022-09,2025-12,2025-12,,1000.63,1000.63,187.67,32.28,Ongoing,2025-01
OCMS-N24002078,,N24002078,REHABILITATION AND UP GRADATION FROM 4 TO 8 LANING OF CHANDIKHOLE PARADIP SECTION OF NH 53 FROM KM.,NHAI,,ROAD TRANSPORT AND HIGHWAYS,,2023-12,2023-12,2025-12,2025-12,,711.0,711.0,111.78,32.1,Ongoing,2025-01
OCMS-N24002079,,N24002079,REHABILITATION AND UP GRADATION FROM 4 TO 8 LANING OF CHANDIKHOLE PARADIP SECTION OF NH 53 FROM KM,NHAI,,ROAD TRANSPORT AND HIGHWAYS,,2023-12,2023-12,2025-12,2025-12,,742.25,742.25,149.56,35.65,Ongoing,2025-01
OCMS-N24002080,,N24002080,REHABILITATION AND UP GRADATION FROM 4 TO 8 LANING OF CHANDIKHOLE PARADIP SECTION OF NH 53 FROM KM,NHAI,,ROAD TRANSPORT AND HIGHWAYS,,2023-12,2023-12,2025-12,2025-12,,762.75,762.75,161.57,37.09,Ongoing,2025-01
OCMS-N24002081,,N24002081,3L MAJOR BRIDGE OVER RIVER BRAHMANI AT KM. 401.250 (DUBURI CHANDIKHOLE SECTION) OF NH 200 (NEW NH 5,NHAI,,ROAD TRANSPORT AND HIGHWAYS,,2022-08,2022-08,2025-01,2025-07,,153.61,153.61,14.22,33.14,Ongoing,2025-01
OCMS-N24002082,,N24002082,IMPROVEMENT OF GEOMETRICS OF THONDUPALLY TO KOTHUR FROM KM 22.300 TO KM 34.14 OF NH-44-RCW,NHAI,,ROAD TRANSPORT AND HIGHWAYS,,2022-02,2022-02,2024-09,2026-01,,541.58,541.58,20.82,,Ongoing,2025-01
OCMS-N24002083,,N24002083,FOUR LANING OF KARIMNAGAR- WARANGAL SECTION OF NH-563 FROM DESIGN CH.48.860 KM NEAR SH-1 CH.170.400 K,NHAI,,ROAD TRANSPORT AND HIGHWAYS,,2022-03,2022-03,2025-07,2025-07,,2146.86,2414.46,915.9,60.3,Ongoing,2025-01
OCMS-N24002084,,N24002084,4L OF THIRUMANGALAM TO VADUGAPATTI SECTION FROM KM 0.000 TO KM 36.000 OF NH-744,NHAI,,ROAD TRANSPORT AND HIGHWAYS,,2022-03,2022-03,2025-02,2025-03,,1076.97,1076.97,475.89,76.5,Ongoing,2025-01
OCMS-N24002085,,N24002085,WIDENING OF RAEBARELI TO PRAYAGRAJ SECTION FROM KM. 82.650 TO KM. 161.450 OF NH-30 AND LINK ROAD FRO,NHAI,,ROAD TRANSPORT AND HIGHWAYS,,2023-11,2023-11,2025-03,2025-03,,1470.93,1470.93,69.56,98.5,Ongoing,2025-01
OCMS-N24002086,,N24002086,CONSTRUCTION OF FOUR LANE HIGHWAY FORM GHAZIPUR BALLIA UP BIHAR STATE BORDER (GREENFIELD) SECTION OF,NHAI,,ROAD TRANSPORT AND HIGHWAYS,,2022-10,2022-10,2025-07,2025-07,,1706.47,1706.47,719.13,53.5,Ongoing,2025-01
OCMS-N24002087,,N24002087,CONSTRUCTION OF FOUR LANE HIGHWAY FROM GHAZIPUR BALLIA UP BIHAR STATE BORDER (GREENFIELD) SECTION OF,NHAI,,ROAD TRANSPORT AND HIGHWAYS,,2022-10,2022-10,2025-10,2025-10,,1493.14,1493.14,93.3,40.9,Ongoing,2025-01
OCMS-N24002088,,N24002088,CONSTRUCTION OF FOUR LANE HIGHWAY FROM GHAZIPUR BALLIA UP BIHAR STATE BORDER (GREENFIELD) SECTION OF,NHAI,,ROAD TRANSPORT AND HIGHWAYS,,2022-10,2022-10,2025-08,2025-08,,1493.5,1493.5,492.86,38.17,Ongoing,2025-01
OCMS-N24002089,,N24002089,CONSTRUCTION OF FOUR LANE HIGHWAY FROM GHAZIPUR BALLIA UP BIHAR STATE BORDER GREENFIELD SECTION OF N,NHAI,,ROAD TRANSPORT AND HIGHWAYS,,2022-10,2022-10,2025-06,2025-06,,617.87,617.88,106.2,53.59,Ongoing,2025-01
OCMS-N24002090,,N24002090,CONSTRUCTION OF FOUR-LANE ?WESTERN SIDE SPUR OF RAMPUR- RUDRAPUR SECTION CONNECTING NH- 24 TO NH-87 BY,NHAI,,ROAD TRANSPORT AND HIGHWAYS,,2021-03,2021-03,2024-11,2025-04,,646.27,646.27,45.26,30.4,Ongoing,2025-01
OCMS-N24002091,,N24002091,6L ACCESS CONTROLLED LUDHIANA- BATHINDA GREENFIELD HIGHWAY FROM JN. WITH AMRITSAR-BATHANDA GREENFIELD,NHAI,,ROAD TRANSPORT AND HIGHWAYS,,2021-06,2021-06,2025-09,2026-05,,906.51,906.51,184.35,37.0,Ongoing,2025-01
OCMS-N24002092,,N24002092,6-LANE AMRITSAR-BATHINDA GREENFIELD SECTION OF NH-754A FROM JUNCTION WITH MOGA JALANDHAR ROAD (NH-70,NHAI,,ROAD TRANSPORT AND HIGHWAYS,,2021-03,2021-03,2025-10,2025-10,,1801.37,1801.37,892.68,26.6,Ongoing,2025-01
OCMS-N24002093,,N24002093,"IMPROVEMENT , UP-GRADATION OF NH- 734 SECTION OF MORADABAD - THAKURDWARA - KASHIPUR: ?PACKAGE- I: MORA",NHAI,,ROAD TRANSPORT AND HIGHWAYS,,2022-10,2022-10,2025-09,2025-09,,1841.92,1841.92,331.68,40.6,Ongoing,2025-01
OCMS-N24002094,,N24002094,"IMPROVEMENT AND UP-GRADATION OF EXISTING ROAD TO 4L PS FROM KM 123.650 TO 175.080, FROM START OF SHA",NHAI,,ROAD TRANSPORT AND HIGHWAYS,,2022-09,2022-09,2025-11,2025-11,,1212.26,1212.26,296.56,20.25,Ongoing,2025-01
OCMS-N24002095,,N24002095,FOUR LANING OF SONAULI GORAKHPUR SECTION OF NH 29E (NEW NH 24) FROM DESIGN CH. 0.000 TO DESIGN CH. 7,NHAI,,ROAD TRANSPORT AND HIGHWAYS,,2021-12,2021-12,2025-03,2025-03,,2555.5,2555.5,864.1,43.45,Ongoing,2025-01
OCMS-N24002096,,N24002096,CONSTRUCTION OF 4 LANE GREEN FIELD NORTHERN EAST SIDE GORAKHPUR BYPASS (26.616 KMS) STARTING FROM NH,NHAI,,ROAD TRANSPORT AND HIGHWAYS,,2023-02,2023-02,2026-01,2026-01,,1973.98,1973.98,652.14,30.25,Ongoing,2025-01
OCMS-N24002097,,N24002097,STRENGTHENING OF EXISTING 4L AYODHYA BYPASS SECTION FROM DESIGN KM.121.600 TO KM. 144.020 OF NH 28 (,NHAI,,ROAD TRANSPORT AND HIGHWAYS,,2023-02,2023-02,2025-09,2025-03,,526.45,526.45,157.94,68.85,Ongoing,2025-01
OCMS-N24002098,,N24002098,6L OF AMBALA-CHANDIGARH GREENFIELD SECTION FROM KM. 0.000 TO KM. 25.000 WITH 4L SPUR TO LALRU FROM K,NHAI,,ROAD TRANSPORT AND HIGHWAYS,,2022-03,2022-03,2025-10,2025-10,,1641.66,1641.66,116.0,37.0,Ongoing,2025-01
OCMS-N24002100,,N24002100,4L OF EXISTING BEAS ? BABA BAKALA - DERA BABA NANAK SECTION FROM START OF BATALA BYPASS TILL INTERSE,NHAI,,ROAD TRANSPORT AND HIGHWAYS,,2021-10,2021-10,2025-06,2025-06,,1003.38,1003.38,248.53,65.01,Ongoing,2025-01
OCMS-N24002101,,N24002101,4L OF BEAS-MEHTA-BATALA-DERA BABA NANAK FROM INTERSECTION WITH JALANDHAR-AMRITSAR HIGHWAY (NH-3) NEA,NHAI,,ROAD TRANSPORT AND HIGHWAYS,,2021-08,2021-08,2025-06,2025-12,,809.51,809.51,164.99,41.9,Ongoing,2025-01
OCMS-N24002102,,N24002102,DELHI-AMRITSAR-KATRA EXPRESSWAY (PHASE-I SPUR-I) FROM JN. WITH KAPURTHALA - SULTANPUR LODHI ROAD (NH,NHAI,,ROAD TRANSPORT AND HIGHWAYS,,2020-01,2020-01,2026-04,2027-04,,2165.23,2165.23,141.72,16.5,Ongoing,2025-01
OCMS-N24002103,,N24002103,COMPLETION OF BALANCE WORKS PENDING IN BIT AND PIECES (INCOMPLETE STRETCH AT 7 LOCATIONS) AND LISTED,NHAI,,ROAD TRANSPORT AND HIGHWAYS,,2022-09,2022-09,2025-01,2025-01,,166.52,166.52,44.07,75.16,Ongoing,2025-01
OCMS-N24002104,,N24002104,CONSTRUCTION OF RING ROAD AROUND KANPUR FROM KM.000 TO KM. 23.325 (CHACHENDI SACHENDI I TO MAHARAJPU,NHAI,,ROAD TRANSPORT AND HIGHWAYS,,2023-01,2023-01,2026-06,2026-06,,1754.0,1754.0,266.58,22.0,Ongoing,2025-01
OCMS-N24002105,,N24002105,CONSTRUCTION OF NEW 4 LANE PRAYAGRAJ SOUTHERN BYPASS (PHASE-I) FROM DESIGN KM 43+200 (AT MAHUWARI VI,NHAI,,ROAD TRANSPORT AND HIGHWAYS,,2023-08,2023-08,2026-06,2026-06,,1378.36,739.0,122.48,19.65,Ongoing,2025-01
OCMS-N24002106,,N24002106,CONSTRUCTION OF NEW 4 LANE PRAYAGRAJ SOUTHERN BYPASS FROM DESIGN KM 50.860 (NABABA URF NIBI KALA UPA,NHAI,,ROAD TRANSPORT AND HIGHWAYS,,2023-08,2023-08,2025-03,2025-03,,993.77,349.48,338.9,84.5,Ongoing,2025-01
OCMS-N24002107,,N24002107,CONSTRUCTION OF NEW DOUBLE TIER 4 LANE ELEVATED CORRIDOR FROM CHENNAI PORT TO MADURAVOYAL IN CHENNAI,NHAI,,ROAD TRANSPORT AND HIGHWAYS,,2023-03,2023-03,2026-05,2026-05,,1382.0,1382.0,0.0,,Ongoing,2025-01
OCMS-N24002108,,N24002108,CONSTRUCTION OF NEW DOUBLE TIER 4L ELEVATED CORRIDOR FROM CHENNAI PORT TO MADURAVOYAL IN CHENNAI DIS,NHAI,,ROAD TRANSPORT AND HIGHWAYS,,2023-03,2023-03,2026-05,2026-05,,1618.96,1618.96,0.0,,Ongoing,2025-01
OCMS-N24002109,,N24002109,CONSTRUCTION OF NEW DOUBLE TIER 4L ELEVATED CORRIDOR FROM CHENNAI PORT TO MADURAVOYAL IN CHENNAI DIS,NHAI,,ROAD TRANSPORT AND HIGHWAYS,,2023-03,2023-03,2026-05,2026-05,,1301.37,1301.37,0.0,,Ongoing,2025-01
OCMS-N24002110,,N24002110,CONSTRUCTION OF NEW DOUBLE TIER 4L ELEVATED CORRIDOR FROM CHENNAI PORT TO MADURAVOYAL IN CHENNAI DIS,NHAI,,ROAD TRANSPORT AND HIGHWAYS,,2023-03,2023-03,2026-05,2026-05,,1207.4,1207.4,0.0,,Ongoing,2025-01
OCMS-N24002111,,N24002111,FOUR LANING OF MUGAIYUR TO MARAKKANAM SECTION OF NH-332A FROM KM 31.000 TO KM 62.000,NHAI,,ROAD TRANSPORT AND HIGHWAYS,,2019-02,2019-02,2025-12,2025-12,,825.94,1116.13,223.99,30.31,Ongoing,2025-01
OCMS-N24002112,,N24002112,SIX LANING OF TUTICORIN PORT ROAD SECTION OF NH-7A (NEW NH-138) FROM KM 0.000 TO KM 6.140 [EFFECTIVE,NHAI,,ROAD TRANSPORT AND HIGHWAYS,,2023-03,2023-03,2024-07,2025-03,,200.3,200.3,72.69,71.04,Ongoing,2025-01
OCMS-N24002113,,N24002113,4L OF LEFT-OVER WORKS INCLUDING ADDITIONAL STRUCTURES FROM KERALA/TAMIL NADU BORDER TO KANYAKUMARI S,NHAI,,ROAD TRANSPORT AND HIGHWAYS,,2023-03,2023-03,2025-08,2025-08,,1141.78,1141.78,337.04,30.45,Ongoing,2025-01
OCMS-N24002114,,N24002114,4L OF VADUGAPATTI TO THERKUVENGANALLUR (RAJAPALYAM) SECTION FROM KM 36.000 TO KM 71.600 OF NH744 UND,NHAI,,ROAD TRANSPORT AND HIGHWAYS,,2022-02,2022-02,2025-04,2025-04,,1097.59,1317.06,655.62,91.44,Ongoing,2025-01
OCMS-N24002115,,N24002115,CONSTRUCTION OF MARIAHU BYPASS WITH FOUR LANE PAVED SHOULDER CONFIGURATION (KM.53.540 TO KM.59.200),MoRTH,,ROAD TRANSPORT AND HIGHWAYS,,2023-03,2023-03,2025-08,2025-08,,438.24,438.24,175.39,20.0,Ongoing,2025-01
OCMS-N24002116,,N24002116,REHABILITATION AND UPGRADATION FROM KM 51.600 TO KM 75.700 OF NH- 321G (NUHKHAS TO ETAH SECTION) TO T,MoRTH,,ROAD TRANSPORT AND HIGHWAYS,,2022-01,2022-01,2025-08,2025-08,,343.54,343.54,55.81,19.0,Ongoing,2025-01
OCMS-N24002117,,N24002117,UPGRADATION OF DHORAJI JAMKANDORNA KALAVAD SECTION OF NH 927D FROM DESIGN CHAINAGE KM 00 TO KM 58.11,MoRTH,,ROAD TRANSPORT AND HIGHWAYS,,2022-10,2022-10,2024-02,2026-02,,246.6,291.0,29.33,15.0,Ongoing,2025-01
OCMS-N24002118,,N24002118,UPGRADATION TO TWO LANE WITH PAVED SHULDER CONFIGUARATION FROM KM 00 TO 47 OF NH 351 MAHUVA TO BADHA,MoRTH,,ROAD TRANSPORT AND HIGHWAYS,,2022-12,2022-12,2024-02,2025-08,,173.06,219.0,0.15,,Ongoing,2025-01
OCMS-N24002119,,N24002119,REHABILITATION AND UPGRADATION TO 2 LANE WITH PAVED SHOULDER FROM DESIGN CHAINAGE KM 162.800 TO KM,BRO,,ROAD TRANSPORT AND HIGHWAYS,,2022-10,2022-10,2026-01,2026-01,,562.45,562.45,99.06,25.0,Ongoing,2025-01
OCMS-N24002120,,N24002120,CONSTRUCTION OF JASRA BYPASS WITH FOUR LANE PAVED SHOULDER CONFIGURATION FROM KM. 379.670 ON NH-76 (,MoRTH,,ROAD TRANSPORT AND HIGHWAYS,,2023-02,2023-02,2025-09,2025-09,,274.06,274.06,110.35,80.0,Ongoing,2025-01
OCMS-N24002121,,N24002121,IMPROVEMENT AND UP-GRADATION TO TWO LANE WITH PAVED SHOULDER CONFIGURATION FROM EXISTING KM. 420.00,MoRTH,,ROAD TRANSPORT AND HIGHWAYS,,2022-01,2022-01,2025-09,2025-09,,509.65,509.65,144.69,12.0,Ongoing,2025-01
OCMS-N24002122,,N24002122,6L ACCESS CONTROLLED GREENFIELD HIGHWAY FROM NARAYANMPET (CH. 203+500) TO CHANDRASEKHARPURAM (CH. 22,NHAI,,ROAD TRANSPORT AND HIGHWAYS,,2024-02,2024-02,2026-02,2026-02,,813.66,813.66,35.63,10.29,Ongoing,2025-01
OCMS-N24002123,,N24002123,6L ACCESS CONTROLLED GREENFIELD HIGHWAY FROM CHANDRASEKHARAPURAM (CH. 228+000) TO POLAVARAM (CH. 260,NHAI,,ROAD TRANSPORT AND HIGHWAYS,,2024-02,2024-02,2026-02,2026-02,,1292.65,1292.65,89.89,7.1,Ongoing,2025-01
OCMS-N24002124,,N24002124,6L ACCESS CONTROLLED GREENFIELD HIGHWAY FROM POLAVARAM (CH. 260+000) TO MARRIPUDI (CH. 285+500) OF [,NHAI,,ROAD TRANSPORT AND HIGHWAYS,,2024-02,2024-02,2026-02,2026-02,,747.29,747.29,73.63,10.5,Ongoing,2025-01
OCMS-N24002125,,N24002125,6L ACCESS CONTROLLED GREENFIELD HIGHWAY FROM MARRIPUDI (CH. 285+500) TO SOMAVARAPPADU (CH. 314+600),NHAI,,ROAD TRANSPORT AND HIGHWAYS,,2024-02,2024-02,2026-02,2026-02,,976.4,976.4,161.92,26.52,Ongoing,2025-01
OCMS-N24002126,,N24002126,6L ACCESS CONTROLLED GREENFIELD HIGHWAY FROM SOMAVARAPPADU (CH.314.600) TO MUPPAVARAM (CH.343+240) O,NHAI,,ROAD TRANSPORT AND HIGHWAYS,,2024-02,2024-02,2026-02,2026-02,,1103.89,1103.89,54.54,2.34,Ongoing,2025-01
OCMS-N24002127,,N24002127,SILCHAR VAIRENGTE SAIRANG ROAD PKG-1,NHIDCL,,ROAD TRANSPORT AND HIGHWAYS,,2023-02,2023-02,2026-07,2026-07,,1256.9,1256.9,432.39,23.03,Ongoing,2025-01
OCMS-N24002128,,N24002128,SILCHAR VAIRENGTE SAIRANG ROAD PKG-2,NHIDCL,,ROAD TRANSPORT AND HIGHWAYS,,2023-03,2023-03,2026-08,2026-08,,1716.21,1716.21,852.05,45.18,Ongoing,2025-01
OCMS-N24002129,,N24002129,FOUR LANNING OF BADARPUR BYPASS FROM DESIGN CHAINAGE KM 27+300 AT CROSSING WITH NH-6,NHIDCL,,ROAD TRANSPORT AND HIGHWAYS,,2023-02,2023-02,2026-08,2026-08,,574.26,574.26,221.01,36.99,Ongoing,2025-01
OCMS-N24002130,,N24002130,TAMENGLONG- MAHUR ROAD PKG-7,NHIDCL,,ROAD TRANSPORT,,,,,2026-03,,846.82,846.82,327.35,44.92,Ongoing,2025-01
OCMS-N24002131,,N24002131,UKHRUL TOLOI TADUBI PKG-2,NHIDCL,,ROAD TRANSPORT,,,,,2026-03,,578.98,578.98,94.21,40.9,Ongoing,2025-01
OCMS-N24002132,,N24002132,4 LANE WITH PAVED SHOULDER AGARTALA BYPASS (WESTERN SIDE) CONNECTING NH-8,NHIDCL,,ROAD TRANSPORT AND HIGHWAYS,,2023-03,2023-03,2027-03,2027-03,,2026.05,2026.05,0.0,4.25,Ongoing,2025-01
OCMS-N24002133,,N24002133,IMPROVEMENT OF 2 LANE WITH PAVED SHOULDER OF STRETCH FROM BIKRAMGANJ DAWATH MELAYABAGH NAWANAGR -DUM,MoRTH,,ROAD TRANSPORT AND HIGHWAYS,,2021-03,2021-03,2025-03,2025-06,,178.63,178.63,86.54,81.15,Ongoing,2025-01
OCMS-N24002134,,N24002134,REHABILITATION AND UP-GRADATION FROM KM. 0.000 TO KM. 40.390 OF NH- 730S (MAHARAJGANJ ? NICHLOUL ? TH,MoRTH,,ROAD TRANSPORT AND HIGHWAYS,,2023-03,2023-03,2025-12,2025-12,,809.25,809.25,190.86,12.0,Ongoing,2025-01
OCMS-N24002135,,N24002135,WIDENING AND STRENGTHENLNG TO 2L+PS FROM KM 0.000 TO 40.000 (DHAUGAON- PODAMARI SECTION) OF NH 326 I,MoRTH,,ROAD TRANSPORT AND HIGHWAYS,,2022-03,2022-03,2026-02,2026-02,,186.52,186.52,41.1,12.0,Ongoing,2025-01
OCMS-N24002136,,N24002136,WIDENING AND STRENGTHENING TO 4L+PS/2L+PS FROM KM 0.000 TO 35.800 (KUAKHIA - MANGALPUR SECTION) OF N,MoRTH,,ROAD TRANSPORT AND HIGHWAYS,,2022-03,2022-03,2026-02,2026-02,,636.1,636.1,216.63,16.66,Ongoing,2025-01
OCMS-N24002137,,N24002137,STRENGTHENING OF 6-LANE PIMPALGAON-NASHIK-GONDE (KM. 380 - KM. 440) SECTION OF NH-3 IN MAHARASHTRA U,NHAI,,ROAD TRANSPORT AND HIGHWAYS,,2024-02,2024-02,2025-03,2025-03,,175.0,175.0,144.18,76.0,Ongoing,2025-01
OCMS-N24002138,,N24002138,CONSTRUCTION OF FOUR LANE HIGHWAY WITH PAVED SHOULDER FROM KM.74.700 TO KM.112.950 OF NH- 731A (I/C Y,MoRTH,,ROAD TRANSPORT AND HIGHWAYS,,2022-03,2022-03,2026-06,2026-06,,1141.67,1141.67,297.62,23.0,Ongoing,2025-01
OCMS-N24002139,,N24002139,4-LANE WITH PAVED SHOULDERS FROM KM 32/0 TO KM 79/650 (DESIGN CHAINAGE KM 32+000 TO KM 78+760) PUTTA,MoRTH,,ROAD TRANSPORT AND HIGHWAYS,,2023-03,2023-03,2025-12,2025-11,,1318.57,1318.57,330.88,47.0,Ongoing,2025-01
OCMS-N24002140,,N24002140,SOMAYAJULAPALLI ? DHONE SECTION OF NH ? 340B FROM KM.0/0 TO 56/200 [DESIGN CH. KM 0/00 TO KM 53/33],MoRTH,,ROAD TRANSPORT AND HIGHWAYS,,2023-04,2023-04,2025-12,2025-12,,629.73,629.73,220.1,47.0,Ongoing,2025-01
OCMS-N24002141,,N24002141,2 LANE WITH PAVED SHOULDER CONFIGURATION FROM SEETHARAMAPURAM TO DUTTALURU SECTION OF NH-167 BG FROM,MoRTH,,ROAD TRANSPORT AND HIGHWAYS,,2023-06,2023-06,2025-07,2025-07,,364.07,364.07,193.87,85.0,Ongoing,2025-01
OCMS-N24002142,,N24002142,2-LANE WITH PAVED SHOULDER CONFIGURATION OF LAMBASINGI TO PADERU SECTION (KM 205+000 TO KM 253+974),MoRTH,,ROAD TRANSPORT AND HIGHWAYS,,2023-08,2023-08,2025-11,2025-11,,361.24,361.24,34.23,15.0,Ongoing,2025-01
OCMS-N24002143,,N24002143,BYPASS ROAD TO ADONI TOWN CONNECTING NH-167 (HAGARI - JADCHARLA ROAD) FROM KM.62/700 TO 71/400 IN KU,MoRTH,,ROAD TRANSPORT AND HIGHWAYS,,2023-08,2023-08,2026-02,2026-02,,361.24,361.24,76.08,35.0,Ongoing,2025-01
OCMS-N24002144,,N24002144,VODAREVU-CHILAKALURIPET SECTION (DESIGN CHAINAGE 0+00 TO 47+000) OF NH-167A (PACKAGE-I),MoRTH,,ROAD TRANSPORT AND HIGHWAYS,,2023-08,2023-08,2026-02,2026-02,,1064.24,1064.24,337.03,54.0,Ongoing,2025-01
OCMS-N24002145,,N24002145,TADIPATRI BYPASS (KM 0+000 TO KM 6+285) OF 4-LANE ON NH-67 IN ANANTAPURAMU,MoRTH,,ROAD TRANSPORT AND HIGHWAYS,,2023-11,2023-11,2026-03,2026-03,,159.66,159.66,60.76,64.0,Ongoing,2025-01
OCMS-N24002146,,N24002146,KURNOOL/KADAPA BORDER- JAMMALAMADUGU SECTION OF NH-167K I.E. DESIGN CH. KM 248+010 TO KM 269+900,MoRTH,,ROAD TRANSPORT AND HIGHWAYS,,2023-11,2023-11,2025-11,2025-11,,292.63,292.63,9.0,,Ongoing,2025-01
OCMS-N24002147,,N24002147,DORNALA TO KUNTA JUNCTION FROM DESIGN CHAINAGE KM 244+000 TO 267+990 SECTION OF NH-765 (PACKAGE- 2),MoRTH,,ROAD TRANSPORT AND HIGHWAYS,,2022-12,2022-12,2024-01,2026-03,,244.83,244.83,68.23,40.0,Ongoing,2025-01
OCMS-N24002148,,N24002148,PADERU BYPASS (KM 0+000 TO KM 13+000) OF 2- LANE WITH PAVED SHOULDER ON NH-516E,MoRTH,,ROAD TRANSPORT AND HIGHWAYS,,2023-03,2023-03,2024-03,2026-02,,244.43,244.43,22.77,,Ongoing,2025-01
OCMS-N24002149,,N24002149,DAVUALAPALLY TO MALLAPALEM SECTION {DESIGN CH. KM 133+922 TO KM 154+216 (EXISTING CH. KM 133+922 TO,MoRTH,,ROAD TRANSPORT AND HIGHWAYS,,2024-01,2024-01,2024-02,2026-02,,393.61,393.61,41.66,,Ongoing,2025-01
OCMS-N24002150,,N24002150,CONSTRUCTION OF BALRAMPUR BYPASS WITH 2L FLEXIBLE PAVEMENT CONFIGURATION FROM KM.223.000 OF NH-330 T,MoRTH,,ROAD TRANSPORT AND HIGHWAYS,,2022-12,2022-12,2026-02,2026-02,,515.69,515.69,140.62,13.0,Ongoing,2025-01
OCMS-N24002151,,N24002151,WIDENING TO 4L/4L+PS AND STRENGTHENING IN SELECTED STRETCHES FROM KM 0/8 TO 50/570 OF NH 532 INCLUD,MoRTH,,ROAD TRANSPORT AND HIGHWAYS,,2022-03,2022-03,2024-01,2025-07,,257.14,294.7,158.92,56.0,Ongoing,2025-01
OCMS-N24002152,,N24002152,WIDENING FROM 2L+PS TO 4L/4L+PS AND IMPROVEMENTS THE SELECTED STRETHCES FROM KM 26/5 - 81/2 INCLU,MoRTH,,ROAD TRANSPORT AND HIGHWAYS,,2023-03,2023-03,2023-11,2025-11,,274.84,274.84,206.02,86.0,Ongoing,2025-01
OCMS-N24002153,,N24002153,"STRENGTHENING OF 2L+PS FROM KM 17/8 ? 18/2, CONSTRUCTION OF 2L+PS FROM KM 18/2 TO KM 20/0 AND CONSTR",MoRTH,,ROAD TRANSPORT AND HIGHWAYS,,2023-03,2023-03,2024-02,2025-08,,169.68,169.68,72.62,47.0,Ongoing,2025-01
OCMS-N24002154,,N24002154,CONSTRUCTION OF 4-LANE PANCHGRAM BYPASS FROM DESIGN CHAINAGE KM 15+500 ON NH-37 (OLD NH-53) AT KALIN,NHIDCL,,ROAD TRANSPORT AND HIGHWAYS,,2023-03,2023-03,2027-02,2027-02,,728.97,728.97,168.22,19.24,Ongoing,2025-01
OCMS-N24002155,,N24002155,WIDENING/IMPROVEMENT TO 4-LANE WITH PAVED SHOULDER FROM KM 55+000 (NAGABANG GAMSUK) TO KM 82+514 (OY,NHIDCL,,ROAD TRANSPORT AND HIGHWAYS,,2023-03,2023-03,2027-03,2027-03,,665.47,665.47,75.08,3.21,Ongoing,2025-01
OCMS-N24002156,,N24002156,CONSTRUCTION OF 2-LANE WITH PAVED SHOULDER OF SHILLONG WESTERN BYPASS STARTING FROM NH- 06 NEAR LADUM,NHIDCL,,ROAD TRANSPORT AND HIGHWAYS,,2023-03,2023-03,2026-09,2026-09,,620.3,620.3,184.85,15.91,Ongoing,2025-01
OCMS-N24002157,,N24002157,SHILLONG WESTERN BYPASS PACKAGE- 2,NHIDCL,,ROAD TRANSPORT AND HIGHWAYS,,2023-03,2023-03,2026-09,2026-09,,686.0,686.0,255.1,10.09,Ongoing,2025-01
OCMS-N24002158,,N24002158,CONSTRUCTION OF 2-LANE WITH PAVED SHOULDERS OF SHILLONG WESTERN BYPASS STARTING FROM NH- 06 NEAR LADU,NHIDCL,,ROAD TRANSPORT AND HIGHWAYS,,2023-03,2023-03,2026-09,2026-09,,562.48,562.48,273.37,12.63,Ongoing,2025-01
OCMS-N24002159,,N24002159,REHABILITATION AND UP-GRADATION OF ROAD FROM DESIGN KM 25.250 TO KM 36.460 (TOTAL LENGH: 11.210 KM),NHIDCL,,ROAD TRANSPORT AND HIGHWAYS,,2020-02,2020-02,2026-03,2026-03,,174.43,174.43,0.52,1.31,Ongoing,2025-01
OCMS-N24002160,,N24002160,IMPROVEMENT AND WIDENING TO 2- LANE WITH PAVED SHOULDER OF ROAD FROM KM 101.300 TO KM 127.319 (TOTAL,NHIDCL,,ROAD TRANSPORT AND HIGHWAYS,,2024-01,2024-01,2026-07,2026-07,,431.78,431.78,7.67,14.16,Ongoing,2025-01
OCMS-N24002161,,N24002161,KHOWAI ?TELIAMURA-AMARPUR-HARINA- SABROOM PACKAGE-2,NHIDCL,,ROAD TRANSPORT,,2024-01,2024-01,2026-09,2026-09,,657.21,657.21,8.31,0.0,Ongoing,2025-01
OCMS-N24002162,,N24002162,KHOWAI ?TELIAMURA-AMARPUR-HARINA- SABROOM PACKAGE-3,NHIDCL,,ROAD TRANSPORT,,2024-01,2024-01,2026-09,2026-09,,670.9,670.9,0.0,0.0,Ongoing,2025-01
OCMS-N24002163,,N24002163,CONSTRUCTION FOR MITIGATION MEASURES KM 368.00-UTTARAKHAND- TO KM 433.00 ON NH-07-PKG-1,NHIDCL,,ROAD TRANSPORT AND HIGHWAYS,,2023-12,2023-12,2025-12,2025-12,,216.88,216.88,15.09,31.06,Ongoing,2025-01
OCMS-N24002164,,N24002164,CONSTRUCTION FOR MITIGATION MEASURES KM 450.00-UTTARAKHAND- TO KM 468.00 ON NH-07-PKG-3,NHIDCL,,ROAD TRANSPORT AND HIGHWAYS,,2023-12,2023-12,2025-12,2025-12,,250.33,250.33,18.41,37.0,Ongoing,2025-01
OCMS-N24002165,,N24002165,CONSTRUCTION OF BYPASS TO MADURAI - ACHAMBATHU - VIRATIPATHU IN KM 6/850 - 10/382 OF NH 49 EXTN. (NE,MoRTH,,ROAD TRANSPORT AND HIGHWAYS,,2022-03,2022-03,2026-08,2026-08,,238.97,260.07,56.53,13.0,Ongoing,2025-01
OCMS-N24002166,,N24002166,FOUR LANING OF RAGHOGARH (DESIGN CH.29.300/EXISTING CH. 29.555) TO NANASA (DESIGN CH.92.971/EXISTING,NHAI,,ROAD TRANSPORT AND HIGHWAYS,,2024-03,2024-03,2026-03,2026-03,,799.2,799.2,200.56,20.09,Ongoing,2025-01
OCMS-N24002167,,N24002167,UPGRADATION TO 2 LANE WITH PAVED SHOULDER OF HANUMANGARH TO KENCHIYAN OF NH 54 ON EPC MODE IN THE ST,MoRTH,,ROAD TRANSPORT AND HIGHWAYS,,2024-03,2024-03,2026-10,2026-10,,334.64,334.64,28.0,15.0,Ongoing,2025-01
OCMS-N24002168,,N24002168,UPGRADATION TO 2 LANE WITH PAVED SHOULDER FROM NEECHLI ODEN (NATHDWARA) AT DESIGN KM 88.800 TO BHATE,MoRTH,,ROAD TRANSPORT AND HIGHWAYS,,2023-03,2023-03,2026-10,2026-10,,606.61,606.61,36.0,6.0,Ongoing,2025-01
OCMS-N24002169,,N24002169,REHABILITATION/UPGRADATION OF EXISTING HIGHWAY TO 2L+PS/4 LANE OF DHAWALI TO RAJOLI FROM DESIGN KM.1,MoRTH,,ROAD TRANSPORT AND HIGHWAYS,,2022-03,2022-03,2025-09,2025-09,,316.44,316.44,0.0,,Ongoing,2025-01
OCMS-N24002170,,N24002170,REHABILITATION/ UPGRADATION OF EXISTING HIGHWAY TO FOUR LANE STANDARDS IN KURKHEDA TOWN FROM (KM.413,MoRTH,,ROAD TRANSPORT AND HIGHWAYS,,2022-03,2022-03,2025-05,2025-05,,163.86,163.86,0.0,,Ongoing,2025-01
OCMS-N24002171,,N24002171,REHABILITATION & UP-GRADATION FOR TALERE A?? GAGANBAWDAA?? KOLHAPUR ROAD (NH-166G) STRETCHES START F,MoRTH,,ROAD TRANSPORT AND HIGHWAYS,,2023-02,2023-02,2025-04,2025-04,,249.13,249.13,0.0,,Ongoing,2025-01
OCMS-N24002172,,N24002172,"UP-GRADATION TO 4 LANE CONFIGURATION FOR THE WORK OF PETH NAKA TO SANGLI ROAD, NH-166H, FROM KM 0+00",MoRTH,,ROAD TRANSPORT AND HIGHWAYS,,2023-02,2023-02,2025-12,2025-12,,856.82,856.82,0.0,,Ongoing,2025-01
OCMS-N24002173,,N24002173,REHABILITATION AND UP-GRADATION TO 2 LANE WITH PAVED SHOULDER CONFIGURATION OF MAHUD SANGOLA ROAD NH,MoRTH,,ROAD TRANSPORT AND HIGHWAYS,,2023-02,2023-02,2025-04,2025-04,,253.78,253.78,0.0,,Ongoing,2025-01
OCMS-N24002174,,N24002174,UP-GRADATION TO FOUR LANE/ TWO LANE WITH PAVED SHOULDERS CONFIGURATION OF KALYAN - MURBAD - MALSHEJ,MoRTH,,ROAD TRANSPORT AND HIGHWAYS,,2023-02,2023-02,2026-08,2026-08,,984.07,984.07,0.0,,Ongoing,2025-01
OCMS-N24002175,,N24002175,CONSTRUCTION OF FOUR-LANE CONCRETE ROAD FROM POLICE HEADQUARTER GONDIA CITY TO RAWANWADI VILLAGE (BI,MoRTH,,ROAD TRANSPORT AND HIGHWAYS,,2023-02,2023-02,2025-08,2025-08,,328.11,328.11,0.0,,Ongoing,2025-01
OCMS-N24002176,,N24002176,REHABILITATION/UP GRADATION OF KARANJA ? KHERDA - MURTIZAPUR SECTION TO 4LANE+PAVED SHOULDER STANDA,MoRTH,,ROAD TRANSPORT AND HIGHWAYS,,2023-03,2023-03,2026-02,2026-02,,594.44,594.44,0.0,,Ongoing,2025-01
OCMS-N24002177,,N24002177,REHABILITATION / UPGRADATION TO 4 LANE WITH PAVED SHOULDER OF EXISTING SECTION IN SILLOD TOWN WITH D,MoRTH,,ROAD TRANSPORT AND HIGHWAYS,,2023-03,2023-03,2025-07,2025-07,,153.79,153.79,0.0,,Ongoing,2025-01
OCMS-N24002178,,N24002178,"REHABILITATION, UPGRADATION & WIDENING OF EXISTING HIGHWAY TO RIGID PAVEMENT 2 LANE WITH PAVED SHOUL",MoRTH,,ROAD TRANSPORT AND HIGHWAYS,,2023-02,2023-02,2026-07,2026-07,,723.13,723.13,0.0,,Ongoing,2025-01
OCMS-N24002179,,N24002179,CONSTRUCTION OF 4 LANE WITH PAVED SHOULDER (PATTAN BYPASS) GREENFIELD BYPASS FROM EXISTING CH. KM 24,BRO,,ROAD TRANSPORT AND HIGHWAYS,,2023-03,2023-03,2026-07,2026-07,,980.21,980.21,300.02,8.0,Ongoing,2025-01
OCMS-N24002180,,N24002180,REHABILITATION AND UPGRADATION TO 2 LANE WITH PAVED SHOULDER FROM EXISTING CHAINAGE KM 166.100 TO KM,BRO,,ROAD TRANSPORT AND HIGHWAYS,,2021-09,2021-09,2026-07,2026-07,,734.64,734.64,19.6,8.0,Ongoing,2025-01
OCMS-N24002181,,N24002181,CONSTRUCTION OF SIX LANE ELEVATED CORRIDOR FROM KM. 508.000 TO KM. 513.150 INCLUDING APPROACHES ON N,MoRTH,,ROAD TRANSPORT AND HIGHWAYS,,2023-04,2023-04,2026-04,2026-04,,641.46,641.46,0.0,,Ongoing,2025-01
OCMS-N24002182,,N24002182,WORK OF DEVELOPMENT AND CONSTRUCTION OF ELEVATED CORRIDORFROM KM 38/660 TO KM 42/690 (ISCON JUNCTION,MoRTH,,ROAD TRANSPORT AND HIGHWAYS,,2023-03,2023-03,2026-03,2026-03,,530.2,530.2,0.0,,Ongoing,2025-01
OCMS-N24002183,,N24002183,"WIDENING 2 LANE TO 4-LANE FROM KM 92/320 TO KM 115/320 (VAV CHOKDI- SATLASANA TO TO VRUNDAVAN CHOKDI,",MoRTH,,ROAD TRANSPORT AND HIGHWAYS,,2022-03,2022-03,2026-03,2026-03,,151.13,171.0,0.0,,Ongoing,2025-01
OCMS-N24002184,,N24002184,CONSTRUCTION OR 4 LANE RANIGANJ BYPASS OF LENGTH 5 261 KM ON NH 60 NEW NH 14 FROM KM 273 00 OF NH,MoRTH,,ROAD TRANSPORT AND HIGHWAYS,,2023-03,2023-03,2026-03,2026-03,,410.83,410.83,117.72,17.0,Ongoing,2025-01
OCMS-N24002185,,N24002185,CONSTRUCTION OF 2 LANE WITH PAVED SHOULDERS (BARAMULLA BYPASS) GREENFIELD BYPASS FROM EXISTING CH. K,BRO,,ROAD TRANSPORT AND HIGHWAYS,,2023-03,2023-03,2026-09,2026-09,,992.43,992.43,338.33,,Ongoing,2025-01
OCMS-N24002186,,N24002186,WIDENING TO 2 LANE WITH PAVED SHOULDERS FROM DESIGN KM 103.200 (EXISTING KM 103.200) TO DESIGN KM 11,MoRTH,,ROAD TRANSPORT AND HIGHWAYS,,2024-03,2024-03,2025-09,2025-09,,166.58,166.58,3.62,,Ongoing,2025-01
OCMS-N24002187,,N24002187,CONSTRUCTION OF 2 LANE WITH PAVED SHOULDER FROM KM 55.6 TO KM 90.7 (EXISTING CHAINAGES) OF NH-766C (,MoRTH,,ROAD TRANSPORT AND HIGHWAYS,,2024-02,2024-02,2026-02,2026-02,,313.56,313.56,53.65,,Ongoing,2025-01
OCMS-N24002188,,N24002188,WIDENING TO 2L+PS FROM KM 71.00 TO 104.00 (EXISTING CHAINAGES) (SARJAPUR TO PATTADKALLU) ON BHANAPUR,MoRTH,,ROAD TRANSPORT AND HIGHWAYS,,2024-03,2024-03,2026-03,2026-03,,445.62,445.62,33.24,,Ongoing,2025-01
OCMS-N24002189,,N24002189,WIDENING TO TWO LANE WITH PAVED SHOULDERS FROM KM 0.00 (DESIGN CHAINAGE 0.00) TO KM 23.338 (DESIGN C,MoRTH,,ROAD TRANSPORT AND HIGHWAYS,,2024-09,2024-09,2026-03,2026-03,,196.05,196.05,2.34,,Ongoing,2025-01
OCMS-N24002190,,N24002190,CONSTRUCTION OF 4-LANE ACCESS CONTROLLED GREENFIELD HIGHWAY SECTION ON NH-163G (KHAMMAM- VIJAYAWADA),NHAI,,ROAD TRANSPORT AND HIGHWAYS,,2023-03,2023-03,2026-08,2026-08,,983.0,983.0,0.0,5.1,Ongoing,2025-01
OCMS-N24002191,,N24002191,CONSTRUCTION OF ROB AND ITS APPROACHES IN LIEU OF LEVEL CROSSING NO 10 B T AT KM 307 050 OF NH 60 B,MoRTH,,ROAD TRANSPORT AND HIGHWAYS,,2016-03,2016-03,2025-08,2025-08,,155.87,155.87,15.43,6.9,Ongoing,2025-01
OCMS-N24002192,,N24002192,REHABILITATION AND UP-GRADATION TO 4L CONFIGURATION AND STRENGTHENING OF THANPURI TO PAROR SECTION F,NHAI,,ROAD TRANSPORT AND HIGHWAYS,,2022-06,2022-06,2025-12,2025-12,,815.69,815.69,347.25,17.62,Ongoing,2025-01
OCMS-N24002193,,N24002193,CONSTRUCTION OF 4 LANE ROB AND ITS APPROACHES AT THE LEVEL OF CROSSING (L C NO. 29-B) OF KM 29 (EKAN,MoRTH,,ROAD TRANSPORT AND HIGHWAYS,,2023-03,2023-03,2026-07,2026-07,,201.08,201.08,10.34,10.0,Ongoing,2025-01
OCMS-N24002194,,N24002194,CONSTRUCTION OF 6-LANE ELEVATED / EXTRA DOSE CABLE BRIDGE ON RIVER GANGA PARALLEL TO AND WESTERN SID,MoRTH,,ROAD TRANSPORT AND HIGHWAYS,,2024-01,2024-01,2027-11,2027-11,,3064.45,3064.45,58.37,0.5,Ongoing,2025-01
OCMS-N24002195,,N24002195,ESTIMATE FOR IMPROVEMENT TO TWO LANE WITH PAVED SHOULDER FROM RAMNAGAR TO ROSEDA FROM (KM 3.500 TO 4,MoRTH,,ROAD TRANSPORT AND HIGHWAYS,,2022-01,2022-01,2026-04,2026-04,,495.16,495.16,94.41,6.5,Ongoing,2025-01
OCMS-N24002196,,N24002196,CONSTRUCTION OF BHABHUA BYPASS FROM CH. 10+800(DESIGN CH. 10+800) TO CH. 19+860 (DESIGN CH. 18+150),MoRTH,,ROAD TRANSPORT AND HIGHWAYS,,2022-02,2022-02,2026-03,2026-03,,179.86,179.86,21.75,,Ongoing,2025-01
OCMS-N24002197,,N24002197,IMPROVEMENT TO TWO LANE WITH PAVED SHOULDER FROM JUNCTION OF NH-22 NEAR HAJIPUR TO JUNCTION OF NH-12,MoRTH,,ROAD TRANSPORT AND HIGHWAYS,,2024-02,2024-02,2026-02,2026-02,,226.15,226.15,6.52,8.0,Ongoing,2025-01
OCMS-N24002198,,N24002198,IMPROVEMENT TO TWO LANE WITH PAVED SHOULDERS OF BH/WBBORDER- AMDABAD-MANIHARI SECTION FROM DESIGN KM,MoRTH,,ROAD TRANSPORT AND HIGHWAYS,,2022-01,2022-01,2026-03,2026-03,,353.27,353.27,24.44,,Ongoing,2025-01
OCMS-N24002199,,N24002199,WIDENING TO 4L RIGID PAVEMENT CONFIGURATION FROM KM 90.00 TO KM 100.800 OF NH-96 (KM 42.O TO KM 53.3,MoRTH,,ROAD TRANSPORT AND HIGHWAYS,,2022-12,2022-12,2026-11,2026-11,,309.63,309.63,3.62,,Ongoing,2025-01
OCMS-N24002200,,N24002200,BALANCE WORKS OF 4 LANE DIVIDED CARRIAGEWAY OF MISSING LINK SECTION OF NH-39 (REWA BYPASS) FROM JUNC,NHAI,,ROAD TRANSPORT AND HIGHWAYS,,2024-04,2024-04,2026-04,2026-04,,355.36,355.36,11.67,9.71,Ongoing,2025-01
OCMS-N24002201,,N24002201,IMPROVEMENT AND UP-GRADATION TO TWO LANE WITH PAVED SHOULDER/FOUR LANE CONFIGURATION FROM EXISTING K,MoRTH,,ROAD TRANSPORT AND HIGHWAYS,,2022-01,2022-01,2027-05,2027-05,,974.19,974.19,556.54,,Ongoing,2025-01
OCMS-N24002202,,N24002202,MARREM KHULLEN TO JESSAMI SECTION IMPHAL- UKHRUL - JESSAMI PKG-6 (DESIGN CHAINAGE KM 95.700 TO KM 14,NHIDCL,,ROAD TRANSPORT,,2023-03,2023-03,2026-12,2026-12,,554.66,554.66,0.0,0.0,Ongoing,2025-01
OCMS-N24002203,,N24002203,IMPHAL-KOHIMA ROAD PKG-4B,NHIDCL,,ROAD TRANSPORT AND HIGHWAYS,,,,,2026-06,,268.98,268.98,0.0,3.8,Ongoing,2025-01
OCMS-N24002204,,N24002204,ZORINPUI- HMAWNGBU-LONGMASU (NH- 502A),NHIDCL,,ROAD TRANSPORT,,2023-02,2023-02,2026-12,2026-12,,781.85,781.85,0.0,0.0,Ongoing,2025-01
OCMS-N24002205,,N24002205,CHAMPAK NAGAR TO KHAYERPUR SECTION (DESIGN KM 242+500 TO KM 261+610),NHIDCL,,ROAD TRANSPORT AND HIGHWAYS,,2023-12,2023-12,2026-09,2026-09,,920.66,920.66,10.6,5.2,Ongoing,2025-01
OCMS-N24002206,,N24002206,CONSTRUCTION FOR MITIGATION MEASURES PKG-2,NHIDCL,,ROAD TRANSPORT AND HIGHWAYS,,2023-12,2023-12,2026-06,2026-06,,259.64,259.64,0.0,,Ongoing,2025-01
OCMS-N24002207,,N24002207,MAJOR BRIDGE OVER MIDDLE STRAIT CREEK,NHIDCL,,ROAD TRANSPORT AND HIGHWAYS,,2024-12,2024-12,2026-02,2026-02,,371.8,207.99,0.0,1.3,Ongoing,2025-01
OCMS-N24002208,,N24002208,PACKAGE-3A,NHIDCL,,ROAD TRANSPORT AND HIGHWAYS,,,,2025-09,2025-09,,207.54,154.01,16.21,22.43,Ongoing,2025-01
OCMS-N24002209,,N24002209,PACKAGE-3B,NHIDCL,,ROAD TRANSPORT AND HIGHWAYS,,,,2025-11,2025-11,,183.47,183.47,0.0,,Ongoing,2025-01
OCMS-N24002210,,N24002210,WIDENING AND STRENGTHENING OF RAFIABAD-KUPWARA-CHOWKIBAL- TANGDHAR-CHAMKOT (NH-701) ROAD FROM DESIGN,BRO,,ROAD TRANSPORT AND HIGHWAYS,,2024-03,2024-03,2027-05,2027-05,,1404.94,1404.94,0.0,,Ongoing,2025-01
OCMS-N24002211,,N24002211,REHABILITATION AND UPGRADATION TO FOUR LANE ROAD FROM KM 70.500 TO KM 78.600 OF NH-92 UNDER EPC MODE,MoRTH,,ROAD TRANSPORT AND HIGHWAYS,,2022-01,2022-01,2027-01,2027-01,,296.02,296.02,24.72,,Ongoing,2025-01
OCMS-N24002212,,N24002212,WIDENING AND STRENGTHENING FROM DESIGN KM. 67.280 TO KM. 88.622 OF NH- 727A (SALEMPUR-MAIRWA ROAD) TO,MoRTH,,ROAD TRANSPORT AND HIGHWAYS,,2023-03,2023-03,2026-07,2026-07,,371.89,371.89,101.82,,Ongoing,2025-01
OCMS-N24002213,,N24002213,REHABILITATION and UP-GRADATION TO 2L+PS FROM KM. 0.0 TO KM. 7.80 AND KM. 35.400 TO KM. 52.345 (DESI,MoRTH,,ROAD TRANSPORT AND HIGHWAYS,,2023-03,2023-03,2026-07,2026-07,,701.02,701.02,233.36,,Ongoing,2025-01
OCMS-N25000072,,N25000072,JAL MARG VIKAS PROJECT,IWAI,,SHIPPING AND PORTS,,,,,2025-12,,5369.18,5061.15,3258.79,64.91,Ongoing,2025-01
OCMS-N26000114,,N26000114,PHASE-I OF CONSOLIDATION OF EXISTING CDR DATA CENTERS AND NIB- P3 DATA CENTERS WITH STATE OF THE ART,BSNL,,TELECOMMUNI CATIONS,,2020-03,2020-03,2021-06,2025-03,,461.42,461.42,165.04,81.0,Ongoing,2025-01
OCMS-N26000115,,N26000115,SUPER EDGE ROUTERS FOR BSNL INTERNET PROTOCOL - MULTI PROTOCOL LEBEL SWITCHING (IPMPLS) NETWORK and,BSNL,,TELECOMMUNI CATIONS,,2023-03,2023-03,2024-03,2025-02,,239.6,239.6,174.09,100.0,Ongoing,2025-01
OCMS-N26000116,,N26000116,MPLS-IP BASED ACCESS AND AGGREGATION NETWORK (MAAN) IN BSNL ALONG WITH TEST AND MEASURING EQUIPMENT,BSNL,,TELECOMMUNI CATIONS,,2023-05,2023-05,2024-08,2025-03,,645.13,645.13,330.4,85.63,Ongoing,2025-01
OCMS-N26000117,,N26000117,PLANNIN ENGINEERING SUPPLY INSTALLATION TESTING COMMISSIONING INTEGARTION and ANNUAL MAINTENANCE OF,BSNL,,TELECOMMUNI CATIONS,,2023-06,2023-06,2025-06,2025-06,,24556.35,24544.55,6098.44,78.16,Ongoing,2025-01
OCMS-N26000118,,N26000118,OPTICAL TRANSPORT NETWORK (OTN) PH-4 IN BSNL,BSNL,,TELECOMMUNI CATIONS,,2024-02,2024-02,2025-08,2025-08,,810.99,810.99,425.0,80.32,Ongoing,2025-01
OCMS-N28000056,,N28000056,DELHI MRTS PHASE-III,DMRC,,TELECOMMUNI CATIONS,,,,2016-03,2021-08,,38585.0,40180.91,40545.86,99.99,Ongoing,2025-01
OCMS-N28000058,,N28000058,BANGALORE METRO RAIL PROJECT PHASE-2,BMRCL,,URBAN DEVELOPMENT,,2014-02,2014-02,2021-02,2025-03,,26405.14,26405.14,20936.29,89.0,Ongoing,2025-01
OCMS-N28000067,,N28000067,2000 BOYS HOSTEL(1000 DOUBLE BEDDED ROOM) AT ISM DHANBAD,CPWD EDUCATION,,DEPARTMENT OF HIGHER EDUCATION,,2012-09,2012-09,2016-03,2016-03,,171.86,171.86,176.02,,Ongoing,2025-01
OCMS-N28000071,,N28000071,ESTABLISHMENT OF CENTRAL ARMED POLICE FORCE INSTITUTE OF MEDICAL SCIENCES(CAPFIMS) AT NEW DELHI,CPWD FOR MHA,,HOME AFFAIRS,,2013-10,2013-10,2019-10,2024-09,,1219.21,2091.53,1945.21,100.0,Ongoing,2025-01
OCMS-N28000086,,N28000086,MUMBAI METRO LINE 3 (COLABA- BANDRA-SEEPZ),MMRCL,,URBAN DEVELOPMENT,,2013-07,2013-07,2020-03,2023-12,,23136.0,37276.0,23687.33,87.2,Ongoing,2025-01
OCMS-N28000098,,N28000098,ESTABLISHMENT OF NATIONAL ANIMAL RESOURCE FACILITY FOR BIOMEDICAL RESEARCH AT HYDERABAD,CPWD FOR HEALTH,,HEALTH AND FAMILY WELFARE,,2016-10,2016-10,2020-03,2025-01,,209.84,281.05,252.39,97.5,Ongoing,2025-01
OCMS-N28000100,,N28000100,CONSTRUCTION OF ACADEMIC AND RESIDENTIAL COMPLEX UNDER PHASE- II FOR THE CAMPUS OF IIT PATNA,CPWD EDUCATION,,DEPARTMENT OF HIGHER EDUCATION,,2016-02,2016-02,2017-06,2024-01,,496.18,460.0,436.15,100.0,Ongoing,2025-01
OCMS-N28000104,,N28000104,NSG AT KOLKATA,CPWD FOR MHA,,HOME AFFAIRS,,,,2018-04,2025-08,,162.88,210.83,189.7,90.0,Ongoing,2025-01
OCMS-N28000105,,N28000105,REDEVELOPMENT OF GPRA COLONY AT NAUROJI NAGAR,NBCC,,TELECOMMUNI CATIONS,,2016-07,2016-07,,2024-10,,2694.0,2694.0,2402.68,98.0,Ongoing,2025-01
OCMS-N28000109,,N28000109,CONSTRUCTION OF 726 Nos RESIDENTIAL QUARTERS CHENNAI,CPWD FOR FINANC,,FINANCE,,2017-11,2017-11,2021-11,2022-11,,348.77,348.77,223.39,100.0,Ongoing,2025-01
OCMS-N28000112,,N28000112,C/O NEW HOSPITAL BLOCK FOR SREE CHITRA TIRUNAL INSTITIUTE OF MEDICAL SCIENCE AND TECHNOLOGY (SCTIMST,CPWD FOR HEALTH,,HEALTH AND FAMILY WELFARE,,2017-09,2017-09,2020-03,2024-11,,150.29,162.0,150.47,99.95,Ongoing,2025-01
OCMS-N28000115,,N28000115,SETTING UP PHYSICAL INFRASTRUCTURE FOR THE NATIONAL INSTITUTE OF COMMUNICATION FINANCE(NICF) AT GHIT,CPWD FOR TELECO,,TELECOMMUNI CATIONS,,2014-10,2014-10,2018-03,2025-03,,248.2,248.2,232.04,98.0,Ongoing,2025-01
OCMS-N28000117,,N28000117,"CONSTRUCTION OF IITB RESEARCH PARK AT IIT BOMBAY, POWAI, MUMBAI",CPWD EDUCATION,,DEPARTMENT OF HIGHER EDUCATION,,2018-01,2018-01,2020-07,2024-02,,223.37,230.0,141.16,100.0,Ongoing,2025-01
OCMS-N28000121,,N28000121,PUNE METRO RAIL PROJECT (PHASE 1),MMRC,,URBAN DEVELOPMENT,,,,,2024-09,,11420.0,13656.22,12908.85,100.0,Ongoing,2025-01
OCMS-N28000122,,N28000122,AHMEDABAD METRO RAIL PROJECT PHASE 1,AMR,,URBAN DEVELOPMENT,,2014-11,2014-11,2018-12,2025-05,,10773.0,12924.55,12408.71,99.85,Ongoing,2025-01
OCMS-N28000124,,N28000124,BHOPAL METRO RAIL,MPMRCL,,URBAN DEVELOPMENT,,,,2023-02,2028-06,,6941.4,6941.4,2692.56,38.25,Ongoing,2025-01
OCMS-N28000125,,N28000125,INDORE METRO RAIL,MPMRCL,,URBAN DEVELOPMENT,,,,2023-02,2028-12,,7500.8,7500.8,3425.69,49.85,Ongoing,2025-01
OCMS-N28000126,,N28000126,INDIAN INSTITUTE OF SCIENCE EDUCATION AND RESEARCH BERHAMPUR,CPWD EDUCATION,,DEPARTMENT OF HIGHER EDUCATION,,2019-01,2019-01,2022-03,2025-04,,790.79,790.79,685.11,95.0,Ongoing,2025-01
OCMS-N28000128,,N28000128,REDEVELOPMENT OF GENERAL POOL RESIDENTIAL COLONY AT SRINIWASPURI NEW DELHI PHASE-I,CPWD,,TELECOMMUNI CATIONS,,2016-10,2016-10,2021-07,2024-06,,1180.0,1100.8,36.69,2.0,Ongoing,2025-01
OCMS-N28000129,,N28000129,REDEVELOPMENT OF GPRA AT KASTURBA NAGAR PHASE I,CPWD,,TELECOMMUNI CATIONS,,2016-10,2016-10,2022-03,2024-06,,1128.0,1128.0,610.3,55.0,Ongoing,2025-01
OCMS-N28000130,,N28000130,CONSTRUCTION OF PERMANENT CAMPUS OF IIM JAMMU (PHASE 1),CPWD EDUCATION,,DEPARTMENT OF HIGHER EDUCATION,,2019-03,2019-03,2022-07,2025-01,,424.93,500.91,473.74,96.0,Ongoing,2025-01
OCMS-N28000131,,N28000131,CONSTRUCTION OF PERMANENT CAMPUS IIT JAMMU (PHASE 1C),CPWD EDUCATION,,DEPARTMENT OF HIGHER EDUCATION,,2018-01,2018-01,2023-04,2025-02,,676.0,1144.68,64.75,100.0,Ongoing,2025-01
OCMS-N28000134,,N28000134,DELHI GHAZIABAD MEERUT RRTS CORRIDOR,NCRTC,,URBAN DEVELOPMENT,,2019-03,2019-03,2025-06,2025-06,,30274.0,30274.0,23738.2,82.5,Ongoing,2025-01
OCMS-N28000135,,N28000135,DELHI METRO PHASE IV THREE PRIORITY CORRIDORS,DMRC,,TELECOMMUNI CATIONS,,2019-07,2019-07,2025-03,2026-03,,24948.65,24948.65,14291.87,60.52,Ongoing,2025-01
OCMS-N28000137,,N28000137,AHMEDABAD METRO RAIL PROJECT PHASE II,AMR,,URBAN DEVELOPMENT,,2019-03,2019-03,2024-03,2025-06,,5384.17,5384.17,3748.56,79.74,Ongoing,2025-01
OCMS-N28000138,,N28000138,SURAT METRO RAIL PROJECT,AMR,,URBAN DEVELOPMENT,,,,,2025-10,,12020.32,12020.32,5982.53,57.96,Ongoing,2025-01
OCMS-N28000140,,N28000140,"C/O PERMANENT CAMPUS OF IIT PALAKKAD PHASE IA AT PUDESSERY VILLAGE,KANJIKODE WEST, DISTRICT PALAKKA",CPWD EDUCATION,,DEPARTMENT OF HIGHER EDUCATION,,2019-07,2019-07,2021-03,2025-11,,753.63,753.63,412.37,66.0,Ongoing,2025-01
OCMS-N28000141,,N28000141,"C/O PERMANENT CAMPUS OF IIT BHILAI AT KUTHELABHATA, DURG CHHATTISGARH, STAGE I PHASE I.",CPWD EDUCATION,,DEPARTMENT OF HIGHER EDUCATION,,2020-03,2020-03,2022-07,2024-03,,808.62,808.62,879.22,100.0,Ongoing,2025-01
OCMS-N28000142,,N28000142,"CONSTRUCTION OF PERMANENT CAMPUS OF INDIAN INSTITUTE OF MANAGEMENT (IIM) AMRITSAR, PUNJAB.",CPWD EDUCATION,,DEPARTMENT OF HIGHER EDUCATION,,2019-10,2019-10,2022-05,2025-06,,348.24,348.24,279.64,89.0,Ongoing,2025-01
OCMS-N28000144,,N28000144,KANPUR METRO RAIL PROJECT,LMRCL,,URBAN DEVELOPMENT,,,,,2026-12,,11076.48,11076.48,8224.03,70.5,Ongoing,2025-01
OCMS-N28000145,,N28000145,AGRA METRO RAIL PROJECT,LMRCL,,URBAN DEVELOPMENT,,,,,2026-12,,8379.62,8379.62,4412.78,50.5,Ongoing,2025-01
OCMS-N28000146,,N28000146,CONSTRUCTION OF TWO NOS GIRLS HOSTELS AND ONE NO BOYS HOSTEL OF 500 CAPACITY EACH G PLUS 8 STOREYED,CPWD EDUCATION,,DEPARTMENT OF HIGHER EDUCATION,,2020-03,2020-03,2020-06,2024-05,,193.83,193.83,185.75,,Ongoing,2025-01
OCMS-N28000147,,N28000147,"C/o separate family accommodation (Phase- I) on EPC basis for SSB at Faridabad (Haryana)""",CPWD FOR MHA,,HOME AFFAIRS,,2020-01,2020-01,2023-10,2025-03,,166.98,170.23,123.85,90.0,Ongoing,2025-01
OCMS-N28000148,,N28000148,PATNA METRO RAIL CORPORATION LIMITED,PATNA METRO RAI,,URBAN DEVELOPMENT,,2019-02,2019-02,2024-06,2024-09,,13365.77,13925.5,2849.65,42.0,Ongoing,2025-01
OCMS-N28000149,,N28000149,CONSTRUCTION729 QUARTERS (TYPE II- 180 TYPE III-364 TYPE IV-112 TYPE V-68 TYPE-VI-5 SHOPS COMMUNI,CPWD,,URBAN DEVELOPMENT,,2019-05,2019-05,2020-09,2024-10,,299.97,299.97,256.87,86.0,Ongoing,2025-01
OCMS-N28000150,,N28000150,C/O AIIMS AT AWANTIPORA (KASHMIR) JAMMU AND KASHMIR,CPWD FOR HEALTH,,HEALTH AND FAMILY WELFARE,,2019-03,2019-03,2025-09,2025-11,,1828.0,1577.0,1201.19,61.5,Ongoing,2025-01
OCMS-N28000151,,N28000151,BANGALORE METRO RAIL PROJECT LIMITED. PHASE. 2A AND 2B,BMRCL,,URBAN DEVELOPMENT,,2021-06,2021-06,2026-06,2026-06,,14788.1,14788.1,2424.04,30.0,Ongoing,2025-01
OCMS-N28000153,,N28000153,"CONSTRUCTION OF 184 MULTI STORIED FLATS FOR HON'BLE MPS AT BKS MARG, NEW DELHI",CPWD,,TELECOMMUNI CATIONS,,2022-01,2022-01,2024-11,2025-05,,646.52,646.52,380.65,82.0,Ongoing,2025-01
OCMS-N28000154,,N28000154,CONSTRUCTION OF PERMANENT CAMPUS OF CENTRAL UNIVERSITY OF HIMACHAL PRADESH AT DEHRA AND JADRANGAL (D,CPWD,,URBAN DEVELOPMENT,,2022-04,2022-04,2024-11,2024-11,,512.34,512.34,0.0,,Ongoing,2025-01
OCMS-N28000155,,N28000155,NAGPUR METRO RAIL PROJECT PHASE II,NMRCL,,URBAN DEVELOPMENT,,2022-12,2022-12,2027-12,2027-12,,6708.0,6708.0,548.89,17.13,Ongoing,2025-01
OCMS-N28000156,,N28000156,REDEVELOPMENT OF GPRA AT NETAJI NAGAR NEW DELHI PACKAGE 2,NBCC,,TELECOMMUNI CATIONS,,2016-10,2016-10,2024-03,2025-03,,1536.72,1536.72,412.06,83.01,Ongoing,2025-01
OCMS-N28000157,,N28000157,PCMC NIGDI PROJECT EXTENSION OF CORRIDOR 1 OF PUNE METRO PHASE 1,MMRC,,URBAN DEVELOPMENT,,2023-10,2023-10,2027-01,2027-01,,910.18,910.18,40.54,9.1,Ongoing,2025-01
OCMS-N28000158,,N28000158,KOCHI METRO RAIL PROJECT PHASE II FROM JLN STADIUM TO INFOPARK VIA KAKKANAD,KMRCL,,URBAN DEVELOPMENT,,2018-07,2018-07,2026-11,2026-11,,1957.05,1957.05,2.81,,Ongoing,2025-01
OCMS-N28000159,,N28000159,KOCHI METRO RAIL PROJECT PHASE IB SECTION FROM S N JUNCTION TO THRIPUNITHURA,KMRCL,,URBAN DEVELOPMENT,,2019-06,2019-06,2023-09,2023-09,,355.7,448.33,1.64,,Ongoing,2025-01
OCMS-N28000160,,N28000160,PUNE METRO PHASE-1 EXTENSION FROM SWARGATE TO KATRAJ,MMRC,,URBAN DEVELOPMENT,,2024-09,2024-09,2029-03,2029-03,,2954.53,2954.53,1.9,1.0,Ongoing,2025-01
OCMS-N30000002,,N30000002,POLAVARAM IRRIGATION PROJECT,PPA,,WATER RESOURCES,,,,,2026-03,,10151.04,55548.87,21670.32,77.0,Ongoing,2025-01
OCMS-N30000004,,N30000004,INTERCEPTION AND DIVERSION WITH STP AT RISHIKESH,UKJalNigam,,WATER RESOURCES,,2017-03,2017-03,2019-11,2022-02,,158.0,158.0,107.86,100.0,Ongoing,2025-01
OCMS-N30000006,,N30000006,"INTERCEPTION, DIVERSION AND TREATMENT WORKS FOR NAINI DISTRICT G PHAPHAMAU DISTRICT F AND JHUSI AREA",UPJalNigam,,WATER RESOURCES,,2017-05,2017-05,2021-09,2023-06,,767.59,767.59,276.97,100.0,Ongoing,2025-01
OCMS-N30000008,,N30000008,FARRUKHABAD I AND D AND STP WORKS HAM,UPJalNigam,,WATER RESOURCES,,2017-10,2017-10,2022-03,2024-11,,213.62,261.12,177.62,100.0,Ongoing,2025-01
OCMS-N30000010,,N30000010,STP AT PANKHA KANPUR AND INTEGRATION WITH EXISTING STPS,UPJalNigam,,WATER RESOURCES,,2018-03,2018-03,2021-09,2023-07,,967.23,967.23,254.98,100.0,Ongoing,2025-01
OCMS-N30000013,,N30000013,"INTERCEPTION AND DIVERSION WORKS WITH STP AT BAREILLY, UTTAR PRADESH",UPJalNigam,,WATER RESOURCES,,2019-03,2019-03,2021-08,2024-07,,271.39,271.39,182.26,100.0,Ongoing,2025-01
OCMS-N30000014,,N30000014,CONSTRUCTION OF 564 MLD 124 MGD WASTE WATER TREATMENT PLANT WITH EFFLUENT STANDARDS OF BOD ? 10MG/L,DJB,,TELECOMMUNI CATIONS,,2017-03,2017-03,2022-12,2024-12,,665.78,665.78,782.51,96.0,Ongoing,2025-01
OCMS-N30000015,,N30000015,REHABILITATION AND UP-GRADATION OF PHASE I STP 182 MLD R2,DJB,,TELECOMMUNI CATIONS,,2016-05,2016-05,2021-12,2024-02,,211.79,211.79,208.71,100.0,Ongoing,2025-01
OCMS-N30000016,,N30000016,REHABILITATION AND UPGRADATION OF KONDLI PHASE I STP 45 MLD PHASE II STP 114 MLD AND PHASE III S,DJB,,TELECOMMUNI CATIONS,,2016-05,2016-05,2022-02,2023-07,,239.11,239.11,268.13,100.0,Ongoing,2025-01
OCMS-N30000017,,N30000017,CONSTRUCTION OF 318 MLD WWTP WITH 10 YEARS O AND M AT CORONATION PILLAR DELHI,DJB,,TELECOMMUNI CATIONS,,2018-12,2018-12,2021-01,2022-03,,515.07,515.07,388.08,100.0,Ongoing,2025-01
OCMS-N30000019,,N30000019,MATHURA SEWERAGE SCHEME,UPJalNigam,,WATER RESOURCES,,,,,2022-06,,460.45,460.45,315.3,100.0,Ongoing,2025-01
OCMS-N30000021,,N30000021,INTERCEPTION AND DIVERSION WORKS AND STP AT MUZAFFARNAGAR UTTAR PRADESH,UPJalNigam,,WATER RESOURCES,,2019-01,2019-01,2021-12,2024-12,,231.79,234.03,141.79,96.0,Ongoing,2025-01
OCMS-N30000022,,N30000022,INTERCEPTION AND DIVERSION WORKS AND SEWAGE TREATMENT PLANT AT JAUNPUR UTTAR PRADESH,UPJalNigam,,WATER RESOURCES,,2019-01,2019-01,2021-10,2023-07,,206.05,206.05,140.22,100.0,Ongoing,2025-01
OCMS-N30000024,,N30000024,SEWERAGE SCHEME INTERCEPTION AND DIVERSION WITH STP WORKS AT MEERUT UTTAR PRADESH,UPJalNigam,,WATER RESOURCES,,2019-02,2019-02,2022-06,2025-12,,681.78,690.71,13.34,,Ongoing,2025-01
OCMS-N30000025,,N30000025,INTERCEPTION AND DIVERSION WORKS WITH STP AT LUCKNOW UTTAR PRADESH,UPJalNigam,,WATER RESOURCES,,2019-03,2019-03,2021-07,2024-09,,298.12,240.93,103.24,100.0,Ongoing,2025-01
OCMS-N30000026,,N30000026,SEWER NETWORK SPS AND STP BEGUSARAI,BUIDCO,,URBAN DEVELOPMENT,,2018-03,2018-03,2021-07,2024-12,,230.06,230.06,237.44,96.0,Ongoing,2025-01
OCMS-N30000027,,N30000027,I AND D AND STP WORKS FOR BHAGALPUR,BUIDCO,,URBAN DEVELOPMENT,,2017-10,2017-10,2020-09,2025-02,,254.13,413.29,120.95,85.0,Ongoing,2025-01
OCMS-N30000028,,N30000028,I AND D AND STP AT CHAPPRA,BUIDCO,,URBAN DEVELOPMENT,,,,,2024-02,,236.15,236.15,150.75,100.0,Ongoing,2025-01
OCMS-N30000032,,N30000032,INTERCEPTION AND DIVERSION WITH STP AT MAHESHTALA,KMDA,,STEEL,,2018-05,2018-05,2022-02,2025-03,,198.43,286.97,75.85,88.0,Ongoing,2025-01
OCMS-N30000034,,N30000034,INTERCEPTION DIVERSION TREATMENT WORKS AT TOLLYS NULLAH ADI GANGA,KMDA,,STEEL,,2017-08,2017-08,2022-09,2026-12,,307.12,653.67,0.0,,Ongoing,2025-01
OCMS-N30000035,,N30000035,SEWER NETWORKS SPS AND STP HAJIPUR,BUIDCO,,URBAN DEVELOPMENT,,2018-03,2018-03,2021-08,2025-06,,305.19,305.19,323.73,92.0,Ongoing,2025-01
OCMS-N30000036,,N30000036,"SEWER NETWORKS, SPS AND STP, MUNGER",BUIDCO,,URBAN DEVELOPMENT,,2018-03,2018-03,2021-10,2024-06,,294.02,522.85,414.52,100.0,Ongoing,2025-01
OCMS-N30000037,,N30000037,SEWERAGE SYSTEM WITH SEWER NETWORK PATNA BEUR,BUIDCO,,URBAN DEVELOPMENT,,2014-12,2014-12,2020-03,2022-06,,225.77,398.9,363.79,100.0,Ongoing,2025-01
OCMS-N30000039,,N30000039,SAIDPUR SEWER NETWORK PATNA,BUIDCO,,URBAN DEVELOPMENT,,,,,2022-06,,268.63,493.85,490.14,100.0,Ongoing,2025-01
OCMS-N30000040,,N30000040,SEWERAGE SCHEME AT PAHARI ZONE V PATNA,BUIDCO,,URBAN DEVELOPMENT,,2017-05,2017-05,2021-04,2023-02,,356.37,356.37,312.3,100.0,Ongoing,2025-01
OCMS-N30000042,,N30000042,INTERCEPTION AND DIVERSION WITH STP AT HUGHLY-CHINSURAH,KMDA,,STEEL,,2018-05,2018-05,2022-02,2025-03,,160.0,154.73,87.35,89.0,Ongoing,2025-01
OCMS-N30000043,,N30000043,SEWERAGE TREATMENT PLANT AT PAHARI PATNA,BUIDCO,,URBAN DEVELOPMENT,,2017-05,2017-05,2020-11,2022-05,,191.62,191.62,123.56,100.0,Ongoing,2025-01
OCMS-N30000044,,N30000044,SEWERAGE SYSTEM WITH SEWER NETWORK PATNA KARMALICHAK,BUIDCO,,URBAN DEVELOPMENT,,2017-03,2017-03,2021-05,2023-02,,277.42,277.42,355.31,100.0,Ongoing,2025-01
OCMS-N30000045,,N30000045,"INTERCEPTION, DIVERSION AND TREATMENT WORKS AT HOWRAH",KMDA,,STEEL,,2017-08,2017-08,2021-12,2024-02,,185.22,185.22,49.99,100.0,Ongoing,2025-01
OCMS-N30000046,,N30000046,SEWERAGE SYSTEM AND STP WORKS AT HALISHAHR,KMDA,,STEEL,,2014-02,2014-02,2019-12,2022-06,,274.76,332.56,278.02,100.0,Ongoing,2025-01
OCMS-N30000047,,N30000047,SEWERAGE SYSTEM WITH SEWER NETWORK AT BARRACKPORE,KMDA,,STEEL,,2014-12,2014-12,2020-04,2022-06,,272.32,272.32,307.73,100.0,Ongoing,2025-01
OCMS-N30000048,,N30000048,"INTERCEPTION, DIVERSION AND TREATMENT WORKS AT BARANAGAR AND KAMARAHATI",KMDA,,STEEL,,2018-01,2018-01,2021-12,2024-02,,172.1,172.1,47.2,100.0,Ongoing,2025-01
OCMS-N30000049,,N30000049,INTERCEPTION AND DIVERSION WITH STP AT BALLY,KMDA,,STEEL,,2017-10,2017-10,2021-12,2024-02,,164.93,164.93,45.45,100.0,Ongoing,2025-01
OCMS-N30000050,,N30000050,SEWERAGE SYSTEM AND STP FOR KANKARBAG ZONE PATNA,BUIDCO,,URBAN DEVELOPMENT,,2017-08,2017-08,2022-06,2025-12,,578.89,578.89,158.41,48.0,Ongoing,2025-01
OCMS-N30000051,,N30000051,"SEWERAGE SYSTEM AND STP FOR DIGHA ZONE, PATNA",BUIDCO,,URBAN DEVELOPMENT,,2017-08,2017-08,2022-06,2025-12,,824.0,824.0,377.18,50.0,Ongoing,2025-01
OCMS-N38000001,,N38000001,CENTRE FOR DISABILITY SPORTS,CPWD,,SOCIAL JUSTICE,,,,,2024-03,,170.99,170.99,73.8,74.0,Ongoing,2025-01
OCMS-N40000001,,N40000001,NATIONAL INDUSTRIAL CORRIDOR PROJECT,DMIC FOR DPIIT,,DPIIT,,2011-09,2011-09,2027-03,2027-03,,20084.0,20084.0,11217.21,50.99,Ongoing,2025-01
OCMS-N40000002,,N40000002,INDIA INTERNATIONAL CONVENTION AND EXPO CENTRE,IICC FOR DPIIT,,DPIIT,,2017-11,2017-11,2019-12,2024-11,,4773.0,5401.0,4895.41,99.5,Ongoing,2025-01
OCMS-N42000001,,N42000001,CONSTRUCTION AND DEVELOPMENT OF NATINAL INSTITUTE OF TECHNOLOGY MEGHALAYA PERMANENT CAMPUS AT SOHRA,RITES OF HIGHER,,DEPARTMENT OF HIGHER EDUCATION,,2013-09,2013-09,2014-09,2024-07,,484.32,429.7,289.55,75.8,Ongoing,2025-01
OCMS-N42000002,,N42000002,"CONSTRUCTION OF PERMANENT CAMPUS FOR NATIONAL INSTITUTE OF TECHNOLOGY GOA AT CUNCOLIM, GOA.",CPWD EDUCATION,,DEPARTMENT OF HIGHER EDUCATION,,2019-05,2019-05,2021-08,2024-12,,303.9,390.4,364.0,93.0,Ongoing,2025-01
OCMS-N42000005,,N42000005,CONSTRUCTION OF PERMANENT CAMPUS FOR INDIAN INSTITUTE OF TECHNOLOGY TIRUPATI AT MERLAPAKA VILLAGE YE,CPWD EDUCATION,,DEPARTMENT OF HIGHER EDUCATION,,2019-02,2019-02,2020-06,2020-06,,655.34,655.34,366.21,95.0,Ongoing,2025-01
OCMS-N42000006,,N42000006,"CONSTRUCTION OF PERMANENT CAMPUS FOR INDIAN INSTITUTE OF TECHNOLOGY, DHARWAD (PHASE 1A)",CPWD EDUCATION,,DEPARTMENT OF HIGHER EDUCATION,,2019-07,2019-07,2022-03,2023-03,,851.0,851.0,888.66,,Ongoing,2025-01
OCMS-N42000007,,N42000007,"CONSTRUCTION OF PERMANENT CAMPUS FOR IISER AT JANGALAPALLI VILLAGE, YERPEDU MANDAL, CHITTOOR DISTRIC",CPWD EDUCATION,,DEPARTMENT OF HIGHER EDUCATION,,2019-09,2019-09,2022-09,2024-06,,588.72,656.39,666.18,100.0,Ongoing,2025-01
OCMS-N42000008,,N42000008,ESTABLISHMENT OF PERMANENT CAMPUS PHASE 1 OF IIM SIRMAUR,CPWD EDUCATION,,DEPARTMENT OF HIGHER EDUCATION,,2018-09,2018-09,2022-06,2025-06,,392.51,446.43,312.13,90.6,Ongoing,2025-01
OCMS-N42000009,,N42000009,PERMANENT CAMPUS FOR IIM BODH GAYA,CPWD EDUCATION,,DEPARTMENT OF HIGHER EDUCATION,,2018-09,2018-09,2020-09,2025-03,,375.0,375.0,333.45,99.6,Ongoing,2025-01
OCMS-N42000010,,N42000010,ADDITIONAL INFRASTRUCTURE AT IISC BANGALORE SH RCC MONOLITHIC FOR MEN WOMEN HOSTEL,CPWD,,DEPARTMENT OF HIGHER EDUCATION,,2021-08,2021-08,2024-02,2024-11,,316.25,316.25,333.42,94.0,Ongoing,2025-01
OCMS-N42000011,,N42000011,CONSTRUCTION OF PERMANENT CAMPUSES OF CENTRAL UNIVERSITY OF HIMACHAL PRADESH AT DEHRA AND DHARAMSHAL,CPWD,,DEPARTMENT OF HIGHER EDUCATION,,2021-03,2021-03,2024-11,2025-07,,512.37,300.45,113.35,63.0,Ongoing,2025-01
OCMS-N44000002,,N44000002,"CONSTRUCTION OF SIKKIM UNIVERSITY CAMPUS PHASE-I, PACKAGE -II AT YANGANG SOUTH SIKKIM",Sikkim Universi,,DEPARTMENT OF HIGHER EDUCATION,,2020-08,2020-08,2025-01,2024-12,,314.06,303.55,157.24,0.0,Ongoing,2025-01
OCMS-N45000002,,N45000002,CONSTRUCTION OF HEADQUARTER BUILDING OF CRPF AT LODHI ROAD NEW DELHI,CPWD FOR MHA,,HOME AFFAIRS,,2019-06,2019-06,2022-07,2025-09,,277.35,277.35,97.05,58.0,Ongoing,2025-01
OCMS-N45000003,,N45000003,CONSTRUCTION OF 683 VARIOUS TYPE FAMILY QUARTERS AT GROUP CENTRE CRPF CHANDAULI,CPWD FOR MHA,,HOME AFFAIRS,,2019-05,2019-05,2022-01,2023-03,,199.31,199.31,86.49,85.0,Ongoing,2025-01
